lemma,freq_rank,level
peu,71,A1
comme,73,A1
revenir,108,A1
quoi,118,A1
coup,119,A1
mieux,120,A1
gens,121,A1
oeil,133,A1
tant,144,A2
rentrer,155,A1
nouveau,174,A1
ton,176,A2
changer,189,A1
occuper,190,A1
chambre,196,A1
écrire,197,A1
longtemps,198,A1
loin,206,A1
long,225,A1
suite,231,A1
importer,236,A2
depuis,256,A2
imaginer,266,A1
retourner,268,A1
revoir,270,A1
coeur,290,A1
autant,302,A2
haut,313,A2
près,319,A1
suffire,320,A2
servir,332,A1
reprendre,336,A1
meilleur,365,A1
ailleurs,374,A1
voici,376,A1
dehors,377,A1
emmener,384,A1
promettre,392,A1
autour,394,A1
second,415,B1
vendre,423,A1
début,441,A1
devant,443,A1
ouvert,450,A2
intéresser,459,A1
gars,478,A2
mener,482,A2
film,486,A1
travers,497,A2
sentiment,515,A1
debout,535,A2
aucun,551,A2
traverser,567,A1
selon,571,A1
vide,574,A1
remarquer,579,A1
bateau,580,A1
dessus,582,A2
hors,592,B1
pire,611,A1
proche,617,A1
danser,627,A1
prévoir,630,A1
utiliser,633,A1
charger,660,A2
centre,666,A1
public,676,B1
rêver,689,A1
nu,698,A2
frais,715,A1
victime,721,B1
dégager,726,C1
cadeau,729,A1
bar,738,A1
ferme,740,A2
étranger,746,A1
sonner,749,A1
contact,752,A2
retard,762,A1
île,770,A1
remonter,788,A1
moindre,798,B1
forcer,812,A1
régler,813,A1
mètre,828,A1
au-dessus,832,A1
lourd,861,A1
plaindre,863,A2
rien,876,A1
nul,887,A1
repartir,902,A1
priver,905,B1
hasard,907,A2
rouler,913,A1
écraser,920,A2
enfermer,925,A1
certainement,931,A1
bref,934,B1
remplacer,940,A1
dedans,941,A1
pardon,949,A1
défense,950,A2
lors,956,B1
réaliser,957,A1
costume,974,A2
transformer,980,A1
organiser,989,A1
voisin,991,A1
déjeuner,1005,A1
nuit,1008,A1
armer,1013,A1
livrer,1024,B1
oser,1034,A2
parfaitement,1039,A2
entreprendre,1044,B1
concerner,1051,B1
croiser,1063,A2
respect,1073,A2
rare,1076,B1
marquer,1078,A1
saint,1090,A2
maintenir,1104,C1
danse,1111,A1
lendemain,1116,A1
charmant,1119,A1
arrière,1130,B1
veste,1195,A1
planter,1199,A1
liste,1201,B1
autrement,1203,B1
troupe,1206,A2
jaune,1212,A1
dépendre,1213,B1
précis,1218,B1
enfance,1221,A1
château,1232,A1
fouiller,1234,A1
attente,1241,A2
commettre,1254,B1
cesse,1256,B1
là-haut,1257,A2
nettoyer,1259,A1
vieil,1275,A2
instant,1277,A2
joindre,1278,A2
entourer,1293,A2
patte,1294,A2
millier,1297,A2
humeur,1305,A1
rater,1313,A2
approche,1315,B1
court,1319,A1
fondre,1321,B1
là-dedans,1333,A2
feu,1334,A1
rapprocher,1341,A1
promesse,1349,B1
soudain,1355,B1
pointe,1359,B1
centaine,1365,A2
dollar,1367,B1
faveur,1373,A1
oeuvre,1381,A2
extérieur,1390,A2
saluer,1392,A1
innocent,1395,A1
résoudre,1402,B1
kilomètre,1411,A1
total,1417,A1
meurtre,1437,B1
échanger,1443,A1
chute,1453,B1
par,1456,A2
louer,1467,A1
cabinet,1473,A2
foncer,1477,A1
briller,1478,A1
superbe,1479,A1
oeuf,1487,A1
pendant,1497,C2
veiller,1503,B1
rang,1513,B1
masque,1515,A1
franchement,1522,B1
cracher,1526,A2
opposer,1531,B1
secouer,1546,A2
totalement,1547,A2
gaz,1550,C1
prière,1551,A1
mal,1553,A1
patient,1555,A1
suspect,1559,B2
bal,1566,A1
angle,1570,A1
excellent,1575,A1
compliquer,1581,A1
envers,1583,B1
bel,1592,A2
incapable,1596,A2
majesté,1597,A1
parti,1609,A1
imposer,1610,B1
nouvel,1617,B1
rempli,1642,B1
plaisanter,1643,A1
renverser,1659,A2
rideau,1664,A2
transporter,1677,A1
bague,1680,A2
repérer,1683,B1
mouiller,1691,A2
tempête,1702,A2
placard,1705,A2
explosion,1719,B1
final,1723,C1
lecture,1744,A1
digne,1746,B1
violer,1748,B1
endormi,1750,B1
témoigner,1752,A2
écoute,1762,A1
bêtise,1773,A1
vente,1787,A2
brun,1788,A1
correspondre,1789,A2
université,1795,A1
pourri,1800,B1
métal,1806,A1
royal,1808,A1
franc,1825,A2
gêne,1827,C2
saigner,1843,B1
populaire,1861,A1
profondément,1864,A2
approuver,1872,C1
rock,1882,A1
enregistrer,1886,A1
redevenir,1890,A2
détacher,1895,A2
uniquement,1905,B1
outil,1907,B1
associer,1916,A2
tarder,1929,B1
familier,1931,A2
nager,1932,A1
statue,1954,A2
évidence,1956,B1
classique,1972,A2
douer,1981,A2
comportement,1991,B1
habitant,2002,A1
renseignement,2005,A1
découvert,2011,B2
ouverture,2012,A1
absent,2016,C1
repasser,2019,A2
kilo,2020,A1
envoler,2022,A2
disparition,2034,A2
muscle,2038,C1
poster,2040,B1
tire,2072,B1
idéal,2074,A1
secteur,2078,B1
défiler,2079,C1
cuire,2094,A1
par-dessus,2097,A2
aura,2106,C1
percer,2118,B1
remarque,2143,A1
adulte,2153,A1
récent,2162,A2
voiler,2190,C2
pâle,2198,A1
sincère,2200,A1
essentiel,2204,B1
cendre,2217,B2
réveil,2222,A1
désigner,2234,B2
indien,2245,A1
censé,2252,B1
star,2256,A2
aimable,2257,A1
possession,2271,A2
déborder,2287,A2
album,2288,A1
buter,2297,C1
angoisse,2300,B1
romain,2315,A1
roman,2318,B2
émission,2330,A2
tracer,2342,B1
ténèbres,2344,B1
mondial,2348,A1
clore,2350,B1
aérien,2355,B2
complice,2356,A1
criminel,2358,B2
conviction,2374,C1
dizaine,2378,A2
extrêmement,2393,B1
plier,2395,A2
personnellement,2411,B1
dalle,2412,A1
fichu,2413,B1
honorer,2425,A1
sujet,2428,A2
déconner,2435,B1
pilule,2445,B1
misérable,2450,A1
voeu,2454,A1
efficace,2472,B1
administration,2474,B1
exercer,2479,B1
orage,2481,A2
noël,2485,B1
ouvrier,2494,A2
tu,2508,A1
égard,2512,B1
capital,2518,C1
méfier,2536,A2
jean,2542,A1
critique,2547,A2
saut,2549,B1
laid,2551,A2
ambition,2552,B1
trahison,2567,A1
villa,2570,A2
aéroport,2575,A1
communiste,2580,B2
probable,2599,B1
marin,2605,C1
reproduire,2608,C1
reprocher,2613,B1
chauffer,2626,A2
officier,2628,A2
raccompagner,2643,A2
casquette,2650,A1
hanche,2651,B2
salaud,2652,C2
bond,2677,A2
immédiat,2680,B1
impressionnant,2682,A2
unir,2685,B1
écouler,2686,A2
choquer,2692,A2
dater,2703,A1
atterrir,2704,B1
policier,2708,A2
réfugier,2729,B1
découper,2739,C1
adorable,2740,A1
panne,2741,A2
opéra,2747,A1
ras,2751,C1
brûlant,2764,A2
descente,2765,B1
orange,2771,A1
jusque-là,2788,B1
estime,2791,C1
ultime,2800,B2
plan,2810,B1
fausser,2820,C2
luire,2829,A1
correct,2841,A2
foire,2868,B1
certitude,2871,C1
dorer,2876,A1
maternel,2878,A1
girl,2879,B1
argument,2887,C1
évacuer,2891,B1
naïf,2896,B1
tireur,2910,C1
hommage,2911,A2
pyjama,2914,A1
classer,2915,B1
bouge,2919,A1
engin,2922,B1
noix,2929,A1
barreau,2933,B1
sieste,2943,A1
partage,2949,B2
uniforme,2950,B2
fermeture,2961,A1
man,2965,C2
flotter,2981,B1
brise,2986,C2
ambassade,2987,A1
extraire,2994,B1
litre,2996,A1
borne,3004,A1
passionner,3027,A1
plaquer,3028,C1
rituel,3036,C1
consister,3042,B1
constamment,3046,A2
obséder,3053,B1
routine,3058,C1
directeur,3072,C2
balai,3074,A1
accompli,3077,B1
quête,3080,B1
établissement,3085,A2
issu,3088,B1
wagon,3093,A2
musical,3096,A1
massif,3107,C1
décorer,3112,A1
téléphonique,3117,A1
reparler,3118,A2
déplaire,3119,B1
objection,3123,C1
mûr,3128,C1
quitte,3136,C2
littéralement,3137,A2
redescendre,3145,A2
allier,3152,C2
fouille,3153,B1
ralenti,3158,C1
dépit,3162,B1
scolaire,3164,A1
for,3170,C1
clandestin,3173,B2
renaître,3187,B1
faciliter,3200,C1
murmure,3216,A2
amiral,3218,B1
progresser,3221,A2
soulagement,3224,B2
pâté,3226,A1
confusion,3246,C1
toutefois,3247,B1
golf,3260,A1
fiancer,3266,C2
lover,3276,B1
entrevoir,3279,B2
suisse,3281,A1
fringue,3282,B1
coupure,3287,B2
passager,3288,C1
coiffer,3293,A1
contrairement,3294,A2
bizarrement,3304,A2
moi,3311,A1
cassette,3314,B2
municipal,3316,A2
arroser,3320,A2
parlant,3324,B1
impatience,3325,A1
drôlement,3326,A1
largement,3330,B1
gémissement,3335,B1
officiellement,3346,B2
appui,3347,C2
fuser,3348,C1
inverse,3351,B2
ravissant,3356,A2
représentation,3359,B1
destination,3362,A1
postal,3365,B2
paralyser,3366,C1
menteur,3367,A1
alibi,3371,A1
indépendant,3376,A1
manifester,3383,B1
jungle,3385,A2
porteur,3386,B1
cerf,3387,A2
strict,3396,B2
portant,3400,B2
énormément,3401,A2
bavarder,3407,A1
séparation,3408,B1
étudiant,3416,A1
sportif,3426,A1
pousse,3436,A2
reporter,3448,B1
loyer,3455,A2
square,3465,A1
contribuer,3466,B1
prolonger,3470,C2
excès,3486,B1
nazi,3496,B1
précision,3498,B1
cran,3510,C2
larguer,3517,B1
admirable,3519,A1
cultiver,3522,A1
torche,3524,B2
archive,3525,B1
terrifiant,3527,A1
discrétion,3534,B2
caserne,3536,A2
disciple,3544,B1
jambon,3546,A2
discrètement,3554,B1
activer,3563,C2
impérial,3569,B1
finance,3591,B1
baptiser,3595,B1
planque,3597,B1
distraction,3601,B1
tentation,3602,C1
présentation,3608,B1
joueur,3610,B2
slip,3611,B2
bâtard,3616,B2
rouiller,3618,B2
monstrueux,3619,B1
exploit,3628,B1
roulant,3635,B2
vachement,3647,B2
fouetter,3648,B1
fourmi,3649,B1
protecteur,3650,B2
cool,3652,A1
exceller,3658,B1
vulnérable,3659,C1
invasion,3662,C1
pub,3669,B1
sonore,3674,B1
to,3680,B2
saute,3692,A1
volet,3694,A2
clin,3696,B1
honnêtement,3697,C2
collectif,3700,B1
bourgeois,3704,A1
agrandir,3706,A2
montant,3708,C2
fortement,3711,A2
grognement,3712,C2
river,3715,B2
africain,3718,A1
accoucher,3726,A1
ironique,3737,A2
rafraîchir,3740,A1
relais,3741,C1
donne,3743,A2
permanence,3749,B1
exemplaire,3757,C1
abriter,3768,A1
couver,3769,B1
considération,3772,B1
solaire,3773,A1
nourri,3777,B2
insinuer,3781,B2
flacon,3782,B2
coco,3784,C1
révolutionnaire,3786,A2
gérer,3792,B1
équiper,3794,A2
emprisonner,3795,C1
cave,3800,A1
refléter,3801,B1
cheminer,3804,B2
réciter,3808,B2
corvée,3809,B2
sanglot,3816,B2
automatique,3817,B2
physiquement,3818,A2
impuissant,3825,B1
conséquent,3836,B1
ère,3839,B1
serre,3840,B1
battant,3842,B2
fureur,3853,B1
éclair,3854,A2
relire,3855,B1
fascinant,3857,B1
souterrain,3858,B1
souriant,3864,A1
murmurer,3875,A2
imprévisible,3888,C1
sceller,3899,B2
accumuler,3901,B1
stock,3908,B2
carrer,3911,B1
alentour,3912,A2
souple,3923,A2
cardiaque,3926,C2
triple,3930,C1
légion,3935,A2
funèbre,3940,B2
traîne,3943,A2
correctement,3946,A2
excessif,3949,B1
pensant,3950,B1
épingle,3958,A2
attache,3962,A1
scotch,3969,B2
idole,3972,B1
est,3975,A1
toubib,3982,B2
redonner,3995,A1
bruire,4000,A2
gifler,4001,B2
librement,4005,A1
transmission,4006,B2
clientèle,4015,A2
bijou,4017,A1
droguer,4020,C2
concession,4034,B1
opter,4035,C1
vingtaine,4038,B1
puant,4040,B2
nègre,4046,B1
calmement,4058,B1
miner,4062,C1
saisi,4063,B2
recruter,4065,B2
provisoire,4066,A2
fasciner,4067,C1
repère,4076,B1
anormal,4077,C2
rigueur,4082,B1
gaspiller,4084,B1
récompenser,4086,A2
élargir,4093,C2
déchaîner,4094,B1
van,4104,B2
natal,4106,A2
chaleureux,4111,A1
détailler,4128,B2
fibre,4129,B1
trêve,4141,B2
dicter,4142,B1
trébucher,4147,C2
primitif,4159,B1
improviser,4160,C1
solde,4165,A1
cordon,4170,C2
cuit,4171,B2
stable,4172,B1
gangster,4173,C2
baisse,4177,B1
nettoyage,4182,A2
pizza,4185,A1
inverser,4190,C1
flash,4194,A2
aveugler,4205,A2
escorte,4209,B1
border,4212,C1
indigne,4219,C1
constitution,4221,A2
embrasse,4223,A2
fan,4240,A1
manuel,4244,A2
errant,4251,B2
reconstruire,4254,C1
rassurant,4255,B2
confidentiel,4256,C2
mexicain,4259,A1
encercler,4260,C2
manège,4263,B2
ingrat,4268,C2
secrètement,4275,A2
rouvrir,4279,B1
ficeler,4280,C2
invoquer,4288,B2
cartouche,4305,B2
diplomatique,4315,C2
verdict,4321,A2
raisonner,4329,A1
do,4331,A1
choeur,4334,A1
couture,4338,B1
chuter,4345,B2
étrangement,4347,B2
primaire,4364,B2
violemment,4366,A2
sixième,4368,B2
monseigneur,4369,A2
célébrité,4373,B1
passionnant,4379,A1
grimace,4384,A1
bilan,4385,B1
coulisse,4387,B1
paperasse,4390,B2
nicher,4396,C1
informe,4398,B2
mitrailleur,4406,B2
déformer,4409,C2
matinal,4411,B1
résonner,4415,B1
jaillir,4416,C2
prime,4418,B1
pascal,4425,B1
sensibilité,4429,B1
scrupule,4432,B2
purée,4435,A1
robot,4436,A2
acquis,4439,B2
agonie,4441,B2
lacet,4444,B2
lady,4446,B1
exotique,4448,A1
naval,4455,B2
altesse,4457,A1
émerger,4458,C1
trentaine,4462,A2
décisif,4471,C1
durement,4473,B1
basculer,4477,C1
dédier,4479,B1
enrichir,4480,A2
alimentaire,4485,B1
difficilement,4487,A2
armement,4489,B1
bombarder,4491,B2
irrésistible,4493,B2
arrivant,4498,C1
tournant,4511,A2
parquet,4513,B1
iris,4518,C1
cantine,4521,A1
rêveur,4522,A2
étinceler,4532,B1
élégance,4542,A2
différemment,4560,A2
chalet,4561,B1
scandaleux,4563,B2
crétin,4574,B2
proprement,4575,C1
imminent,4584,B2
location,4589,B1
mijoter,4590,B2
tic,4591,A2
jacques,4596,B2
stupéfiant,4598,B2
femelle,4599,B1
morsure,4601,B2
courtoisie,4604,C1
ignorant,4605,B2
crisser,4606,B2
ressemblance,4616,B2
préférable,4618,C1
instable,4620,B1
baptême,4626,B2
moteur,4627,C1
démonter,4638,B2
froc,4640,B2
contredire,4644,B1
voyageur,4648,A2
imprévu,4650,C1
incroyablement,4652,B2
enquêter,4653,B2
bien-aimé,4654,B1
présumer,4658,B2
meute,4659,C2
couronner,4664,B1
mi,4665,A1
adjoindre,4680,C1
gorger,4681,B2
grandiose,4683,B2
désarmer,4689,B1
déléguer,4691,B1
après-demain,4698,A1
déprimer,4699,A2
immobilier,4701,A1
réapparaître,4703,A2
relâche,4710,B2
interprétation,4714,B1
initier,4726,A2
via,4733,B2
brutalement,4734,A1
intriguer,4737,A2
bourbon,4739,B2
obscène,4740,B2
cirer,4741,A2
restant,4742,B2
tabouret,4758,A2
revendre,4759,A1
parisien,4763,A2
recourir,4768,C1
crâne,4770,C1
show,4781,C2
formalité,4788,A1
biche,4791,A2
palace,4797,A2
radieux,4808,B2
crèche,4815,A1
opportunité,4817,B1
contacter,4819,A1
maths,4827,A1
spécialiser,4832,A1
tacher,4835,A1
slogan,4840,B1
lucide,4841,C1
cil,4848,A2
influencer,4849,B2
lavabo,4852,A2
abominable,4853,B2
égorger,4861,B1
baser,4863,B1
déboucher,4864,B1
surnommer,4865,B1
tester,4871,A2
exigeant,4872,C1
flanquer,4877,C1
croissant,4879,C1
inhumain,4880,A2
augmentation,4884,B1
ascension,4888,A2
indistinct,4896,B2
immobiliser,4898,B2
reconstituer,4904,C1
principalement,4916,A1
maniaque,4917,C2
roc,4919,A1
trouer,4920,A2
blues,4924,C2
sauvetage,4925,B1
poisser,4926,B2
fabrication,4929,C1
indifférence,4931,A2
câlin,4934,C2
avatar,4935,B2
vigueur,4938,B1
chocolat,4945,A1
interdiction,4948,B1
tank,4958,B2
élémentaire,4960,C2
pet,4966,B2
ring,4974,B2
indéfiniment,4981,C1
motard,4985,A2
rédaction,4986,A1
taverne,4987,B1
précédemment,4990,B2
bestiole,4991,B2
raciste,4996,C1
chantant,4997,B2
ration,5007,C1
tors,5008,B2
improbable,5009,B2
orienter,5018,B1
supplément,5020,A2
prudemment,5021,B1
yacht,5023,B2
varier,5027,A1
cynique,5031,B2
aspiration,5039,B1
roser,5044,A1
fluide,5046,C1
gibier,5049,B2
dénicher,5051,B1
hémorragie,5062,B2
temporaire,5063,B1
saouler,5065,B2
succomber,5066,B2
colorer,5067,A1
forge,5069,B1
distant,5075,B1
irruption,5084,B1
simplicité,5091,A2
tombant,5092,B1
cale,5093,C1
fournisseur,5098,C1
involontaire,5102,C1
dirigeant,5105,B2
pesant,5106,C1
triompher,5107,B1
fracas,5110,B2
routier,5112,A2
fourni,5113,B1
emménager,5114,B1
top,5115,B1
pique-nique,5116,A1
retentir,5120,A2
rival,5134,A2
séminaire,5139,B1
rosir,5140,B2
tâter,5144,B2
bouffe,5149,C2
furtif,5154,C1
nettement,5156,B1
intégrité,5159,C2
sainteté,5160,B2
argentin,5162,A1
publicitaire,5165,C1
résurrection,5166,B1
mark,5167,B2
annuel,5170,A2
solo,5174,B1
lourdement,5178,A2
divertissement,5179,C1
hurlant,5192,B2
descendant,5193,A2
encadrer,5194,B1
trier,5196,B1
rebondir,5200,A2
vocal,5204,A2
hystérique,5208,C2
parfumer,5209,B2
mentalement,5210,B2
administrer,5213,B2
méfiant,5214,B2
plonge,5220,C2
bail,5224,B2
encouragement,5225,C2
minéral,5237,A1
refouler,5238,B1
gâchis,5239,B2
osseux,5242,C2
socialiste,5244,B1
prenant,5249,A2
entre-temps,5254,C1
vanne,5255,B2
gourmand,5256,B1
passif,5263,A1
rincer,5265,C1
consolation,5267,C1
brigadier,5272,A2
infecter,5275,C1
rallumer,5292,A2
sérénité,5294,C1
alias,5300,B2
führer,5305,B2
tournage,5309,A1
délégation,5310,C2
plantation,5315,B1
fraîcheur,5317,A2
contradiction,5320,C2
raisonnement,5321,B2
souffrant,5324,B2
grouper,5327,A2
ferrer,5328,B2
tarif,5334,B1
dansant,5337,B2
sultan,5340,B1
périmètre,5342,C1
chronique,5345,B1
fédéral,5347,B1
inaperçu,5349,B2
bronzer,5351,A1
curer,5357,C2
caser,5360,B2
flocon,5366,B2
transpercer,5374,C1
muraille,5387,B1
épater,5388,A2
intercepter,5394,B2
courbe,5396,C1
esquiver,5399,B2
foirer,5400,B2
mobiliser,5406,B1
bûche,5407,A1
mention,5416,C1
universitaire,5417,A1
croissance,5419,B1
aiguiser,5422,B1
réviser,5426,A1
opiner,5427,B2
miraculeux,5434,C2
radar,5436,C1
trafiquer,5437,B2
bistrot,5442,A1
restriction,5445,C1
injecter,5447,C1
replonger,5449,B2
cacheter,5450,C2
pro,5455,A2
yaourt,5458,A1
trafiquant,5459,A1
agricole,5462,B1
paroisse,5467,B2
dérive,5468,B1
sexualité,5469,B1
fonctionnement,5471,C1
vigilant,5472,B2
équilibrer,5474,B1
publication,5482,C1
rôti,5485,A1
mi-chemin,5489,B2
imprudent,5490,B2
dormant,5511,A2
infirmier,5521,A1
caractéristique,5528,B1
déshonorer,5529,A1
relativement,5530,B1
galon,5533,C2
symbolique,5534,C1
carnaval,5539,A1
bouillon,5541,B2
contracter,5547,B1
sceptique,5548,B2
relancer,5551,B2
typique,5555,B1
puiser,5556,C1
compréhensif,5557,A1
arsenal,5564,B1
homosexuel,5572,A1
cadet,5573,A2
hectare,5574,B1
auprès,5576,A1
coordonner,5581,C2
terroriste,5582,B2
râle,5587,B1
ramer,5593,B1
marraine,5599,C2
round,5600,B2
pleurnicher,5601,B2
shooter,5605,C2
essentiellement,5618,B1
incident,5621,B1
curieusement,5622,A2
corbeille,5625,A1
picoler,5627,B2
remarier,5628,A2
réduction,5631,B1
pomper,5632,C1
magnétique,5636,C1
futile,5639,C2
conférer,5644,B1
punk,5646,B2
haletant,5650,B2
cavale,5651,C1
expérimenter,5660,B2
éclipser,5661,B2
aise,5662,A2
imprégner,5663,C1
milice,5664,B1
garnison,5669,C2
pénis,5672,B2
rafale,5674,A1
piquant,5676,B2
repeindre,5678,A1
décret,5679,C1
détermination,5686,B1
délirer,5687,A2
piper,5688,B2
labo,5692,A1
torchon,5696,B2
conservateur,5699,B1
bâche,5701,B2
détonation,5710,B2
séduction,5716,B1
surpasser,5717,B2
norme,5721,C1
tabasser,5723,B2
débloquer,5726,C2
favoriser,5732,B1
gym,5733,A1
chérir,5735,A2
tout-puissant,5740,B2
sensuel,5741,C1
gus,5742,B2
correspondant,5744,C2
introuvable,5766,B1
effondrement,5767,C1
intolérable,5768,B2
relique,5770,A2
lingerie,5772,C1
comprimer,5775,B2
équivaloir,5778,C1
justicier,5779,B1
envahisseur,5781,B2
horaire,5783,B1
camping,5790,A1
aventurer,5797,B1
colonial,5809,C1
délicatesse,5810,C1
sarcasme,5814,C1
charmer,5823,B2
somptueux,5824,B1
excepter,5831,B1
intermédiaire,5836,B1
lavage,5839,C1
tanner,5842,C1
drague,5844,B2
retrouvaille,5849,B2
horde,5856,C1
effraction,5858,C1
tendrement,5859,A1
embarrassant,5860,A2
anticiper,5863,A2
riposter,5870,B2
branle,5872,B1
épuisant,5876,A2
romance,5878,B2
gerber,5882,B2
embarquement,5884,C2
insuffisant,5888,B1
merveilleusement,5890,A2
lester,5893,B2
insolence,5900,B2
réconfortant,5901,C2
bungalow,5902,B2
tentant,5903,C2
ligue,5907,A2
marmonner,5910,C1
croisement,5914,B2
huissier,5915,C1
fumant,5916,B2
prestigieux,5918,A2
comptabilité,5920,A1
brièvement,5922,B2
pianiste,5924,A1
maritime,5926,A1
berge,5929,B1
exclusivement,5932,B2
flinguer,5933,B2
criant,5934,C1
croyant,5938,B1
épier,5941,C2
changeant,5957,B1
escale,5963,B2
instantanément,5964,B1
torrent,5965,B1
majestueux,5969,A1
tac,5970,B2
durable,5974,B1
originaire,5981,B1
déchiqueter,5984,B2
exiler,5988,B1
accessoire,5990,B1
gaieté,5994,B1
recréer,5997,C1
infidèle,6003,A1
horizontal,6004,A1
décevant,6006,C1
draper,6009,B2
millénaire,6011,C2
excursion,6014,A1
sévèrement,6016,B1
imposant,6018,A2
menaçant,6019,B1
porto,6025,B2
sangloter,6029,B2
der,6031,B2
sierra,6032,B1
éventualité,6034,C1
adoucir,6035,B1
insouciant,6036,C2
crissement,6044,B2
veston,6049,B2
débauche,6054,C2
hérétique,6058,C2
mémorable,6059,C1
extinction,6060,B2
douille,6061,B2
western,6065,B1
par-ci,6069,C1
pulvériser,6070,C1
tristement,6077,A1
encens,6089,C2
biberon,6090,B2
épargne,6102,B1
chausser,6105,A2
aboiement,6106,B1
bave,6115,B2
prostituer,6118,C2
frustration,6123,C1
étiqueter,6128,B2
enchère,6130,B1
présage,6131,B2
prévisible,6133,B1
manquant,6142,B1
cinquantaine,6154,A1
maquis,6161,C1
dealer,6164,B2
recharger,6166,B1
dissuader,6172,B1
glande,6174,C2
survivant,6176,C1
collectionneur,6178,A1
paisiblement,6180,B1
cogne,6184,B2
rêne,6185,B2
digue,6188,C2
fiole,6190,B2
justesse,6191,B1
domination,6193,C2
éjecter,6195,C2
furie,6199,B1
prospectus,6201,A2
quinzaine,6203,A2
global,6204,C1
réflexe,6209,C1
informateur,6210,B2
éphémère,6213,B2
mauve,6219,B1
spécimen,6224,C1
mamelon,6226,B2
hocher,6229,B2
hold-up,6230,B2
scier,6232,B1
hospice,6238,B2
décennie,6241,B1
acclamation,6243,B1
halètement,6245,B2
tête-à-tête,6246,B2
médaillon,6249,B2
endommager,6250,C2
hypnotiser,6260,B2
jersey,6266,B2
horriblement,6270,B2
recueilli,6279,B2
demi-douzaine,6280,B1
électoral,6282,C1
inacceptable,6283,C1
ronflement,6284,A1
vigoureux,6285,B1
finesse,6290,C1
véranda,6292,A1
saper,6294,B2
parchemin,6298,C1
douillet,6303,B2
filtre,6306,A1
évider,6310,C1
terrer,6311,C1
proviseur,6321,B2
fraîchement,6323,C1
vétéran,6326,B2
prétention,6328,A2
autrichien,6333,A1
réputer,6335,B2
originel,6338,B2
forestier,6340,B1
amplifier,6341,B1
théâtral,6342,C1
injonction,6347,C2
aviateur,6349,B2
trio,6351,B2
redemander,6352,B2
pénitence,6356,A1
rasseoir,6357,B2
prêcher,6359,C1
néon,6360,A2
ressaisir,6363,B2
privilégier,6370,A1
précoce,6371,B1
palette,6379,C1
comparable,6381,B1
affreusement,6383,A2
manuscrit,6386,C1
remplacement,6388,C1
créneau,6392,C2
inimaginable,6394,B1
affirmation,6398,B2
sadique,6409,B2
grillage,6412,B2
snob,6415,B1
flasque,6418,B2
conventionnel,6419,B1
fredonner,6421,A1
identification,6423,B2
déclin,6424,C1
étincelant,6433,C1
rejet,6442,B1
la,6444,A1
delta,6461,C2
donjon,6467,B2
guirlande,6475,A1
latéral,6484,B2
protestant,6486,A2
dangereusement,6487,C2
tintement,6488,C2
légalement,6490,B2
dégrader,6492,B1
rétablissement,6493,B2
abstenir,6494,C1
transparence,6506,B2
partiel,6515,A2
révision,6517,C1
repaire,6520,B2
pénal,6521,B1
trouvaille,6527,B2
morbide,6529,C1
organique,6533,C1
empiler,6544,B1
illustrer,6546,A1
vaurien,6547,B2
inséparable,6552,A1
éternuer,6553,B2
hacher,6560,B2
district,6561,A1
funéraire,6562,B1
purger,6563,B2
coriace,6581,B2
chuchotement,6583,A1
bob,6584,B2
délicatement,6592,A1
verbal,6595,B2
contour,6596,C2
romancier,6597,A1
couchette,6604,C2
boxer,6606,B2
sortant,6611,A2
bip,6612,B2
plausible,6617,B2
fraternel,6618,B2
dilater,6620,C2
gaver,6621,B2
camelote,6632,B2
bénévole,6637,B1
imposteur,6638,B2
glacier,6639,B1
embouteillage,6640,A2
canaille,6642,B2
junior,6644,C1
apprivoiser,6647,A2
li,6653,B2
éblouissant,6661,B1
taquiner,6664,B2
muscler,6665,A2
nullement,6674,B2
miteux,6680,C2
retracer,6681,A2
fermier,6686,B1
insultant,6688,C1
dominant,6691,B1
obéissance,6692,A2
ananas,6693,A1
monologue,6695,B2
soumission,6701,B1
profiler,6708,C2
recrutement,6711,B2
confiner,6713,C1
camoufler,6720,C1
amélioration,6728,C2
valide,6737,B2
catastrophique,6748,A2
impur,6752,B1
foireux,6758,B2
frémir,6762,B1
motel,6764,B2
militant,6766,B1
côtelette,6768,B2
diffus,6782,C2
captif,6789,C1
inachevé,6796,B2
marchant,6798,A2
chimère,6804,B2
rendormir,6810,A2
pouf,6812,B2
sauvagement,6813,B1
média,6814,B2
notoire,6815,C1
pourcentage,6816,B2
fixement,6817,B1
désobéir,6818,A2
bénéfique,6824,C2
échéance,6826,C1
génétique,6830,B2
guitariste,6831,A2
vigilance,6833,B2
palme,6834,A2
mollo,6836,B2
fièrement,6842,A2
fouiner,6843,B2
ressentiment,6847,B2
tutoyer,6848,B1
patiemment,6849,A2
médium,6851,B2
irréprochable,6852,B2
perron,6857,B2
défigurer,6858,B1
indemne,6860,A2
démoniaque,6861,C2
extravagant,6862,A2
chiner,6867,A1
prescription,6870,C1
solidaire,6871,B1
pressant,6874,B1
rider,6878,A1
moue,6880,C2
chômeur,6891,A1
mousquetaire,6895,B1
sillage,6896,C2
biblique,6897,B2
format,6907,B1
inconsciemment,6913,B2
bancaire,6915,A1
doucher,6918,A1
tapage,6920,B1
mortuaire,6924,B2
tresse,6925,B1
us,6926,A2
impardonnable,6936,B2
hoquet,6938,B2
platine,6939,B2
coiffe,6940,C2
lesbien,6941,B2
carrelage,6942,B2
péniche,6944,A1
stationner,6945,B2
révérence,6954,C1
argenterie,6961,A2
gendarmerie,6965,A1
gamelle,6966,C2
bienveillance,6967,B1
minorité,6969,B2
offensif,6972,B2
grêle,6973,B1
romantisme,6975,C2
sabotage,6979,B2
vidéo,6981,C1
initiation,6985,A2
démanger,6987,B2
indestructible,6991,B2
revendication,6992,C2
farcir,6995,A1
are,6996,B2
désireux,6997,B1
rétracter,7002,C2
caniche,7005,C1
saucisson,7006,A1
blair,7009,C1
emplir,7012,B2
filial,7015,C1
mystérieusement,7016,C1
solennellement,7018,B1
recouvert,7021,C1
sacrement,7022,C1
végétarien,7026,A1
affirmatif,7027,C2
plongeon,7029,C1
cruellement,7037,B1
relief,7041,C1
certifier,7049,C1
passionnément,7050,B2
peinard,7056,C1
scooter,7057,C1
broncher,7063,C1
monumental,7074,A1
languir,7082,B2
accomplissement,7084,C1
camelot,7087,C1
éruption,7098,A2
gratis,7099,C1
défensif,7100,A2
envol,7102,C1
incomparable,7105,B2
essouffler,7108,C2
présidentiel,7109,B1
inculper,7112,C1
faune,7113,A2
bobo,7114,B1
perquisition,7118,B2
samba,7122,A1
nuptial,7130,C2
conformément,7132,C1
affrontement,7135,B1
parasite,7138,C2
gong,7140,C1
amocher,7142,C1
décence,7143,C1
bikini,7152,C1
dope,7153,C1
comploter,7160,C2
terminal,7163,B1
inutilement,7164,B1
laideur,7166,B1
plombe,7169,C1
carillon,7174,C1
garde-robe,7181,B1
capture,7183,B2
antre,7188,C1
héréditaire,7189,B2
similaire,7190,B1
ricanement,7192,C1
arrondir,7195,A1
jubiler,7202,C1
recoucher,7203,C2
bruyamment,7205,C1
introduction,7207,B1
syrien,7212,C1
collision,7215,C1
ébloui,7216,C1
intensément,7217,C1
angélique,7218,C1
primo,7223,C1
polaire,7236,A2
évaluation,7238,B1
attendrir,7239,C1
antiquaire,7242,A1
intouchable,7244,C2
rondelle,7249,B1
frime,7256,C1
sourdine,7257,C1
demi-frère,7259,C2
chaudière,7264,C2
joyeusement,7265,A1
ensoleiller,7267,A1
ouvrant,7268,C1
charnel,7270,C1
haleter,7276,C1
serge,7277,C1
poigne,7279,C1
épeler,7280,A1
fascination,7288,A2
failli,7289,C1
incontrôlable,7291,C1
fifi,7293,C1
adverse,7295,C1
polo,7296,A2
vertébral,7302,C1
plancher,7304,C1
pop,7307,A2
hésitant,7308,B1
excentrique,7314,C1
trimer,7317,B2
crucifix,7318,C1
interviewer,7321,C1
désintéresser,7328,C1
soûler,7330,C1
scintiller,7331,C1
fleuri,7332,C1
prédécesseur,7333,C1
manipulation,7334,C1
autonome,7341,B1
inconcevable,7345,B2
blessant,7346,C1
bouleversant,7350,B1
domino,7353,B1
respectif,7355,B2
articuler,7358,C1
providence,7364,C1
homicide,7369,C1
souplesse,7370,B1
torcher,7376,C1
noirceur,7381,C1
unanime,7383,B1
décorateur,7388,C2
confortablement,7390,C2
éclaboussure,7391,C1
renouer,7395,C1
filant,7406,C2
confins,7410,C1
clause,7412,C1
dentaire,7413,B2
variable,7414,A2
projectile,7416,C2
réquisitionner,7418,C1
julien,7423,A1
canton,7426,B1
raffiner,7431,B1
désorienter,7432,C2
madeleine,7434,A2
désarroi,7435,B1
semestre,7437,A1
jongler,7440,C1
cocu,7441,A2
insaisissable,7446,C1
assombrir,7450,C1
mixte,7452,A1
malmener,7454,B2
once,7462,C2
hourra,7464,C1
bonder,7465,B2
singer,7469,C1
baffe,7476,C1
incarnation,7483,B2
aumônier,7488,C1
fritz,7490,C1
alarmer,7491,B2
perpétuité,7503,C1
quincaillerie,7505,C1
effusion,7507,C1
enrôler,7509,C1
barbelé,7514,C1
remonte,7516,C1
rousseur,7517,C1
référer,7518,C2
barder,7520,C2
fermeté,7522,C2
bibelot,7532,B1
choquant,7533,A2
relax,7541,C1
islam,7546,C2
considérablement,7551,B1
politiquement,7553,B1
supportable,7554,C2
rampant,7560,C1
détournement,7565,C1
modérer,7570,C2
pouffer,7573,C1
pécheur,7574,C1
grandement,7578,C1
maladresse,7581,B2
désapprouver,7585,A2
regorger,7590,C1
caner,7592,C1
auxiliaire,7598,C2
expansion,7599,C1
atlantique,7601,A1
applique,7606,C1
crypte,7608,C1
guérisseur,7610,B1
médiéval,7613,A1
occulte,7615,C1
discerner,7625,C1
dévaliser,7630,C1
sniffer,7631,C1
rayonnant,7633,C1
indiscrétion,7635,B1
cynisme,7636,B2
rythmer,7639,B2
patrouiller,7646,A2
express,7647,C1
thoracique,7648,C1
par-delà,7649,C2
respiratoire,7650,C1
polir,7652,B1
cerise,7663,B1
muser,7665,A1
ornement,7667,C1
bienvenu,7673,A2
moisir,7674,B2
pleurant,7678,C2
rasoir,7681,B1
ancestral,7682,A2
repêcher,7684,C2
irréparable,7687,C1
standard,7691,C1
sévir,7692,B1
magot,7693,C1
suppliant,7696,B2
anarchiste,7705,C2
écarlate,7707,C1
approfondir,7720,A2
raffoler,7722,C1
pillage,7723,C1
pulsation,7725,C2
salve,7726,C1
noyade,7739,A1
catéchisme,7744,C1
frénésie,7745,C1
anonymat,7747,B1
gracier,7748,C1
bâcler,7749,C2
limousin,7751,C1
greffier,7755,B2
arpenter,7757,C1
atrocité,7758,B2
mouvant,7759,C1
traiteur,7762,C2
énigmatique,7763,A2
villageois,7765,B2
traînant,7773,C2
notable,7778,B1
tombal,7780,B1
chatouiller,7782,C1
superposer,7784,B2
rugissement,7789,C1
madone,7797,C1
manifestant,7801,B1
décamper,7804,C2
incurable,7814,B1
cambrioler,7815,C1
carrosserie,7818,C1
reluquer,7819,C1
junkie,7824,C1
pénétration,7827,C1
déconseiller,7828,C2
baume,7834,C1
aplatir,7849,C1
disgrâce,7854,B1
feuillage,7859,A2
instructif,7860,C2
réglementaire,7861,C2
débordant,7863,A2
exécutif,7872,C1
progressif,7876,C1
intestin,7881,B2
convalescence,7882,C2
flan,7893,C1
rentrant,7895,C1
médoc,7900,C1
barricader,7901,C1
provincial,7902,C2
valser,7903,C1
flexible,7904,C1
lenteur,7905,C1
passeur,7917,C1
panache,7929,C1
remballer,7930,C1
emmêler,7931,C1
raviver,7933,C2
réticent,7938,C1
déduction,7945,B2
empester,7949,A1
collégien,7953,A1
tortiller,7956,C1
camer,7958,C1
juridiction,7960,C1
irremplaçable,7961,C2
chips,7963,C1
verse,7966,C2
gadget,7967,A1
vibrant,7972,C1
doublement,7974,C1
redémarrer,7977,C1
détritus,7980,C1
inquisiteur,7985,C1
tourelle,7987,C1
rescousse,7988,C1
milicien,7990,C1
resservir,7991,C1
fragilité,7993,C2
yoga,8006,C1
déshonneur,8008,A1
granit,8009,C1
blanchisserie,8010,C1
normand,8011,B1
exhumer,8014,C1
grever,8016,C1
éprouvant,8017,B2
ressasser,8025,C1
taler,8031,C1
assemblage,8032,B1
impensable,8033,C2
demi-soeur,8035,C2
dédicace,8041,C1
alignement,8043,B1
théoriquement,8047,C1
scoop,8051,C2
kimono,8052,C1
charlotte,8053,C1
déménageur,8059,C1
reconquérir,8060,C1
inaudible,8064,C1
damnation,8065,C1
révérend,8067,C1
gourer,8068,C1
rital,8076,B1
oral,8077,C2
pronostic,8080,A1
consentant,8083,C1
luciole,8084,C1
traumatiser,8087,C1
extraction,8089,C1
ériger,8097,B2
suspense,8098,A1
gaspillage,8108,C1
arrondi,8112,C1
irréfutable,8115,C2
entonnoir,8120,C1
patauger,8121,C1
cerisier,8125,A2
antan,8126,C2
judicieux,8128,B1
chichi,8129,B2
benjamin,8131,C1
intimement,8132,B2
méconnaissable,8133,B2
civique,8137,B1
systématiquement,8138,B2
tuant,8142,C2
miraculeusement,8144,C1
lisser,8145,C1
pâtée,8146,C1
garagiste,8156,B1
vicomte,8157,B1
équipier,8158,C1
arrière-grand-père,8161,A1
incomplet,8162,B2
déplorable,8171,C1
déchirant,8172,A2
popularité,8176,B1
désirable,8179,B1
rauque,8180,B2
bizarrerie,8185,C1
blottir,8187,A2
jeûne,8190,C1
stimulant,8192,C2
infester,8194,C1
persuasif,8195,C1
paquebot,8201,A2
compromettant,8204,C2
civiliser,8209,C1
sanatorium,8213,C1
sentant,8220,C1
clergé,8225,A2
pétillant,8228,A2
parlementaire,8233,C1
levant,8235,C1
philosophique,8239,C1
synagogue,8246,C1
palper,8247,C1
instinctivement,8248,A2
anodin,8251,B2
médiocrité,8254,B2
suicidaire,8257,C1
colo,8266,C1
déplorer,8267,C1
zen,8270,C1
incognito,8272,C1
pharmaceutique,8275,C1
loto,8276,A1
poney,8278,A1
essayage,8279,C1
chamailler,8283,C1
ultra,8284,C1
compresse,8288,C1
conservatoire,8296,B1
hallucinant,8299,C1
vulgarité,8300,C1
sciure,8304,C1
bouffi,8305,C1
clebs,8312,C1
dégaine,8313,C1
plant,8318,C1
mercenaire,8323,C2
éventrer,8324,C1
colosse,8325,C1
brochette,8331,C1
brandon,8333,C1
longer,8335,B1
exclusion,8336,B1
tonalité,8342,B2
hors-la-loi,8344,C1
récif,8346,C1
manette,8347,C1
faussement,8354,C1
exceptionnellement,8356,A2
allergique,8357,A1
ardemment,8361,C1
fossile,8365,C1
respectueusement,8366,C1
pompeux,8369,B1
mascarade,8371,C1
culinaire,8372,A1
dérouiller,8375,C1
squaw,8376,C1
mythique,8378,A1
dispersion,8385,C1
lorrain,8386,B1
assiéger,8390,B1
new-yorkais,8402,C1
insistant,8403,C1
recoller,8404,C1
dégoter,8405,C1
teinter,8406,B2
conquérant,8409,C1
extraordinairement,8417,C1
consciencieux,8419,C1
dégueu,8423,C1
minimiser,8425,C1
yang,8426,C1
gâterie,8430,C1
ponte,8433,C1
inadmissible,8435,C1
vape,8441,C1
incantation,8442,C1
dignement,8443,C1
enseignant,8447,B2
aveuglant,8449,C2
condescendant,8451,C1
pacotille,8452,C1
nickel,8454,A1
insatiable,8455,C1
tondeur,8458,C1
bolide,8461,B1
jogging,8463,B1
stocker,8467,C1
décapotable,8468,C1
ensanglanter,8469,B2
rouquin,8470,C1
baller,8473,C1
polka,8474,C1
tamponner,8481,C1
concubin,8482,B1
d',8488,C1
dédale,8489,C1
indépendamment,8493,C1
éperdument,8496,B2
guimauve,8497,C1
l',8498,C1
démoder,8507,C1
impossibilité,8513,A2
tournoyer,8514,C1
black,8522,C1
exaspérer,8526,C1
aquatique,8527,A1
émissaire,8530,C1
boulanger,8532,A1
repoussant,8533,C1
obscénité,8534,C1
désagrément,8535,C1
transir,8536,C2
truie,8542,C1
s',8544,C1
influer,8548,C1
méprisant,8554,A1
flatterie,8555,C1
appréciation,8563,C2
dissertation,8565,C2
activement,8567,C1
inertie,8569,C1
rougeur,8571,C1
psychanalyse,8573,C2
provocant,8579,A2
athée,8585,B1
lépreux,8591,C1
insoutenable,8595,C1
abonner,8597,B1
enflure,8599,C1
puis,8604,A1
attelage,8609,B2
convocation,8611,B2
gazeux,8612,C1
exaltation,8614,B2
broderie,8620,B1
syndrome,8622,B2
pétrolier,8626,C1
rejouer,8629,C2
pulmonaire,8637,C2
décadence,8647,C2
coulant,8648,C1
dentier,8653,A2
paf,8655,C1
fissa,8665,C1
reposant,8670,C1
hindou,8681,C1
bruissement,8683,C1
crachat,8689,C1
galeux,8697,C1
tortu,8707,C1
déchéance,8710,C2
délicieusement,8712,C1
barbarie,8714,B2
bronzage,8719,C2
ânerie,8721,C1
préméditer,8727,C1
retardement,8729,C1
caricature,8733,A2
shit,8734,C1
jardinage,8735,C2
gratin,8738,B1
sensualité,8739,C1
boston,8741,C1
éloquent,8742,C2
succulent,8744,A2
soupçonneux,8746,B1
émigrer,8747,B1
effigie,8749,C1
sacrilège,8750,B1
friture,8755,C2
brasier,8756,C1
conditionner,8758,C1
soutirer,8759,C1
servitude,8762,C1
irréversible,8763,B1
gagne-pain,8768,C1
ponton,8773,C1
rémission,8774,C2
soprano,8775,C1
sauvagerie,8781,C1
inconscience,8782,C1
glander,8789,C1
objecter,8790,A2
sexuellement,8794,B2
bestial,8795,C1
chaperon,8802,A2
berline,8803,B1
recracher,8806,C1
bambin,8808,C1
millionnaire,8809,B1
incendiaire,8812,C1
stagiaire,8816,A2
croque-mort,8823,C1
communautaire,8825,B1
deuxièmement,8826,A2
sabbat,8828,C1
handicaper,8831,B2
blême,8842,C1
rancoeur,8843,C2
foudroyer,8850,C1
statistique,8853,C1
péniblement,8857,C1
horrifier,8859,B1
bienfaisance,8860,C1
panthéon,8863,A2
babiole,8864,C1
exalter,8866,B1
annexe,8867,A2
mauviette,8868,C1
pépère,8870,C1
hypnose,8873,C1
essor,8874,B1
radicalement,8875,B1
vétérinaire,8877,C1
triomphant,8878,B1
myope,8882,C2
métèque,8884,C1
déteindre,8885,C1
bijouterie,8886,C2
logiquement,8888,B2
fructueux,8891,C1
métaphysique,8892,C1
exorcisme,8893,C1
photographique,8894,B1
diane,8900,C1
charcuterie,8901,A1
crânien,8905,C1
inflexible,8910,C2
intimidation,8911,C1
mutilation,8912,B2
magnum,8916,C1
interner,8917,B1
rance,8919,C1
philo,8920,B1
mésaventure,8921,B1
clandestinement,8923,C1
fat,8929,C2
finement,8934,B1
maxime,8936,C1
génital,8937,C1
fléchette,8939,C1
prévention,8941,C1
distinctement,8942,A1
troquer,8943,B2
frontal,8948,B2
gruyère,8957,A2
titan,8958,C1
conservation,8959,C1
illisible,8961,C1
fisc,8962,C1
gaulois,8964,A2
bas-fond,8966,C1
pailleter,8967,C1
empli,8972,C1
charte,8973,B1
allégeance,8977,C1
entendu,8983,C1
redevable,8984,C1
cal,8986,C1
papoter,8991,C1
divisionnaire,8995,C1
presbytère,8998,B2
inébranlable,8999,C1
ternir,9001,B1
unisson,9003,C1
indigner,9009,A2
kaki,9011,C2
adroit,9012,A2
infamie,9014,C1
dépose,9022,C2
imbiber,9025,C1
deal,9031,C1
notice,9033,C1
décerner,9035,A2
intérim,9036,B2
houle,9040,C1
injustement,9042,C1
pancréas,9045,C2
ironiquement,9046,B2
panorama,9051,A1
fait,9053,A2
pilotage,9059,C2
magnifiquement,9063,B2
ter,9065,C1
campeur,9066,C2
déconcertant,9068,C1
pseudo,9070,C1
philippin,9072,C2
couette,9076,C1
négligeable,9080,C2
mortellement,9082,C2
hard,9093,A2
fa,9095,A1
abat,9096,C1
confetti,9101,C1
atrocement,9102,C1
estomper,9103,C2
mécontentement,9104,B2
manager,9106,C2
stellaire,9112,C1
tweed,9114,C1
pâture,9115,B1
clameur,9116,C1
blairer,9119,C1
statuette,9120,A2
karaté,9122,C2
piéton,9125,A1
doré,9126,A1
nautique,9128,B1
démanteler,9131,C2
exactitude,9132,B2
citadin,9136,B1
affectueusement,9137,A2
syndical,9140,C1
palpitation,9146,C1
pénitentiaire,9147,C1
gogo,9150,C1
grand-oncle,9151,C1
opprimer,9152,C1
déséquilibre,9160,C1
pékin,9162,C1
converti,9164,C1
cinéaste,9167,A2
reconsidérer,9175,C1
canaliser,9176,C1
racial,9177,B2
panama,9185,C1
intestinal,9187,B2
quatuor,9190,C1
clignotant,9193,A2
complémentaire,9194,B1
garniture,9195,A2
aération,9199,C1
docker,9203,C1
pédaler,9206,A1
atlas,9219,C1
parloir,9220,C1
gourou,9221,B1
empressement,9222,C1
impie,9223,C1
taulard,9227,C1
préméditation,9235,C1
récapituler,9238,C1
hautain,9240,B1
charmeur,9243,C2
ortie,9244,C1
douloureusement,9245,C1
stature,9250,C1
hétérosexuel,9260,C1
intimidant,9266,C1
orner,9271,B1
approchant,9281,C1
dissimulation,9285,C1
infériorité,9286,C2
cabosser,9288,C1
athlétique,9290,A1
apogée,9291,B2
pi,9294,C1
typiquement,9297,A1
pendaison,9298,C1
rizière,9303,C1
diva,9306,B1
consistance,9309,C1
hamster,9314,A1
sérum,9316,C1
bancal,9319,A2
alarmant,9330,B2
osier,9334,C1
ban,9342,C1
slow,9344,C1
antichambre,9345,B1
rechute,9346,C1
futilité,9347,C1
inlassablement,9350,B1
abstinence,9352,C1
légalité,9353,C1
bâiller,9357,C1
goulot,9358,C1
dégouliner,9361,C1
entrouvert,9366,C1
yen,9370,C1
rancunier,9373,C1
savoir-faire,9375,B1
preneur,9376,C1
pister,9377,C1
couiner,9379,C1
sympathiser,9381,A1
tentacule,9389,C1
lésion,9391,C1
pourparlers,9396,C1
blanchisseur,9401,B2
crevasse,9404,C1
lascar,9407,C1
gourmandise,9408,C1
ambiant,9409,C1
assis,9413,C1
distorsion,9415,C2
vestimentaire,9416,A1
gnôle,9418,C1
imper,9420,C1
disséquer,9421,C1
répertorier,9422,B1
friction,9425,C1
indicateur,9434,B1
annulation,9439,A2
vandalisme,9441,A2
bey,9447,C1
homo,9456,C2
altercation,9458,C1
garni,9461,C1
férié,9465,A1
retournement,9466,C1
adversité,9471,B1
étriper,9473,C1
aboi,9475,C1
parasol,9476,A1
chalumeau,9478,C1
écrabouiller,9482,C1
ravitailler,9486,C2
marginal,9490,C2
grossièrement,9494,C2
plénitude,9498,C1
inespéré,9499,C1
remords,9500,B1
indiscutable,9502,B2
inépuisable,9503,B1
serviable,9504,C1
garnement,9506,C1
viole,9510,C1
aménagement,9519,B1
couvent,9524,B1
dignitaire,9527,C1
tutelle,9529,C1
gag,9530,B2
bis,9531,A1
blazer,9533,C1
dévastateur,9534,B2
ceinturon,9535,C1
tripler,9537,C1
clandestinité,9538,C1
pack,9541,C1
châtelain,9544,B2
coder,9546,B1
symétrie,9549,C1
coupé,9551,C1
au-dehors,9552,C1
carré,9554,C1
acculer,9556,C1
émeraude,9558,C2
greffer,9561,C2
horoscope,9571,C1
vraisemblable,9572,C1
délinquant,9573,A1
lyrique,9574,B1
libérateur,9576,C2
habilement,9578,A2
expier,9582,C1
filleul,9587,C1
abusif,9593,C1
gaffer,9596,C1
étayer,9598,C1
désamorcer,9601,C1
synonyme,9604,B1
timbrer,9605,C1
gigot,9609,C1
décontracter,9610,A1
rangement,9611,A2
oculaire,9612,C1
indigestion,9614,B2
perçant,9617,C1
sphinx,9618,B2
rebrousser,9623,C1
libanais,9625,C1
sauna,9627,C2
fatidique,9638,C1
nationaliste,9639,C1
agréablement,9643,A1
ténacité,9653,C1
plomber,9654,C2
privé,9658,B1
pirater,9663,C1
entrant,9669,C1
groom,9673,C1
nerveusement,9674,C1
nouveau-né,9675,C2
rêvasser,9676,C1
digestif,9684,C1
képi,9685,C1
carboniser,9688,C1
incohérence,9689,C1
physiologique,9695,C1
cuver,9697,C1
débordement,9699,C1
éclore,9710,C1
livide,9712,B1
aliéner,9713,C2
marteler,9722,C1
ascendant,9723,C1
asphyxie,9725,C1
efficacement,9737,B2
courageusement,9738,A1
relecture,9743,C1
présomption,9747,C1
névrose,9748,B1
baignade,9750,C1
stupidement,9752,C2
enrhumer,9758,A2
observateur,9760,C2
couvrant,9761,C1
amplement,9764,C1
pègre,9768,B2
admirablement,9769,C2
discréditer,9772,C2
débusquer,9781,C1
saindoux,9783,C1
ficelle,9784,B1
profaner,9785,B2
subalterne,9787,C1
frottement,9789,A2
bistro,9793,B2
cibler,9794,C1
tacite,9795,C1
filature,9803,B2
séquelle,9805,B2
cataclysme,9806,C2
paradoxal,9807,B2
enfantillage,9809,C1
accoutrement,9810,C1
dispensaire,9811,C1
indirectement,9812,C1
intenable,9814,C1
lacer,9815,C1
extorquer,9817,C1
phénoménal,9819,C1
superviser,9820,C2
généalogique,9824,C1
minier,9829,B1
radoter,9830,C1
fulgurant,9831,C1
gnome,9833,B1
vaporiser,9834,C1
rayonner,9836,B2
fantaisiste,9844,B2
fossoyeur,9847,C1
flambant,9851,C1
raffut,9855,C1
pouffiasse,9858,C1
cubain,9860,C1
amiable,9861,B1
agilité,9867,C2
familiarité,9871,B2
logeur,9874,C1
scierie,9877,C1
prévenant,9882,C1
tribal,9883,C1
scénariste,9904,C1
impunément,9907,B2
brûlé,9908,C1
incorrigible,9909,C1
clos,9914,C1
écrasement,9916,B2
ardoise,9917,C1
perler,9918,C2
ahuri,9922,C1
oublié,9923,C1
matou,9924,C1
videur,9926,C1
octave,9928,C1
surréaliste,9930,C2
mosaïque,9931,B2
rangée,9935,A2
bull,9936,C1
consécutif,9937,B1
soupirant,9938,C1
soixantaine,9939,B1
saturer,9944,C1
outre-mer,9945,A1
communier,9946,A1
java,9948,C1
lunatique,9950,C1
bâbord,9953,C1
planétaire,9955,B1
potable,9958,B1
osciller,9959,C1
rafraîchissement,9962,C1
cachette,9963,B1
liquidation,9967,C1
collecteur,9969,C1
cavaler,9973,C1
négociateur,9977,B1
enquérir,9978,C1
bagatelle,9980,B2
rudimentaire,9982,C1
liane,9983,C2
canoë,9987,C1
toupie,9992,C1
pompiste,9993,A1
libellule,9994,C1
illusoire,9997,C1
systématique,9998,B1
centenaire,9999,C1
californien,10002,C1
pine,10003,C1
globule,10007,C1
apaisement,10011,B1
niaiserie,10014,B2
coffrer,10015,C1
rut,10016,C1
hospitalier,10022,A2
étouffement,10028,B2
dégringoler,10031,C1
suppression,10034,C1
chaleureusement,10037,B1
mocassin,10038,C1
mercier,10040,C1
isabelle,10043,C1
imagerie,10046,C2
bicoque,10048,C1
intensifier,10054,C2
imaginable,10057,C1
recopier,10060,A1
visibilité,10066,C1
affiner,10070,B1
opératoire,10071,C2
au-devant,10074,A2
pâleur,10075,B2
déformation,10077,B1
écoeurer,10078,B2
dégueuler,10080,C1
satanique,10081,C2
éventreur,10084,C1
graphique,10085,B2
avant-guerre,10086,C1
brouillon,10088,C2
intendance,10090,C1
pressentir,10092,C1
enclore,10094,C1
abondamment,10095,B1
posthume,10098,B2
vis-à-vis,10102,C2
calotte,10103,C1
hermétique,10105,C1
monotonie,10109,B2
chevron,10116,B2
évanouissement,10119,C1
casquer,10121,A1
perforer,10123,C1
baraquement,10128,C1
connivence,10129,C1
scintillant,10133,C1
algérien,10134,A2
écarté,10139,C1
lulu,10140,C1
chahut,10141,C1
disparu,10142,C1
suceur,10146,C1
bricolage,10148,A2
pinard,10149,C1
magma,10150,C1
poignant,10152,A2
texture,10154,C1
traditionnellement,10155,A1
aversion,10159,B2
couché,10162,C1
indéniable,10164,B1
fondant,10165,B1
modération,10170,C2
usé,10172,A2
taciturne,10174,B1
bourré,10176,C1
retoucher,10177,C1
raisonnablement,10180,C1
ingratitude,10185,A1
écusson,10195,C1
triangulaire,10200,B2
allumé,10202,C1
endurci,10203,C1
psychanalyste,10204,B1
jumelle,10205,C2
rentrée,10208,A1
documentaire,10209,A2
fourrière,10213,C1
galanterie,10214,C1
reclus,10222,C1
gradé,10223,B2
taquin,10224,C1
engrosser,10233,C1
carter,10237,C1
bristol,10241,C1
similitude,10242,C1
inclinaison,10243,C1
inexpliqué,10251,C1
défaillant,10268,C1
escadre,10270,C1
risible,10272,C1
plomberie,10275,C2
magistral,10276,C1
arrière-boutique,10278,C1
boom,10281,C1
watt,10283,C2
baroque,10284,A1
court-circuit,10285,C1
cabriolet,10298,B2
pudding,10301,C2
entrejambe,10303,C1
quiétude,10304,B2
substitution,10309,C1
inefficace,10311,C1
ravissement,10312,C1
aimé,10314,C1
infortune,10315,C1
censurer,10319,B2
crépitement,10320,C1
cataloguer,10321,C1
dindon,10322,C1
parental,10326,B2
épuisé,10329,C1
grandissant,10332,B1
occupant,10333,A2
communal,10334,B1
kit,10337,C1
cinématographique,10347,A2
costumer,10349,A1
infusion,10350,C2
drainer,10357,C1
débaucher,10360,C1
japon,10364,C1
sprint,10368,C1
vicaire,10372,C1
confesseur,10380,C1
rondin,10382,C1
fougère,10383,C1
brute,10385,B2
ovation,10386,C1
inégal,10389,A1
élévation,10390,C2
adonner,10397,C1
peso,10399,B1
singularité,10400,C1
fugace,10407,C2
substituer,10410,B1
courroux,10411,C1
facial,10413,C1
gymnaste,10415,C1
munir,10421,B1
entrouvrir,10422,B2
magnat,10424,C1
incision,10428,C1
ténor,10429,C1
décoiffer,10430,A2
réécrire,10431,B2
nébuleux,10433,C1
déclenchement,10435,C1
blanche,10439,C2
brillamment,10444,A2
aspirant,10446,B2
compris,10451,C1
demi-siècle,10461,C1
gonflable,10462,C1
distrait,10463,C2
ému,10471,C2
déplier,10472,C2
agitateur,10476,C1
décemment,10480,C1
exorciser,10483,C1
phobie,10484,A2
rebut,10493,C2
surexciter,10495,C1
battu,10500,C1
messagerie,10503,A1
disponibilité,10505,C1
amèrement,10506,C1
bouchée,10507,C2
engueulade,10509,C1
détaché,10512,C1
picard,10513,C1
noirci,10516,C1
embraser,10520,B1
remarquablement,10521,A2
harmonica,10523,B1
avancé,10526,C1
culpabiliser,10529,C1
barber,10535,C2
garnir,10538,C1
érotisme,10539,C1
tata,10540,C1
ravioli,10542,C2
fion,10544,B2
seconder,10549,B1
catacombe,10550,C1
irrémédiablement,10552,B2
cramponner,10555,B1
coupon,10557,C1
narcissique,10560,C2
sono,10562,C1
matador,10566,B1
oreillette,10568,C1
vaudou,10573,C1
carcéral,10574,C1
accrochage,10576,B2
tresser,10577,C1
trust,10578,C2
soeurette,10582,C1
dissolution,10585,C1
suspendu,10588,C1
fondamentalement,10589,C1
préventif,10590,A1
larcin,10591,C1
assortiment,10595,B1
palpable,10606,B2
swing,10608,C1
chevalerie,10611,A1
fournée,10613,C1
incompréhension,10617,C2
jarret,10618,C1
ravoir,10619,A2
égaliser,10621,C1
bravement,10622,A2
expiration,10627,C1
torsion,10628,C1
mime,10633,C2
converger,10635,C2
dépressif,10638,C1
férocité,10639,B2
orchestrer,10640,B1
foudroyant,10641,C1
chatouille,10647,C1
assommant,10648,C1
invulnérable,10649,C1
remorquer,10650,C1
expo,10655,A1
consciemment,10658,C1
titrer,10661,C1
substantiel,10662,C1
disciplinaire,10667,C1
miroiter,10668,C2
bergerie,10669,C1
musette,10671,B2
boa,10672,C1
rodéo,10673,C1
safari,10676,C2
non-lieu,10681,C1
sicilien,10685,C1
mouler,10688,C1
dérapage,10689,C1
immobilité,10693,C1
raclement,10694,C1
dressé,10696,C2
tempo,10697,B2
météorologique,10698,B2
périphérique,10699,C1
spencer,10709,C1
réjouissance,10711,B2
repousse,10713,A2
engourdissement,10715,C1
devis,10716,C2
lanceur,10718,C1
jovial,10722,C2
solidité,10727,C1
diluer,10729,B1
vorace,10733,C1
subversif,10735,B2
possessif,10736,C1
endurcir,10738,C1
rimer,10739,C1
adhésif,10744,C1
vielle,10745,C1
lacérer,10746,C2
berceur,10747,C1
strident,10750,B2
carne,10751,C1
auditif,10752,C1
libéré,10753,C2
mâche,10756,C1
fêtard,10757,B1
unifier,10760,A2
boutonner,10764,C1
traîtrise,10767,C1
taillader,10768,C2
effrayé,10769,C1
bonbonne,10771,C1
bouillie,10774,C1
avant-goût,10777,B1
liège,10780,C1
tragiquement,10783,C1
paver,10785,B1
gaga,10787,C1
empaler,10791,C1
reniflement,10793,C1
esquive,10796,C1
frisé,10798,A1
bredouille,10800,C1
slave,10802,C1
douanier,10804,C1
reparaître,10805,A2
maniement,10807,C1
milord,10811,B1
juke-box,10818,C1
constructif,10821,C1
vernissage,10823,A2
appréciable,10824,B2
réinventer,10825,B2
saladier,10826,C2
cuillerée,10827,C1
proférer,10830,B2
usurper,10834,C1
culasse,10835,C1
intermittence,10837,C1
coït,10840,C1
endetter,10842,B1
souhaitable,10844,B2
brick,10845,C1
décolleter,10846,C2
conteste,10856,B1
relevé,10857,B2
fumé,10858,A1
trempé,10859,C1
arrière-grand-mère,10860,C1
entrevue,10862,B1
repérage,10870,C1
vêtu,10871,B1
tombée,10875,A2
édifiant,10879,C2
centrer,10880,C1
rictus,10881,C1
empoisonnement,10882,B1
viseur,10883,C1
marmotte,10887,B1
spéculer,10891,B1
faucheur,10892,C1
somnifère,10896,C1
après-guerre,10897,B1
pédiatre,10898,B2
dominateur,10899,C1
irrégularité,10902,C1
crémeux,10904,C1
préavis,10906,C1
collation,10907,C1
engourdir,10909,C2
crédule,10910,C1
colorier,10912,C1
perceptible,10915,C1
mousseline,10916,C1
cross,10917,C1
pliant,10918,C1
tuyauterie,10919,C1
juron,10920,C1
blindé,10922,C2
gravats,10928,C1
scolarité,10931,B1
kif,10934,C2
ahurir,10941,C1
cordial,10943,B2
cristallin,10944,C1
prolétariat,10945,C2
tombeur,10946,C1
parapet,10948,C1
intelligemment,10950,C2
impatiemment,10952,A2
messire,10953,A2
vigoureusement,10958,C1
continental,10959,C1
inversement,10965,C1
légionnaire,10968,C1
récurer,10969,C1
entraider,10974,B1
engouffrer,10975,A1
vieillerie,10980,C1
apothéose,10984,C1
remontant,10989,C1
bader,10991,C1
émousser,10992,C1
impair,11000,B2
set,11004,C1
déblayer,11011,C1
résolument,11012,B1
plain,11014,C1
alterner,11015,A1
indélébile,11016,C1
empiffrer,11018,C1
furieusement,11021,C1
obligé,11023,C1
spontanéité,11025,C2
enregistreur,11027,C1
chaudement,11029,C2
pastis,11030,C1
revirement,11031,B2
lange,11036,C1
éden,11038,C1
difforme,11039,C2
hérisson,11042,A2
émetteur,11047,B2
ronronnement,11048,C1
artériel,11049,C2
enivrant,11054,C1
opérette,11056,C1
aigri,11058,C1
monstruosité,11059,B1
ombilical,11060,C2
pouliche,11061,A2
paroissien,11063,C1
béant,11065,C1
ineptie,11069,C1
laitier,11074,A1
mouille,11075,C1
insurmontable,11076,C1
bûcher,11077,C1
familiariser,11078,C2
énergétique,11079,C2
imprenable,11080,C1
rambarde,11083,B2
irradier,11084,C1
insécurité,11085,A2
alourdir,11089,C1
coopératif,11094,B1
oeillet,11095,C1
reçu,11097,C1
basse-cour,11099,C1
branlette,11100,C1
populace,11102,C1
bredouiller,11107,C1
mélasse,11112,C1
patine,11117,C1
about,11119,C1
prioritaire,11125,B2
métis,11126,C1
immuniser,11130,C1
maraudeur,11132,C1
alléchant,11134,C1
financement,11137,C1
tandem,11140,C1
effervescence,11141,C1
prosterner,11142,C1
sis,11143,C1
beurrer,11146,C1
festivité,11147,B1
ridiculement,11149,C1
remuant,11150,C1
sourcier,11152,C2
banjo,11153,C1
interphone,11158,C1
légitimité,11161,C1
retenue,11167,C1
aliter,11168,C1
hennissement,11169,C1
putois,11170,C1
siamois,11174,C1
griser,11175,B1
plisser,11176,C2
british,11177,C1
aileron,11178,C1
crottin,11181,A2
problématique,11182,C2
courbette,11183,C1
accolade,11184,C2
cric,11185,A2
saxon,11187,C2
veillée,11192,C1
narration,11196,C1
pyromane,11197,C1
imperceptible,11210,C1
effacement,11215,C1
appareiller,11223,C1
roussi,11224,C1
arraché,11226,C1
injustifié,11227,B1
totem,11230,C1
grillé,11231,A1
rabat,11237,A1
nullité,11238,C1
intoxication,11241,C1
drugstore,11242,C1
mante,11244,A1
déboussoler,11246,C1
criminalité,11249,C1
platonique,11250,C1
tam-tam,11253,C1
dorloter,11254,C1
bru,11259,C1
ambiguïté,11261,C1
vicelard,11263,C1
rasant,11268,C1
occasionnel,11272,B1
mobilier,11273,C1
mécène,11274,B2
bonniche,11279,C1
désintoxication,11281,C1
habitat,11282,B1
trappeur,11286,C1
déboire,11290,C1
plate-bande,11291,C1
tao,11294,C1
méticuleusement,11297,C1
approvisionner,11300,B2
superbement,11306,C2
afflux,11307,C2
télégraphier,11311,C1
littéral,11312,C1
promiscuité,11314,C1
pioncer,11317,C1
extermination,11320,C1
protagoniste,11324,B1
exaspérant,11328,A2
moïse,11332,C1
yin,11334,C1
belote,11339,A1
détendu,11340,C1
minois,11341,C1
demi-journée,11342,C2
taupe,11343,C1
as,11347,B2
ados,11348,C1
matérialiser,11349,C2
baba,11350,B2
opérationnel,11354,C1
muffin,11356,C1
froissé,11357,C1
puritain,11361,B1
commanditaire,11363,C1
florissant,11364,C1
groupie,11365,C1
leu,11366,C1
réclusion,11367,C1
stagner,11368,B1
carnivore,11369,C1
jauger,11371,C1
transistor,11376,C1
tyrannique,11377,C2
hantise,11379,C1
dévorant,11380,B1
lisible,11382,C1
guéridon,11383,B2
tarot,11385,A1
boutonnière,11391,C1
pilleur,11393,C1
navrant,11394,C1
déchirement,11396,C1
tonique,11398,C1
jetée,11399,A2
retrousser,11400,B2
emprisonnement,11401,B1
missionnaire,11402,C1
lama,11408,C1
restaurateur,11409,A1
monté,11412,B1
florin,11414,C1
ponctualité,11415,C1
rogue,11417,C1
cloîtrer,11418,C1
métamorphoser,11420,B1
simagrée,11422,C1
érudit,11423,C2
relève,11426,C2
acuité,11428,C1
plongée,11429,A2
bouclé,11433,B2
dépecer,11434,C1
monocle,11435,C1
afghan,11437,C1
égarement,11439,C1
revendeur,11441,C1
gastronomique,11448,B1
moka,11450,C1
fantasmer,11452,B2
catégoriquement,11453,B2
paroxysme,11457,C1
annales,11463,B1
appelant,11470,B1
écrin,11471,C1
anal,11472,C1
distancer,11474,C2
fuyant,11476,B2
résidentiel,11479,B1
émanation,11481,C2
marcheur,11483,B1
rétrospectif,11485,C1
scientifiquement,11489,B1
noiraud,11492,C1
tâtonner,11494,C2
sécu,11500,C1
mambo,11507,C1
rager,11513,B1
modestement,11514,C1
recouper,11515,C2
écoutille,11516,C1
jaguar,11521,C1
dégel,11525,C1
jérémiade,11529,B2
binoclard,11530,C1
ampli,11536,C1
ecclésiastique,11541,C2
vertigineux,11544,C1
beaux-parents,11545,C1
cuirasser,11550,C1
chahuter,11557,C1
énervement,11558,C1
insondable,11563,C1
perfidie,11565,C2
incrédulité,11566,C1
cervical,11568,C2
traite,11572,A2
centrale,11574,C2
répulsion,11576,A1
tréfonds,11584,C1
branlant,11585,C1
éjaculer,11588,C1
typhus,11589,C1
coltiner,11590,C1
marqueur,11591,B1
sacristie,11592,C1
somnambule,11596,C1
offrant,11600,C1
pandore,11601,C1
prussien,11602,B2
étron,11608,C1
frémissement,11609,B2
fatalement,11615,C1
potager,11617,B1
pinte,11618,C1
équité,11623,B1
vagabondage,11625,C1
épaulette,11626,C1
informatique,11630,A1
baratiner,11631,C1
scandaliser,11633,A2
métropolitain,11634,A1
déstabiliser,11636,C1
repassage,11639,C1
opulence,11642,C1
dom,11643,C1
compromis,11647,C1
blafard,11653,C1
ferroviaire,11658,B1
corsaire,11659,C1
glorifier,11661,C1
ponction,11668,A2
chanceler,11669,B2
nationale,11670,C1
briseur,11671,A2
loucher,11672,C1
maya,11673,C1
murer,11675,C1
extrémiste,11676,B2
bosco,11677,C1
lâchement,11678,C2
condamné,11679,C1
carburateur,11680,C1
crémaillère,11684,C2
chieur,11692,C1
incalculable,11694,B1
hérédité,11700,B2
écarquiller,11701,B2
sédatif,11702,C1
triomphal,11710,C1
ledit,11711,C1
préparatoire,11713,C1
bai,11714,C1
socialement,11716,B2
bibi,11717,C1
tricherie,11720,C1
chiquer,11725,C1
découdre,11726,C1
rafistoler,11728,C1
abordage,11729,C1
profiteur,11730,B2
zigzag,11732,C1
lice,11733,C1
invariablement,11735,B2
corneille,11736,C1
incontestable,11738,C1
frémissant,11740,C2
lino,11743,C1
sociable,11745,B1
bassesse,11748,C1
incompris,11750,B2
mutilé,11753,C1
dégagé,11757,C1
lorgner,11759,C2
bâter,11760,C1
composant,11761,C2
ridé,11766,C1
immersion,11770,C2
bâillon,11778,C1
rationnement,11779,C1
cueillette,11781,B2
côtier,11784,B1
solstice,11785,B2
sinus,11787,C1
scribe,11790,C1
sous-directeur,11791,C2
bi,11792,C1
chauffard,11794,C1
spécifier,11797,B1
plaintif,11798,C1
dominicain,11800,C1
rabâcher,11806,C1
cramoisi,11810,C1
quereller,11812,C1
mixture,11815,A2
alliage,11816,C1
cambouis,11817,C1
lasso,11818,C1
divagation,11820,C1
réserviste,11830,C1
fusible,11833,C1
gesticuler,11834,C1
assortir,11835,C1
baryton,11836,C1
choriste,11838,C1
grimacer,11842,C1
rebâtir,11847,C1
causette,11852,C1
vaillamment,11853,C1
entailler,11854,C1
hagard,11865,A2
mutisme,11869,C1
foutrement,11876,C1
nique,11878,C1
arborer,11882,C1
aryen,11883,C1
taillé,11885,C2
salace,11887,C1
choral,11889,B1
fané,11890,C2
matrimonial,11893,C2
ventilation,11894,C2
judo,11899,C2
boursier,11902,B1
habitable,11903,B2
étranglement,11904,C1
bienséance,11905,C1
voilé,11907,C1
réglé,11909,C1
erre,11911,C1
marchandage,11915,C2
redoute,11916,C1
inchangé,11917,C2
cartilage,11920,C1
netteté,11922,C1
brio,11924,C2
bla-bla,11925,C1
plie,11926,B1
dompteur,11928,C1
harpie,11929,C1
grand-tante,11931,A2
hit,11932,C1
courre,11933,C1
immunitaire,11936,C1
pommeau,11939,C1
décoder,11940,C1
purification,11941,C1
pathologique,11945,C1
texan,11946,C1
extravagance,11949,C1
inconfort,11952,C1
baromètre,11953,B1
twist,11956,C1
farouchement,11961,C1
dérobé,11962,C1
servile,11963,C1
innocemment,11964,C1
hollywoodien,11965,C2
vrombissement,11970,C1
rouble,11972,C1
charpie,11973,C1
objectivement,11974,C1
anesthésier,11979,B2
renversement,11982,C2
oubliette,11985,C1
criard,11988,B2
contre-attaquer,11989,C1
boutonneux,11992,C1
berne,11993,C1
médian,11997,C1
affilé,11999,C1
biais,12001,C1
tanguer,12003,C2
machinerie,12012,C2
liesse,12016,B1
turbin,12017,C2
séropositif,12018,C2
équitablement,12020,B2
convulsion,12023,C2
asservir,12024,B2
romano,12027,C1
parjure,12029,C2
réprimande,12031,C2
procréer,12034,C2
viscère,12036,C2
corpulence,12038,C2
reliure,12039,C2
commémoratif,12041,B1
martien,12047,C1
péripétie,12050,C1
burlesque,12051,C2
arrière-salle,12052,C2
essoufflé,12053,C2
somnoler,12056,C2
irrécupérable,12057,C1
financièrement,12058,C2
flotteur,12060,C2
hiéroglyphe,12064,C2
chanoine,12065,C2
griffonner,12067,C2
incontestablement,12072,C2
tumultueux,12076,C1
électrochoc,12079,C2
trouduc,12082,C2
victuaille,12083,C2
vidange,12084,C1
tourbillonner,12088,C2
zoom,12090,A2
sangler,12092,B2
culminant,12093,C2
dégradant,12094,B1
licenciement,12099,B2
ébullition,12101,B2
enticher,12102,C2
désarmé,12110,C2
déterminant,12116,B1
emboîter,12117,C2
spécialisé,12119,C2
prénommer,12124,B2
épars,12125,C2
partance,12128,C2
implorant,12129,C2
intolérance,12132,B2
appoint,12133,C2
ménagerie,12134,C2
victorien,12135,C1
obstinément,12140,B1
cellophane,12143,C2
raffinerie,12151,C1
territorial,12154,B1
cajoler,12156,C2
pépite,12161,C2
cottage,12162,C2
raviser,12166,C2
alexandra,12167,B1
relater,12172,B1
magnétoscope,12175,C1
fonderie,12176,C2
pilori,12179,C2
inopportun,12181,C2
câliner,12183,C2
anormalement,12184,C2
oméga,12185,C2
armada,12186,C2
stèle,12187,C2
cannibale,12188,C1
féerique,12189,C1
médiatique,12190,C1
réchapper,12191,C2
coutumier,12198,A2
jasper,12199,C2
sana,12200,C2
comptine,12201,C2
alpin,12203,B1
évocation,12204,B2
bourguignon,12207,B2
verticale,12208,C2
antéchrist,12211,C2
précepte,12212,B2
brodé,12216,C2
répréhensible,12219,C2
odyssée,12221,C2
impertinence,12222,C2
enliser,12225,C2
subtilement,12226,C2
négociable,12227,C2
manqué,12230,C2
impunité,12232,B2
percussion,12233,C2
eucalyptus,12237,C2
grappin,12241,C2
assourdissant,12243,A1
centurion,12244,B2
irrépressible,12245,C2
oppressant,12248,C2
emmerdant,12249,C2
lunch,12254,C2
gestation,12256,C2
paperasserie,12259,C2
maisonnette,12262,B1
verticalement,12266,C2
ablation,12270,C2
éclaircie,12273,C2
voluptueux,12274,C2
entretuer,12276,C2
goal,12277,C2
mandibule,12279,C2
obligeance,12280,C2
professionnellement,12282,B1
acoustique,12283,C1
tribun,12291,C2
ombrer,12292,C2
honteusement,12302,C2
savoir-vivre,12303,B1
terreau,12304,C2
passe-passe,12306,C2
réorganiser,12313,C1
pouilleux,12316,C2
chamade,12318,C2
enclave,12322,C2
saccadé,12326,C2
répugnance,12329,C2
quota,12330,B2
fanatisme,12331,C2
gisement,12336,B1
ingérence,12337,C2
desservir,12339,B1
tarin,12340,C2
résigné,12341,C2
délinquance,12342,B1
incarcération,12344,C2
consultant,12346,B2
bourrasque,12352,C2
toscan,12355,C2
devon,12356,C2
offensant,12357,C1
nirvana,12358,C2
malhonnêteté,12359,B2
carabinier,12365,C2
rainure,12367,C2
grésillement,12368,C2
préoccupé,12370,C2
oraison,12371,C2
clash,12372,C2
baigneur,12375,C2
condisciple,12377,C2
taulier,12378,C2
propagation,12384,C1
mauser,12386,C2
chéquier,12397,C2
litanie,12399,C2
laisser-aller,12401,C2
démarquer,12407,A2
taillis,12409,C2
hochet,12410,C2
périmer,12412,C2
chancellerie,12414,C2
joufflu,12418,C2
troué,12425,C2
speech,12426,C2
documenter,12427,C2
bovin,12428,C2
rehausser,12431,C2
svelte,12434,C2
réactionnaire,12438,B1
foulée,12439,B1
bénéficiaire,12444,C1
interrogateur,12446,C2
figaro,12447,C2
diminution,12453,B1
torero,12454,B1
laquer,12456,C1
blaser,12459,A2
sidérer,12460,C2
mural,12461,A1
dominion,12465,C2
langer,12474,C2
vexé,12478,C2
flasher,12479,C2
raté,12482,C2
métrage,12484,C1
rembourrer,12485,C2
marxiste,12488,C1
redécouvrir,12492,B1
subjuguer,12496,B1
tordant,12497,C2
envenimer,12498,C2
brutaliser,12503,C2
rénal,12506,C2
sonnet,12507,C2
oeuvrer,12509,B1
oppresser,12512,C2
séchoir,12515,C2
mollet,12516,B1
congénital,12519,C2
gastrique,12520,C1
jeunot,12521,C2
écosser,12522,C2
cafter,12524,C2
électrocuter,12525,C2
ballotter,12528,C2
diablesse,12530,C2
prérogative,12532,C2
internement,12543,C1
doge,12545,C2
décommander,12547,C2
instit,12550,C2
contrarié,12551,C2
bingo,12552,C2
intraitable,12554,B1
irriguer,12556,C2
exposé,12557,A1
trouvé,12562,C2
névrosé,12563,C2
tripot,12565,C2
textile,12566,A1
tortionnaire,12567,C2
modérément,12568,C2
bouledogue,12569,C2
terrine,12570,C2
corpus,12574,C2
épitaphe,12577,C2
parallèlement,12581,C1
aga,12585,C2
cantonnement,12587,C2
régularité,12589,B1
virée,12590,C2
gisant,12592,C2
virtuellement,12600,C2
seller,12605,A1
coloration,12609,C2
cotisation,12615,B1
aberrant,12616,C2
succion,12618,C2
insubordination,12619,C2
renversant,12621,C2
dictée,12622,B1
clôturer,12624,C2
fane,12625,C2
plumage,12627,C2
enjoué,12630,C2
scrupuleusement,12633,C2
best-seller,12635,B2
thermal,12637,C2
débardeur,12640,C2
sérénade,12641,C1
incinération,12647,A2
sollicitation,12653,C2
arrière-train,12657,C2
soubresaut,12658,C1
méditerranéen,12660,B1
veto,12662,C2
chambrer,12664,A1
passe-partout,12665,B1
férocement,12666,C2
plongeant,12667,C2
grimoire,12668,C2
réapprendre,12669,C1
arrière-cour,12671,C2
limitation,12675,C1
bouler,12677,A1
redingote,12678,C2
sèchement,12682,B1
antisémite,12683,C2
masqué,12684,C2
officieusement,12687,C2
superstar,12689,C2
infranchissable,12691,C2
enviable,12692,B1
jouvence,12697,C2
philtre,12703,A2
méritant,12705,C2
té,12707,C2
chicane,12708,C2
divinement,12709,C2
circonscription,12710,C2
loyalement,12712,A1
idyllique,12715,B2
religieusement,12719,C2
snobisme,12720,C1
esclaffer,12726,C2
purin,12727,C2
regroupement,12732,B2
immensément,12733,B2
constipation,12737,C2
remiser,12740,B1
apocalyptique,12746,B1
altération,12747,C2
désaffecté,12748,C2
rosette,12750,B2
porridge,12752,C2
hippie,12753,C2
turbulent,12754,C1
imaginatif,12755,C2
amnésique,12757,C2
exubérant,12758,A1
gaîté,12761,C2
missive,12766,C2
tambouriner,12768,C1
daller,12772,C2
brocante,12773,A1
levée,12776,C2
sudiste,12777,C2
menotter,12778,C2
panoramique,12779,A1
piailler,12783,C2
dissident,12784,B2
canasson,12789,C2
relâchement,12792,C1
pleurnichard,12793,C2
hippique,12794,C2
armurier,12796,C2
grog,12800,C2
ricochet,12801,C2
adjuger,12802,C2
militer,12803,B1
successivement,12806,C2
écourter,12808,C2
indistinctement,12813,B1
meublé,12814,C2
mollement,12816,C2
échauffement,12817,C2
explicitement,12818,C1
conjuguer,12819,B1
expressément,12823,B1
valider,12825,C2
ré,12830,A1
rapetisser,12831,B2
ducat,12839,B2
pneumatique,12841,A2
farfouiller,12842,C2
initialement,12845,B2
bassiste,12850,C2
brancardier,12851,C2
verso,12853,C2
zigzaguer,12855,C2
féconder,12862,C2
exclamer,12863,A1
désillusion,12864,B1
auditionner,12866,C2
poudrer,12867,C1
ligner,12872,C2
humainement,12873,B1
dogme,12875,C2
lacrymogène,12876,C2
concrètement,12878,B2
dan,12885,A1
cheminot,12889,C2
cherry,12893,C2
saisonnier,12895,B2
tyrolien,12896,C2
schnaps,12898,C2
pirogue,12901,A2
voleter,12906,C2
affubler,12907,B2
dépassé,12909,C2
polichinelle,12911,C2
embolie,12912,C2
respectabilité,12913,C2
frappé,12915,C2
marseillais,12916,C2
éluder,12923,C1
surdité,12926,C2
autodestruction,12935,C2
burin,12939,C2
statuer,12942,C1
dévolu,12947,B2
saliver,12952,C2
abricot,12957,A1
moulure,12958,C2
révolutionner,12963,A2
grisonnant,12964,B2
chambellan,12967,C2
trôner,12969,B1
fine,12970,B1
refluer,12973,C2
dysenterie,12975,C1
youpin,12982,C2
misérablement,12984,C2
désertique,12985,B1
impalpable,12990,C2
espacer,12991,B1
bourrelet,12993,C2
bloqué,12995,C2
enflé,12997,C2
contraint,12999,C2
tapant,13002,C1
terreux,13003,C2
secundo,13004,C2
artificiellement,13006,C1
dilatation,13012,C2
tétanos,13013,C1
inconsolable,13017,C2
poseur,13020,C2
subterfuge,13021,C1
déclamer,13025,C2
déchu,13026,C2
rétrograder,13027,C2
heurt,13040,B1
croco,13041,C2
chantilly,13043,C2
étal,13046,C2
irrémédiable,13053,C2
législatif,13056,A2
périodique,13058,C2
inaction,13063,C2
sevrage,13067,C1
gauchiste,13069,C2
incriminer,13070,C2
déformé,13074,C2
sclérose,13075,C2
celte,13077,A2
cortex,13085,C1
amourette,13088,C2
conjoint,13089,B2
contre-courant,13091,A2
rêvé,13094,C2
guenon,13095,C2
saisissant,13100,B2
mol,13103,C2
admiratif,13104,C1
colérique,13106,A2
accablé,13109,C2
bandé,13110,C2
inaltérable,13112,C2
tricolore,13117,B1
examinateur,13119,C1
murmurant,13120,C2
strangulation,13121,B2
auditorium,13122,A2
hitlérien,13123,C2
extra-terrestre,13131,C2
aphrodisiaque,13133,C2
mousqueton,13134,C2
albatros,13135,C2
balthazar,13136,C2
pentagone,13139,C2
honorablement,13144,C2
rainer,13146,C2
équestre,13151,C2
dégrafer,13158,C2
clavecin,13161,C2
cambrer,13170,C2
pimpant,13174,C2
pratiquant,13177,B1
gousset,13180,C2
bohème,13183,C2
gynéco,13184,C2
inhibition,13188,C1
vieillot,13191,B1
chronométrer,13192,C2
intransigeant,13195,A2
simulateur,13196,C2
segment,13198,C2
épanchement,13201,C2
aztèque,13205,A1
subconscient,13207,C2
usurpateur,13211,C2
ramasseur,13213,C2
concrétiser,13218,C1
paralysant,13222,C2
moderniser,13223,B1
vendange,13224,A1
ingénu,13226,C2
transversal,13229,B2
inca,13231,B1
archet,13232,C2
sadisme,13241,C2
inter,13244,C2
réincarner,13245,C2
vaudeville,13247,C2
autocollant,13248,C2
informel,13252,B1
collatéral,13257,C1
nominer,13259,C2
plastic,13261,C2
refourguer,13264,C2
instituer,13268,B1
plissé,13269,C2
printanier,13271,C1
signalisation,13273,C2
rondeur,13274,C2
répercuter,13275,C1
prélasser,13276,C2
invocation,13285,C2
pectoral,13286,C2
inciser,13288,C2
climatique,13292,B1
bulbe,13293,B1
constatation,13295,B2
clouté,13296,C2
pincée,13297,C2
retordre,13299,C2
rancart,13300,C2
médicalement,13302,B1
exorbitant,13304,B2
détromper,13310,C2
pont-levis,13315,A1
idéalement,13318,C2
literie,13323,C1
crochu,13324,C2
maure,13325,C2
raquer,13327,C2
dégénérescence,13332,C2
lancinant,13333,B2
lamentablement,13337,C2
conformisme,13341,B1
modalité,13347,B1
vire,13350,C2
prologue,13352,C2
pagaie,13355,C2
immature,13356,C2
fourbu,13357,B1
inexact,13358,C2
jongleur,13359,A1
sibérien,13360,B1
canarder,13367,C2
surlendemain,13369,C2
gambader,13371,C2
imprésario,13373,C2
finale,13375,A1
panzer,13376,C2
éolien,13378,C2
perforation,13379,C2
casting,13382,C2
hébété,13389,C2
rechigner,13394,C2
agrafer,13395,C2
représentatif,13396,B1
exhibitionniste,13399,C2
rouer,13400,C2
majorette,13406,C2
schizophrène,13408,C2
studieux,13411,C2
aiguiller,13416,C1
décadent,13422,C2
revêtement,13426,B1
teigne,13431,C2
belle-famille,13435,A2
bienfaisant,13436,B2
outsider,13437,C2
fréquenté,13438,C2
obnubiler,13439,C2
loubard,13448,C2
impérialiste,13450,C2
ras-le-bol,13451,C1
entre-tuer,13454,C2
lavement,13456,C2
conformité,13459,C2
biler,13460,C2
sergent-major,13462,C2
impuni,13463,C2
tiédeur,13464,C2
balbutier,13465,C2
simpliste,13467,B2
fioriture,13468,C2
placenta,13475,C2
incommensurable,13476,C2
exaspération,13482,C1
moulage,13484,C2
insatisfait,13486,C2
traitant,13488,C2
végétatif,13491,C2
ceindre,13492,C2
charade,13493,B1
rattrapage,13495,C1
godet,13503,C2
dissection,13507,B1
antibiotique,13510,C1
ininterrompu,13511,C2
géologique,13512,C1
pinède,13515,C2
tréteau,13516,A2
contre-jour,13517,C2
gemme,13520,B1
nonchalance,13521,C2
ménagement,13523,C2
horizontale,13525,C2
enfourner,13527,C2
passible,13530,C2
avidement,13536,A1
ballot,13540,C2
collimateur,13542,C2
ténu,13543,C1
saxo,13544,C2
frigide,13546,C2
batifoler,13547,C2
énième,13548,C2
mélo,13551,C2
acre,13557,C2
ailé,13559,C2
garçonnier,13560,C2
sourdre,13561,C2
chevauchée,13563,C2
derrick,13568,C2
paparazzi,13570,B1
cadrer,13572,A2
attardé,13573,C2
preste,13574,C2
irakien,13575,C2
éclosion,13576,C2
délabré,13577,C2
insoluble,13581,B1
magnificence,13584,C2
rasade,13586,C2
soubrette,13588,C2
égrener,13589,C1
martin,13598,C2
cailler,13599,C2
foret,13601,C2
accusateur,13602,C2
épousseter,13604,C2
ci-joint,13605,A2
invité,13609,A1
phallus,13610,C2
adjudant-chef,13611,C2
cymbale,13615,C2
uppercut,13621,C2
cabrer,13623,C2
barré,13624,C2
ratatiner,13625,C2
drink,13626,C2
affligeant,13632,C1
sous-secrétaire,13637,C2
vichy,13641,C2
bâillement,13646,C1
oranger,13647,C2
apathie,13650,C2
prodigieusement,13652,C2
maladroitement,13656,C1
capillaire,13657,C2
piaillement,13659,C2
lyre,13666,C2
libertin,13667,C2
indolent,13669,C2
dépistage,13670,C1
disqualifier,13672,C2
monopoliser,13675,C2
transcrire,13676,C1
enraciner,13679,B1
euphorique,13681,C2
détremper,13686,C2
identifiable,13691,B1
perdreau,13693,C2
respirateur,13694,C2
lotissement,13696,C2
hussard,13697,C2
ruisselant,13699,C2
transmutation,13700,C2
conciliation,13703,B2
consacré,13704,C2
cookie,13705,C2
chapelier,13706,C2
rythmique,13707,B2
brie,13709,A2
auréoler,13711,C1
occulter,13713,C1
dorsal,13715,C2
désobéissance,13723,B2
crudité,13724,A1
daube,13725,A1
contraception,13727,B1
impala,13728,C2
balafrer,13731,C2
illégalement,13732,C2
reluire,13733,C2
enfoncé,13734,C2
roucouler,13735,C2
sonné,13737,C2
walkman,13741,C2
molette,13742,C2
moufle,13744,C2
contrition,13745,C2
désagréger,13749,C2
comateux,13752,C2
urticaire,13753,C2
laïus,13760,C2
rectum,13761,C2
prostré,13765,C2
fumoir,13766,C2
mesquinerie,13767,C2
chevaleresque,13773,C2
prolo,13778,C2
soudure,13780,C2
omniprésent,13784,B1
spider,13785,C2
treille,13786,C2
opulent,13787,C2
normale,13790,C2
inventif,13792,B1
arrimer,13793,C2
minutie,13794,C2
patinoire,13796,A2
légat,13800,C2
inviolable,13801,C2
fanfaron,13802,C2
chopper,13803,C2
endiguer,13804,B1
ballant,13807,C2
décourageant,13812,C2
réceptif,13813,B2
encombré,13815,C2
dépravation,13816,C2
lancée,13819,B2
pique-niquer,13822,A1
jubilation,13824,B2
hérissé,13827,C2
agrémenter,13828,B1
typhoïde,13829,C2
calcaire,13833,A1
tapioca,13834,C2
armurerie,13836,C2
patraque,13844,C2
princier,13845,C2
anesthésiste,13849,C1
écorché,13850,C2
malléable,13852,C1
modernité,13854,B1
anglo-saxon,13855,B1
bridé,13856,C2
sponsor,13857,C1
laqué,13858,C2
perversité,13864,C2
semonce,13871,C2
entraide,13872,C2
furoncle,13873,C2
réitérer,13880,C2
grésiller,13882,C2
tabernacle,13883,C2
déposséder,13888,B2
bombarde,13889,C2
froissement,13890,C2
embusquer,13893,C2
sanglotant,13894,C2
opus,13896,C2
surchauffer,13898,C2
mazout,13899,C2
calciner,13900,C1
compresser,13901,C2
implant,13902,B1
coexister,13903,C2
buvette,13905,C2
colique,13907,C2
manitou,13909,C2
étole,13912,B1
perquisitionner,13913,B2
troubadour,13914,A1
cadavérique,13919,C2
dèche,13921,C2
inoccupé,13922,C2
pissotière,13925,C2
ciré,13928,C2
cousu,13930,C2
portrait-robot,13935,C1
délavé,13937,C2
balistique,13940,C2
élégamment,13944,C2
guillaume,13946,C2
désapprobation,13947,C1
apesanteur,13948,C2
peaufiner,13949,C2
ressurgir,13950,C2
cellulite,13952,C2
intermède,13954,B2
opportuniste,13958,C2
inutilité,13961,B2
exsangue,13963,B1
guêtre,13964,C2
cliqueter,13967,C2
rétrograde,13970,C2
rebond,13972,C2
hebdo,13973,A2
exubérance,13976,C2
lagon,13977,C2
racornir,13978,C2
drachme,13981,C2
aristocrate,13982,B2
frustré,13989,C2
dérivation,13991,C2
madras,13993,C2
innommable,13994,C2
forage,13995,C2
comics,14001,C2
panade,14004,C2
embardée,14005,C2
procréation,14007,B1
missel,14012,C2
dévasté,14015,C2
dialectique,14018,C2
cobalt,14019,C2
forniquer,14025,C2
milligramme,14026,C2
acclimater,14034,C2
superposé,14035,C2
voiturier,14039,A2
poudrier,14040,C2
zézette,14042,C2
foncièrement,14047,B2
bookmaker,14051,C2
shilling,14052,C2
naseau,14053,C2
escalope,14054,C2
amenuiser,14056,C2
rejaillir,14059,A2
indomptable,14063,C2
timing,14072,C2
troisièmement,14073,A2
encastrer,14076,C2
sous-chef,14077,C2
syndic,14079,B1
humus,14081,C1
effarant,14084,C2
déchausser,14085,C2
bourrin,14086,C2
rapatriement,14089,A1
inextricable,14090,C2
tacot,14091,C2
gangrener,14093,C2
peseta,14096,C2
tricycle,14097,C2
assureur,14102,C1
transitoire,14108,C1
pimenter,14110,A2
grinçant,14114,A1
soliste,14115,C2
rémunération,14117,B2
groin,14118,C2
jante,14119,C2
veuvage,14122,C2
lombard,14123,C2
quiche,14126,A2
broc,14132,C2
récrimination,14133,C2
ouï-dire,14135,C2
savate,14137,C2
randonner,14138,C2
signifiant,14139,C2
déjanter,14142,C2
orthopédique,14144,C2
quadrille,14146,B2
transplantation,14148,C2
régence,14151,C2
branle-bas,14153,C2
palmarès,14155,C2
strass,14156,C2
condor,14157,C2
rectangulaire,14158,C1
bougeotte,14160,C2
stalinien,14168,C2
boomerang,14170,C2
tuba,14173,C2
intraveineux,14180,C2
rhino,14181,C2
blasphémer,14183,C2
providentiel,14184,C2
momentané,14188,B2
dandiner,14190,C2
flag,14192,B2
basset,14193,C2
équatorial,14195,C1
soupeser,14200,C2
découragement,14203,C2
couffin,14204,C2
suffocation,14205,C2
dessoûler,14206,C2
grisaille,14207,B1
aprèm,14209,C2
timbré,14210,C2
réfractaire,14213,C2
spirituellement,14215,C1
charretier,14221,B2
laper,14223,C2
affectionner,14225,B2
intellectuellement,14227,C1
insémination,14234,C2
catho,14236,C2
poreux,14243,C2
bombé,14245,C2
winchester,14247,C2
chronologique,14249,B2
budgétaire,14251,B2
garde-chasse,14252,B2
samovar,14255,C2
indéfinissable,14258,B1
emballé,14262,C2
liquéfier,14265,C1
grimpant,14266,C2
grenadine,14267,C2
boréal,14270,C2
râpé,14276,A2
récidive,14278,C2
diverger,14280,C2
dédaigneux,14281,C2
cocorico,14284,B1
patrouilleur,14286,C2
beurré,14289,C2
carlin,14296,C2
machiniste,14297,A1
surenchère,14298,C1
réessayer,14301,C2
recherché,14303,B1
dynamisme,14308,C2
simultané,14311,C2
clapotis,14312,C2
dramaturge,14316,A1
feutré,14317,C2
chevrotine,14318,C2
synchronisation,14325,B2
muette,14326,C2
baldaquin,14330,C2
déferlement,14331,C2
transparaître,14334,B1
humecter,14337,C2
décolorer,14339,C2
brandy,14341,C2
fourmiller,14347,C2
floral,14349,C1
rustre,14351,C2
recharge,14352,B1
dojo,14353,C2
conditionnement,14355,C1
roder,14356,C2
rallonger,14357,B2
embrayer,14359,C2
napalm,14363,C2
doser,14365,C1
candélabre,14366,C2
civet,14375,C2
raccord,14377,C2
mikado,14381,C2
détection,14383,C2
réorganisation,14384,C2
raccorder,14387,C1
lamelle,14388,A2
hypnotique,14393,C1
immatériel,14394,C1
cosmétique,14396,C1
freinage,14400,C2
encourir,14401,C2
modéré,14402,C1
écroulement,14403,C2
balafre,14404,C2
avilir,14406,C2
enserrer,14409,C2
pointé,14410,C2
adage,14413,B2
orangé,14414,B2
recomposer,14416,A1
imam,14420,C2
jactance,14423,C2
hombre,14428,C2
gave,14430,C2
dégoulinant,14431,C2
insomniaque,14435,C1
parlé,14436,A1
salamandre,14437,C2
ouistiti,14444,C2
pourvoyeur,14446,B2
analphabète,14447,B2
baluchon,14450,B1
émir,14451,C2
fagot,14453,C2
maugréer,14456,C2
débander,14462,C2
passivité,14468,B1
attenant,14470,C2
charcuter,14472,C2
saboteur,14473,C2
pagne,14475,C2
abouler,14476,C2
surmener,14477,B1
rosbif,14478,C1
moulinet,14482,C2
contraster,14483,B1
artefact,14485,C2
briquer,14487,C2
accélérateur,14488,C1
entrecroiser,14489,C1
fructifier,14491,B2
vantard,14492,C2
goulag,14493,C2
rechuter,14498,C2
absorbant,14500,C2
chorale,14501,B1
starlette,14504,C2
naïvement,14506,C2
lustrer,14507,C2
végéter,14508,C2
environner,14509,C2
épileptique,14511,C1
lope,14513,C2
domestiquer,14516,C2
butter,14518,C1
légitimement,14523,B2
sertir,14525,C2
corolle,14526,C2
connais,14527,C2
amarrage,14530,C2
égoutter,14532,C2
court-circuiter,14535,C2
agglutiner,14536,B2
arbitrage,14540,C2
cupidon,14542,C2
tringler,14543,C2
magnétisme,14545,C2
discipliné,14550,C2
pomponner,14551,B1
directif,14553,C1
condenser,14557,C1
imparable,14559,C2
gravé,14565,C1
cohabitation,14569,A2
virtuose,14572,C2
dégotter,14576,B1
confit,14580,C2
planton,14583,C2
bigre,14584,C2
mastic,14586,C2
débrider,14589,C1
truqué,14592,C2
enlaidir,14595,B2
dormeur,14600,C1
euthanasie,14603,C2
frac,14604,C2
planant,14607,C2
excentricité,14608,C2
diablement,14609,C2
rameuter,14615,C2
aplanir,14616,C2
tolérable,14620,C2
noblement,14622,C2
beaujolais,14625,B1
pelé,14626,A2
glapir,14629,C2
altruisme,14631,C2
tardivement,14632,C2
pragmatique,14636,C1
archéologique,14637,A1
invaincu,14646,C2
malodorant,14648,C2
stéthoscope,14649,C2
pétiller,14650,C1
goutter,14651,C2
face-à-face,14654,C2
quartier-maître,14656,C2
bagnard,14657,C2
télégraphique,14658,C2
inexorable,14660,C2
invivable,14662,C2
profanation,14663,C1
hermétiquement,14665,C1
mastiquer,14669,C2
syndiquer,14670,C2
canin,14671,A2
barde,14675,C2
pubien,14680,C2
irrespirable,14682,C1
pavoiser,14683,C2
languissant,14685,C2
somnambulisme,14686,C2
avantager,14689,C2
courroucer,14692,C2
désintoxiquer,14694,C2
hôtelier,14695,B1
réouverture,14696,C2
fuyard,14698,C2
mélodramatique,14700,C2
résident,14702,A1
nénuphar,14703,C2
bricoleur,14704,A2
dico,14707,C2
biliaire,14710,C2
crash,14711,C2
fox-trot,14712,C2
bicarbonate,14713,C2
attabler,14714,B1
virevolter,14723,C2
déplaisir,14724,C2
ramon,14726,C2
favorite,14727,C1
impayé,14728,C2
bagarreur,14730,C2
saillant,14732,C1
transfigurer,14733,B1
divertissant,14735,C1
dépister,14736,C1
distendre,14738,C2
thermostat,14739,C2
génétiquement,14744,C1
vinaigrette,14749,B2
prénatal,14756,C2
verdoyant,14757,B2
emménagement,14758,C2
témérité,14759,B1
fortification,14760,C2
dépannage,14761,C2
ébréché,14762,C2
dirigeable,14764,C2
cerné,14765,C2
réquisition,14766,C2
échoir,14771,C2
hilarité,14772,C2
irrévocable,14776,C2
squelettique,14777,C2
maintenance,14778,C2
chilien,14779,A1
brunch,14784,C1
vivifiant,14786,C2
dilaté,14787,C2
croquette,14788,C2
cuirassier,14790,C2
rougeoyer,14791,C2
somnolence,14792,B1
incorporation,14800,C1
auto-stop,14802,C2
paella,14803,C2
mi-clos,14804,C2
manga,14805,C2
écarteler,14810,C2
argumentation,14813,B2
cocker,14815,C2
grassement,14819,C1
enneigé,14823,C2
charter,14824,B1
parachuter,14826,A2
insensibilité,14827,C2
vigneron,14828,C2
baladeur,14829,A2
frustrant,14835,C2
pamphlet,14838,B2
vacillant,14839,C2
napolitain,14843,C2
volt,14844,C2
suif,14845,C2
bidoche,14849,C2
lombaire,14852,C2
rutilant,14853,C2
marmaille,14854,C1
églantine,14855,A2
saucer,14856,C2
esquimau,14861,A1
mafieux,14865,C2
pitrerie,14866,C2
coefficient,14867,C2
convergence,14868,C1
fastoche,14872,C2
recompter,14874,A1
colleter,14875,C2
braille,14876,C2
corbin,14877,C2
genêt,14880,C2
inexprimable,14883,C2
envoûtant,14884,C2
arrière-goût,14885,C2
boiserie,14887,B2
tranquillisant,14889,A1
alpe,14890,C2
globuleux,14891,C2
herpès,14892,C2
pieusement,14894,C2
désarmement,14896,C2
barge,14897,C2
interception,14899,C2
ahurissant,14901,C2
festif,14902,B1
bouquiner,14903,A1
percutant,14908,C2
galle,14914,C2
cylindrique,14919,C2
délectable,14920,C2
matérialiste,14921,C2
paprika,14923,C2
su,14924,C2
reboire,14926,C2
rumba,14927,C2
palet,14929,A1
adroitement,14932,A2
salpêtre,14934,C2
embourber,14936,C2
nacré,14939,C2
désarçonner,14941,C2
chambrée,14942,C2
environnant,14943,B1
estuaire,14944,C2
voyance,14946,C2
fondé,14947,B2
merguez,14949,B1
mythologique,14950,C2
culbute,14952,C1
fauche,14953,C2
diagonale,14955,C1
indicatif,14956,C2
consécration,14957,C1
autiste,14964,C2
rosé,14965,C2
remake,14969,C2
besogner,14970,C2
chauffe-eau,14972,A1
personnaliser,14973,C1
craché,14975,C2
ricocher,14977,C2
innover,14980,B1
existentiel,14981,C1
magnifier,14982,B2
inexcusable,14983,C2
yogi,14984,C2
vasculaire,14985,C2
démobiliser,14986,C2
jugé,14987,C2
séquestre,14988,C2
béat,14993,C2
derby,14995,C2
fourberie,15000,C2
colombien,15001,C2
incorruptible,15002,C2
pédicure,15003,C2
fauter,15012,B1
hispanique,15015,C1
proscrire,15016,B2
venant,15017,C2
minuter,15018,C2
fringale,15022,C2
caverneux,15024,A1
convulsif,15029,C2
bénitier,15033,C2
localement,15035,C2
homogène,15037,B1
entrebâillé,15038,C2
sphincter,15040,C2
scorbut,15043,C2
impartialité,15044,B1
stagnant,15045,C1
transposer,15047,C1
planification,15049,C2
lansquenet,15051,C2
parvenu,15052,C2
transporteur,15053,C1
consciencieusement,15056,B1
mustang,15057,C2
prévôt,15058,C2
sex-appeal,15059,C2
coursive,15060,C2
plongeoir,15061,C2
condensation,15063,C2
alfa,15064,C2
expérimenté,15066,C1
illettré,15068,C2
vaporisateur,15070,C2
aiguisé,15072,C2
triturer,15075,C2
géo,15077,C2
gnon,15078,C2
richissime,15080,A2
zouave,15083,C2
véracité,15090,C2
gargouiller,15091,C2
bajoue,15093,C2
développé,15095,C2
motoriser,15097,C2
empaillé,15098,C2
prolétarien,15103,C2
kilt,15105,C2
fauvette,15107,C2
obtention,15111,B2
divulgation,15112,B2
entrelacer,15113,C2
maraud,15114,C2
damier,15117,C2
exécutant,15119,C2
sonnant,15120,C2
godillot,15121,C2
siphonner,15126,C2
graduellement,15127,C1
perpétuellement,15128,C2
bachot,15129,C2
zodiaque,15130,C2
aigrir,15131,C2
infectieux,15132,C1
hépatique,15134,C2
amerloque,15135,C2
râpeux,15137,C2
composite,15140,C1
maryland,15142,C2
apostolique,15148,C2
flageller,15153,C2
préservation,15154,A2
majoritaire,15156,C2
effilocher,15157,C2
fugueur,15160,C2
sylvestre,15161,B1
organiste,15162,C2
philosophal,15166,C2
kitsch,15168,C2
doberman,15170,C2
festoyer,15171,B1
boléro,15175,C2
pocher,15176,B1
yo-yo,15177,C2
grommeler,15179,C2
liguer,15180,C2
pustule,15183,C2
turpitude,15184,C2
neurologue,15185,C2
malformation,15189,B2
guillotiner,15190,B1
illégalité,15197,C2
putréfaction,15198,C2
calciné,15203,C2
arbitrer,15208,C2
baliser,15209,A2
réjouissant,15210,C1
philosopher,15211,C2
cercler,15212,C1
aéré,15213,C2
misogyne,15216,C1
carbonique,15218,B1
mangeoire,15219,C2
investiture,15221,B2
rabrouer,15223,C2
pacificateur,15225,C2
ricain,15226,C2
mocheté,15227,C2
paysagiste,15228,B1
variant,15230,B2
flambe,15233,C2
duplicité,15234,C2
désarticuler,15235,C2
fluidité,15236,C2
canapé-lit,15239,C2
fracassant,15240,C2
recruteur,15241,A1
shaker,15242,C2
calibrer,15244,C2
fraterniser,15249,C2
historiquement,15252,B1
panda,15253,C2
esthéticien,15254,C2
indélicat,15255,C1
érudition,15257,C2
piquette,15260,C2
caillouteux,15263,C2
empailler,15265,C2
délester,15268,C2
patelin,15269,C2
ministériel,15271,A2
assaillant,15273,C2
indignité,15274,C2
emphase,15276,C2
véloce,15278,C2
excommunier,15279,C2
décolleté,15281,C2
frontalier,15282,C2
colporter,15283,C2
mana,15286,C2
ostentation,15288,A2
tiare,15289,C2
professionnalisme,15290,C2
régulateur,15291,B2
branché,15294,C2
palabrer,15296,C2
doucet,15301,C2
anorexie,15307,C2
surgeler,15308,A2
auge,15313,C2
cafetier,15315,C2
assoiffé,15316,C2
balte,15319,C2
nécrologie,15320,C2
pointillé,15323,B1
banditisme,15325,C2
bilingue,15327,B1
éparpillé,15328,C2
hardiment,15330,C1
balnéaire,15332,C2
putride,15337,C2
réactiver,15338,C1
enfumé,15341,C2
avarié,15342,C2
raki,15343,C2
tortilla,15345,C2
praline,15347,C1
terrassier,15348,C2
chauvin,15349,B1
assouplir,15350,B1
underground,15351,B2
fébrilement,15352,C2
gratifiant,15353,C2
ironiser,15356,C1
interaction,15357,B2
râtelier,15360,C2
duperie,15365,B1
drainage,15366,C2
viking,15369,C2
septique,15373,C2
drag,15374,C2
stoïque,15375,C2
noueux,15376,C2
paralytique,15382,C2
durant,15383,B1
lardon,15384,A2
rétrospectivement,15385,C2
burette,15388,C2
potiche,15389,C2
quinine,15391,C2
bouillonnant,15392,C2
déminage,15393,C1
miro,15398,C2
figuration,15399,C2
fiduciaire,15400,C2
tunisien,15401,C2
répétitif,15405,B2
exorbité,15414,C2
continuum,15415,C2
arrosé,15416,C2
trident,15417,C2
onction,15419,C2
gray,15421,C2
fusilier,15423,C2
prévenance,15424,C2
mon,15428,A1
parvis,15431,B2
bigleux,15432,C2
cardigan,15433,C2
asymétrique,15434,C1
jardinet,15435,C2
caneton,15436,C2
synthétiseur,15437,C2
racolage,15439,C2
formol,15444,C2
féodal,15446,A1
berlinois,15447,C2
minibus,15452,C2
enrichissant,15457,C1
fournil,15459,B2
extrait,15460,B1
remontrance,15461,C2
globalement,15464,A1
désorganiser,15465,C2
intentionné,15467,C2
rationner,15468,C2
cannibalisme,15469,C2
créance,15470,C2
espacé,15471,C2
maso,15474,C2
articulé,15475,C2
épurer,15476,B1
imperturbable,15477,C2
décoloré,15478,C2
chianti,15479,C2
chas,15481,C2
versé,15482,C1
femmelette,15483,C2
tulle,15485,C2
subtiliser,15486,C2
bohémien,15489,A2
lourdeur,15492,C2
macadam,15493,B1
sombrero,15494,C2
mensualité,15495,C2
ciboire,15498,C2
multinational,15499,B1
imager,15503,C2
gramophone,15505,C2
amputé,15508,C2
surnommé,15509,C2
susurrer,15510,C2
barracuda,15511,C2
entrechoquer,15516,C2
virulent,15517,C2
nourricier,15518,C2
inconsidéré,15524,C1
bolchevique,15525,C2
invétéré,15526,C2
poncer,15528,C2
gager,15530,C2
sauf-conduit,15533,C2
mécréant,15536,B2
conformiste,15538,B1
blablabla,15539,C2
motorisé,15543,C2
crédulité,15547,C2
relâché,15549,C2
bondissant,15550,C2
dévot,15551,C2
outré,15552,C2
vespa,15553,C2
moralisateur,15554,A2
pendouiller,15558,C2
loch,15560,C2
psychisme,15564,C2
hors-d'oeuvre,15566,A1
incestueux,15568,C2
penaud,15575,C2
sodomiser,15578,C2
déhancher,15579,C2
montagnard,15585,B2
peuplé,15586,C2
bébête,15588,C2
barjot,15589,C2
inattaquable,15590,C2
ajout,15592,C1
porte-jarretelles,15606,C2
appauvrir,15607,B1
quadruple,15611,C2
holding,15613,C2
garrigue,15617,C2
gringue,15620,C2
correctionnel,15621,C2
éros,15622,C2
entortiller,15626,C2
dominical,15627,A2
prolifération,15630,C2
turne,15633,C2
skip,15634,C2
inaugural,15635,C2
monte-charge,15636,C2
publiciste,15637,C2
vide-ordures,15638,B1
crustacé,15641,B2
frauduleux,15644,C1
crématorium,15645,C2
bavasser,15650,C2
dégeler,15652,C2
rarissime,15656,C2
surpeuplé,15658,C2
hors-jeu,15659,C2
feutrer,15666,C2
formaliser,15668,C2
décompression,15672,C2
talonner,15674,C2
massivement,15675,C1
concurrencer,15676,B1
authentifier,15677,C1
pertinence,15678,C1
rouille,15682,C2
emmagasiner,15683,C2
imperceptiblement,15684,C2
nourrissant,15685,C2
cracheur,15686,C2
chester,15690,C2
déglingué,15691,C2
crûment,15692,C2
communiant,15693,C1
plaid,15695,C2
zeppelin,15696,C2
utilisé,15697,C2
renaissant,15698,B1
pompette,15700,C2
bazarder,15704,C2
stimulation,15706,C2
muret,15708,C2
bichon,15710,C2
galvaniser,15711,C2
estampe,15713,C2
indéniablement,15714,C2
prophétique,15717,C2
animalier,15718,C2
pigeonnier,15721,C2
solennité,15726,B1
phallique,15731,C2
spartiate,15732,C2
fétichiste,15734,C2
calleux,15735,C2
formant,15739,C2
maquignon,15742,C2
fermant,15747,C2
agrégation,15748,C1
déjà-vu,15749,C2
impressionnable,15750,C2
appris,15752,C2
entrelacs,15754,C2
deviser,15755,C1
indéfini,15757,C2
accoler,15758,B2
comprimé,15759,A2
intérimaire,15760,C1
succube,15762,C2
tacheter,15763,A1
inhabitable,15766,C2
badin,15767,C2
bourricot,15768,C2
torpiller,15771,C2
irréalisable,15773,C2
vieillissant,15774,C2
tuberculeux,15775,C2
fuselage,15776,C2
cosmopolite,15778,B1
anorexique,15787,C2
convoyer,15789,B1
fécondation,15790,B1
huiler,15793,C2
journalistique,15796,C2
demandeur,15799,B1
celtique,15800,A2
grisâtre,15802,C2
clapier,15803,C2
rectangle,15804,B1
fibrille,15805,C2
fleurette,15806,C2
camus,15807,B2
proportionnel,15808,B2
exagérément,15809,B2
sanguinolent,15813,C2
voûter,15814,C2
fémoral,15816,C2
reconvertir,15818,C2
clairsemé,15820,C2
fanion,15821,C2
bougnoule,15824,C2
urinaire,15828,C1
présente,15831,C2
étioler,15834,C2
avachi,15836,C2
inégalité,15837,B1
bavarois,15839,B1
guimbarde,15840,C2
abjurer,15841,C2
sud-américain,15842,B2
suzerain,15843,C2
dorure,15844,C2
amollir,15848,B1
réanimer,15852,C2
exilé,15853,C2
chicorée,15857,C2
accrocheur,15859,C2
hilare,15860,C2
aérosol,15861,C1
gribouiller,15867,C2
crapuleux,15875,C2
lampée,15876,C2
jamaïcain,15885,C2
dépositaire,15886,B1
bouquiniste,15889,A2
trousser,15894,C2
incubation,15896,C2
mouvementé,15897,C2
dialyse,15898,C2
palefrenier,15899,C2
cador,15901,C2
fulminer,15902,C1
prévenu,15903,B2
roque,15904,C2
faire-valoir,15906,C2
dentition,15907,C2
potentiellement,15911,C2
boursouflé,15913,C2
sulfureux,15914,C2
filament,15915,C2
iniquité,15918,C2
thrace,15919,C2
radiophonique,15924,C2
recommandé,15928,C2
bielle,15930,C2
empaqueter,15932,C2
enjambée,15938,C2
notation,15939,A2
distraitement,15941,B2
dérèglement,15943,C1
hypertension,15944,C2
logistique,15953,C2
ébahi,15954,C2
déchargement,15955,C2
fétichisme,15959,C2
insertion,15961,C2
angelot,15964,C2
dénominateur,15971,C2
jupette,15975,C2
aimanter,15976,C2
dépayser,15981,C2
boxon,15983,C2
harceleur,15984,C2
cavalcade,15985,C2
barbouillé,15986,C2
master,15987,C2
respirable,15989,C2
inhalation,15994,B2
deçà,15998,C2
tavernier,15999,C2
copropriété,16000,C2
démunir,16001,B1
plombage,16004,C2
polaroïd,16005,C2
baragouiner,16006,C2
gratte-papier,16007,C2
empirique,16010,C2
alcazar,16012,C2
élogieux,16020,C2
papal,16021,C2
estimable,16023,C2
paradoxalement,16026,B1
surchauffe,16027,C2
mirette,16029,C2
scalper,16032,C2
boute-en-train,16036,C2
incarné,16038,C2
cinglant,16045,C2
machiavélique,16046,C2
lyrisme,16047,B2
reboucher,16049,B1
moduler,16050,C2
maraîcher,16052,C2
prolétaire,16053,C2
tiquer,16055,C2
dissolvant,16056,C2
lad,16058,C2
interchangeable,16060,C2
boyard,16062,C2
portuaire,16063,C2
échalote,16065,C2
polyester,16066,C1
cogiter,16068,C2
biographe,16069,C2
petiot,16074,C2
justaucorps,16075,B1
maquer,16077,C2
avoisinant,16079,C2
spongieux,16084,C2
moufter,16086,C2
aviver,16087,C1
corder,16089,C2
maquisard,16091,C1
sais,16094,C2
artificier,16095,C2
monogame,16098,A2
socquette,16099,C2
enhardir,16107,C2
sainement,16109,B2
calé,16111,C2
dînette,16112,C2
mangeable,16113,C2
verbalement,16115,C2
conjoindre,16117,B1
barbaque,16123,C2
affleurer,16126,B2
trille,16128,C2
pin-up,16129,C2
imitateur,16130,C2
oindre,16134,C2
dételer,16136,B1
suri,16138,C2
mort-né,16139,C2
baille,16140,C2
polytechnique,16144,C2
couronné,16145,C2
antiaérien,16147,C2
frénétiquement,16148,C2
irréductible,16152,C1
fessier,16153,C2
plancton,16155,C2
quaker,16157,C2
aduler,16160,C2
griot,16162,C1
lettré,16163,C2
vétuste,16164,B2
retravailler,16167,C1
régate,16168,C2
baseball,16170,C2
datcha,16171,C2
déshydrater,16172,C2
ferrailleur,16174,C2
cassoulet,16176,A2
dynamo,16177,C2
étourdissant,16178,C1
joué,16179,C2
stalle,16186,C2
télépathique,16187,C2
souffleur,16189,C2
possédant,16191,C2
esthète,16192,C1
conglomérat,16194,C2
découcher,16195,C2
résorber,16197,B2
défricher,16199,C2
conserverie,16201,C2
humaniste,16209,B1
moscovite,16210,C2
fortifié,16211,C2
préservatif,16214,B1
hétéroclite,16217,C2
séminariste,16218,C2
désintégration,16219,C2
tin,16220,C2
brader,16221,C2
activation,16222,C2
angélus,16224,C2
décibel,16226,C2
secourable,16229,C2
avachir,16230,C2
carambolage,16231,C2
scrabble,16233,C2
carole,16234,C2
magistrature,16237,C2
vouvoyer,16243,B1
semi-remorque,16245,C2
réalisable,16246,B1
yougoslave,16247,C2
radier,16248,C2
économiquement,16250,B1
estropié,16254,C2
caqueter,16256,C2
israélite,16257,C2
olympe,16258,C2
asocial,16260,C2
malaga,16263,A2
sottement,16266,C2
paddock,16267,C2
labrador,16269,C2
hit-parade,16271,C2
décoloration,16276,C2
contentieux,16277,C2
sublimer,16278,B2
matraquer,16279,C2
cherokee,16281,C2
rétamer,16282,B1
chaînette,16285,C2
mère-grand,16287,C2
inexplicablement,16289,C2
bouclette,16294,C2
décousu,16295,C2
patineur,16296,C2
pourpoint,16297,B1
viaduc,16298,C2
ébouriffé,16300,C2
surmenage,16302,C2
emmurer,16303,C2
botté,16304,C2
distillerie,16305,C2
carreler,16307,B2
parpaing,16311,C2
décomposé,16314,C2
fantomatique,16317,C2
macédoine,16320,C2
assesseur,16325,C2
édit,16327,A1
imbroglio,16328,C2
horloger,16334,C2
spectral,16335,B2
carburer,16337,A2
pommer,16341,C2
demi-litre,16342,C2
banco,16345,C2
crawl,16346,C2
dais,16349,C2
induction,16350,C2
esseulé,16353,C2
productivité,16360,C1
démaquiller,16361,A2
zonard,16362,C2
symbiose,16363,B2
ponctuer,16364,B2
rasta,16367,C2
ensommeillé,16368,C2
sereinement,16370,C1
self,16371,C2
rembobiner,16372,B2
contresens,16373,C1
postulant,16375,C2
cumuler,16377,B2
invective,16380,C2
optimal,16381,C2
groggy,16382,C2
bizut,16385,C2
dénaturer,16388,B2
nickelé,16389,C2
cravater,16391,A2
paroissial,16395,B2
pétarade,16396,C2
zéphyr,16398,C2
épluchure,16399,C2
renfrogné,16403,C2
consternant,16404,C2
marécageux,16409,A1
ronflant,16411,B1
pérorer,16416,C2
diététique,16417,B1
désintéressement,16419,C2
banaliser,16423,B1
psychédélique,16424,C2
titane,16426,C2
viscéral,16427,C2
commissionnaire,16428,C2
lavoir,16430,C2
kérosène,16431,C2
talkie-walkie,16435,C2
insignifiance,16436,C2
déprécier,16438,C2
flemmard,16440,B2
syndicaliste,16443,A2
abaissement,16444,C2
indolence,16446,C2
somnolent,16447,C2
famé,16453,C2
jardinière,16454,C2
collectivement,16455,C1
vénérien,16456,C2
allègrement,16465,C2
sophistication,16467,C2
dirlo,16468,C2
badiner,16469,C2
sulfurique,16471,C2
gyrophare,16475,C2
incontinence,16476,C2
antécédent,16477,C2
tutoiement,16479,B1
immoler,16480,C2
berthe,16488,C2
médiocrement,16490,C2
flageolet,16491,C2
bot,16493,A1
cul-de-jatte,16496,C2
favorablement,16497,C2
fluvial,16498,A2
sulfure,16500,C2
gargote,16505,C2
karen,16509,C2
débarcadère,16515,C2
déraisonner,16518,C2
phlox,16523,C2
musculature,16526,C1
godemiché,16528,C2
emblématique,16529,B1
futuriste,16535,C1
annonciateur,16538,C2
suée,16539,C2
prieuré,16543,C2
périssable,16545,C2
fakir,16547,C2
pilonner,16549,C2
platitude,16551,B2
moissonneur,16552,A2
attroupement,16553,B1
mormon,16556,C2
remontrer,16559,C2
dépassement,16564,C1
gibbon,16565,C2
trompettiste,16566,C2
minaret,16567,C2
varech,16570,C2
salsa,16575,A1
extrême-onction,16577,C2
diplômé,16578,C2
estivant,16579,C2
brand,16580,C2
sarrasin,16583,C2
prémonitoire,16584,C2
éditorial,16588,C1
voirie,16592,C1
bananer,16593,C2
défraîchi,16596,C2
maquilleur,16600,C2
causerie,16601,C2
verdâtre,16602,C2
exotisme,16603,A2
kir,16604,C2
raréfier,16605,C2
timonier,16606,C2
déboîter,16607,C2
restrictif,16608,C1
boulimie,16609,C2
teinturerie,16611,C2
tchécoslovaque,16612,C2
import-export,16613,A1
bafoué,16618,C2
clarisse,16619,C2
distrayant,16620,B1
pactiser,16622,C2
difformité,16625,C2
voltigeur,16627,C2
pétoire,16631,C2
attenter,16632,C2
jacquet,16634,C2
ascétique,16635,C2
mutant,16636,C2
meuglement,16639,C2
amidonner,16641,C2
dentelé,16643,C2
antichar,16648,C2
monarchiste,16649,C2
indisponible,16654,C2
chaperonner,16655,C2
aune,16656,C1
luxuriant,16657,C2
conquistador,16658,C2
jurisprudence,16659,C2
flop,16660,C2
moyennement,16662,C2
insensiblement,16665,C2
coagulation,16666,C2
faux-semblant,16667,C2
demi-sommeil,16669,C2
conclave,16671,C2
évertuer,16673,C2
nécrologique,16675,C2
doper,16676,B2
chemisette,16677,C2
litron,16680,C2
compulsif,16681,C2
myopie,16683,C2
excusable,16685,C2
crémier,16687,C2
miséreux,16689,C2
roublard,16691,C2
pelletée,16693,C2
vérolé,16695,C2
bouillabaisse,16698,A1
brillance,16701,C2
centrifuge,16702,C2
stratégiquement,16703,C2
embringuer,16706,C2
pédant,16707,C2
inoxydable,16710,C2
baudrier,16713,C2
enjoliver,16714,C2
serf,16715,C2
grumeleux,16717,C2
fermenté,16722,C2
coloris,16724,C2
consultatif,16728,B1
lourder,16729,C2
timidement,16731,B1
soudé,16732,C2
gondolier,16734,C2
décoction,16735,C2
renchérir,16736,B1
glorieusement,16738,C2
léviathan,16739,C2
décontracté,16741,B1
ressortissant,16742,C2
décontenancer,16745,C2
bassiner,16746,C2
défiant,16750,C2
chambrette,16752,C2
papillote,16753,C2
palanquin,16754,C2
rempiler,16755,C2
jaunâtre,16756,C2
bisque,16757,C2
bordereau,16758,C2
lévitation,16760,C2
soierie,16762,C2
respectivement,16765,B2
ancrage,16767,C1
bolognais,16770,C2
emboutir,16773,C2
marmonnement,16775,C2
indiscipliné,16780,B1
parmesan,16783,C1
enchérir,16786,C2
autodidacte,16787,A1
neurasthénique,16789,C2
pichenette,16792,C2
ballonner,16795,C2
pelotage,16796,C2
stratosphère,16798,C1
à-côté,16799,C2
poucet,16801,C2
caporal-chef,16802,C2
bridger,16803,C2
goujon,16804,C2
hara-kiri,16805,C2
tocsin,16807,C2
glaciaire,16808,C2
décroiser,16809,C2
parfumerie,16810,C1
vamp,16811,C2
gambette,16814,C2
proconsul,16827,C2
charmé,16836,C2
enroué,16842,C2
suant,16843,C2
inavoué,16845,C2
souffreteux,16847,C2
galopant,16849,C1
antisémitisme,16851,C2
pot-pourri,16852,C2
payable,16853,C2
fausseté,16854,C2
dérobade,16855,C2
cachottier,16860,B2
écrémer,16861,C2
amincir,16863,B2
géomètre,16864,C2
traumatisant,16865,C2
novateur,16867,B1
fixité,16869,C2
fadeur,16874,B1
hormonal,16876,C1
pâlot,16877,C2
exploiteur,16878,C2
démagogie,16879,C1
xérès,16882,C2
capiteux,16885,C2
enquiquiner,16886,C2
purificateur,16887,C2
pourrissant,16889,C2
trapéziste,16890,C2
ogresse,16891,C2
grenat,16894,C2
cantonnier,16897,C2
écheveau,16899,C2
commanditer,16900,C2
encoche,16902,C2
soussigné,16903,C2
pauvrement,16904,C2
enneiger,16907,C1
déshabillé,16908,C2
indécision,16909,C2
montreur,16910,C2
taïga,16911,C2
goguette,16912,C2
reggae,16917,A1
apnée,16920,C2
seyant,16921,C2
emphysème,16923,C2
psychosomatique,16924,C2
formica,16926,C2
illusionniste,16927,C2
travailliste,16928,C2
macérer,16929,C2
automnal,16936,C2
solidifier,16938,C1
sarabande,16939,C2
inexpérience,16943,C2
outrance,16946,C1
facturer,16947,C2
meunier,16948,A1
tangent,16949,C2
réécouter,16952,C2
shetland,16953,C2
râleur,16954,C2
extérioriser,16956,C2
bénévolat,16958,B2
kirsch,16967,C2
éboulis,16969,C2
promontoire,16971,C2
grouillant,16973,B1
suggestif,16977,C2
pauvrette,16982,C2
accréditer,16984,C1
ara,16985,C2
finissant,16986,C2
gémellité,16987,C2
déballage,16990,C2
amoureusement,16991,C2
mortification,16992,C2
évadé,16993,B2
copuler,16995,C2
pullman,16998,C2
séquoia,17001,C2
pédophile,17005,C2
satire,17006,C2
altéré,17007,C2
mystification,17009,C2
pousse-pousse,17011,C2
satiété,17012,B1
balafré,17015,C2
rougeoyant,17017,C2
grailler,17019,C2
péruvien,17020,C2
colin-maillard,17021,B1
fertiliser,17023,C2
paner,17025,C2
revigorant,17028,C2
fomenter,17029,C2
hidalgo,17031,C2
méconnu,17032,C2
dissension,17034,C2
lutz,17037,C2
inopinément,17040,B1
nudiste,17041,C2
irrésistiblement,17042,C1
toussoter,17044,C2
présumé,17045,C2
ascendance,17047,B2
immangeable,17049,C2
blondeur,17062,C2
inoculer,17067,C2
cogneur,17068,C2
prétoire,17069,C2
ocre,17072,B2
détrôner,17077,C2
attitré,17080,C2
endive,17081,C2
lai,17083,C2
bizutage,17085,B1
émigration,17086,C1
zébrer,17087,C1
casse-noisette,17088,C2
courtoisement,17091,C2
matérialisme,17092,C2
contrepoint,17093,C2
incontrôlé,17094,C2
posément,17098,C2
ruineux,17099,C2
carillonner,17100,C2
flegme,17107,C2
cerbère,17110,C2
transiter,17113,C1
gominer,17116,C2
geignard,17117,C2
jarretière,17120,C2
prophétiser,17121,C2
largué,17122,C2
puérilité,17123,C2
reboutonner,17124,C2
croque-mitaine,17125,C2
pneumothorax,17127,C2
dégoiser,17132,C2
récitation,17133,C2
osé,17134,C2
enrhumé,17136,C2
aguerri,17137,C2
vilenie,17138,C2
avant-coureur,17141,C2
nymphomane,17142,C2
inexploré,17144,C2
pestilentiel,17145,C2
évangéliste,17148,A1
magasinier,17152,C2
chancelant,17155,C2
dîme,17157,C2
vermoulu,17158,C2
exutoire,17159,B2
impérativement,17160,A2
inconsistant,17166,C2
pointage,17167,C2
dégorger,17169,C2
seulet,17170,C2
vacancier,17171,C2
validité,17172,B1
pierreries,17174,C2
attifer,17175,C2
structurer,17176,C1
carmélite,17177,C2
empoisonneur,17180,C2
déculotter,17181,C2
calculateur,17183,C1
boulimique,17184,C2
éventaire,17185,C2
réparable,17186,C1
curriculum,17187,C2
conscrit,17188,C2
contingent,17189,C2
fiabilité,17190,C1
cérémonial,17191,C2
gazouiller,17195,C2
désoeuvré,17196,C2
réinstaller,17198,C1
indigeste,17200,C2
démarcation,17201,C2
épilation,17202,C2
regonfler,17203,C2
montagneux,17204,A1
embrasure,17208,C2
djellaba,17209,C2
esquif,17210,C2
pétant,17213,C2
chiure,17216,C2
rap,17219,C2
imposition,17220,C1
garenne,17221,C2
pavane,17223,C2
reluisant,17224,C2
ronron,17225,C2
déplumé,17228,C2
recoiffer,17230,C2
figuré,17231,C2
ingénuité,17232,C2
codage,17233,C2
porte-fenêtre,17244,C2
incinérateur,17245,C2
cutter,17247,C2
veulerie,17251,C2
coquard,17257,C2
reverser,17259,B1
absurdement,17261,C2
séquestration,17264,C2
canoniser,17265,C2
amalgamer,17266,C2
surmené,17267,C2
frôlement,17268,C2
clipper,17272,C2
looping,17274,C2
rentier,17275,C2
anesthésiant,17279,C2
grenadier,17281,C2
monstrueusement,17282,B1
bénévolement,17284,C2
muscadet,17286,A1
restructuration,17289,C2
cuirassé,17291,C2
tragédien,17292,C2
frottis,17296,C2
mitonner,17297,C2
mitre,17298,C2
idolâtre,17299,C2
jeannette,17300,C2
dépeupler,17301,C2
triporteur,17303,C2
désinfectant,17304,C2
menuet,17306,C2
pastoral,17308,C1
perturbé,17311,C2
glamour,17313,B1
irrespect,17314,C2
ectoplasme,17315,C2
bobsleigh,17317,B1
hébétude,17318,C2
ut,17321,B2
loche,17322,C2
ressac,17323,C2
anonymement,17324,C2
bolivar,17325,C2
détonner,17327,C2
zona,17330,C2
libertinage,17333,C2
expéditionnaire,17334,C2
désinfection,17335,C1
lao,17337,C2
adjectif,17339,C2
pleurnicherie,17345,C2
saloper,17346,C2
bleuir,17347,C2
flottille,17349,C2
réévaluer,17350,C2
embaumement,17351,C2
far,17352,C2
seriner,17355,C2
bedonnant,17357,C2
antiterroriste,17359,C2
retraverser,17360,C2
gestionnaire,17362,B1
exporter,17364,C1
colonnade,17366,C2
assener,17368,B2
jean-foutre,17370,C2
camée,17374,C2
atypique,17376,C1
organdi,17382,C2
électriser,17384,A2
rivet,17385,B1
croupion,17388,C2
hululement,17389,C2
étourderie,17390,C2
harmoniser,17392,A1
roupillon,17393,C2
mijaurée,17399,C2
fondue,17403,C2
minoritaire,17405,C1
bastingage,17406,C2
infailliblement,17409,C2
patent,17416,C2
rentabilité,17417,B1
ébrécher,17420,C2
hosanna,17421,C2
sous-titrage,17422,C2
légitimer,17423,C1
coopérative,17426,C1
théologique,17427,C2
réapprovisionner,17428,C2
revente,17429,C1
bastringue,17431,C2
retentissant,17433,C2
andalou,17434,A2
aconit,17436,C2
réélire,17437,C2
roulure,17439,C2
catapulter,17442,C2
ciseler,17443,B1
hors-bord,17445,C2
compromission,17452,C2
avant-scène,17454,C2
cervelet,17456,C2
extrader,17458,C2
sous-off,17459,A2
réintégration,17462,C1
hallucinogène,17463,C2
laxatif,17464,C2
cabriole,17466,C2
caravanier,17469,C2
sororité,17470,C2
gallois,17471,C2
footing,17472,A1
jalonner,17473,C2
drôlerie,17476,C2
raclette,17478,C2
détenu,17479,C2
embué,17483,C2
demi-cercle,17488,C2
amphibie,17489,C2
tonsure,17493,C2
greluche,17494,C2
indétectable,17497,C2
vagissement,17498,C2
dévoreur,17501,C2
roquefort,17505,C2
échangeur,17506,C2
chapitrer,17507,C2
évangélique,17509,C2
exempter,17510,C2
coulis,17511,C1
jonque,17512,C2
brushing,17513,C1
baltique,17514,C2
randonneur,17515,A1
éméché,17520,C2
coucherie,17522,C2
kibboutz,17525,C2
lumen,17527,C2
linoléum,17528,C2
mixage,17531,B2
arlequin,17532,C2
grimaçant,17533,C2
braillard,17534,C2
immigrant,17535,C1
remanier,17537,C2
adjacent,17538,C2
anesthésique,17539,C1
minceur,17540,C2
corona,17541,C2
torsade,17543,B2
synthétiser,17550,B1
opacité,17554,C2
mentez,17555,C2
molester,17558,C2
pool,17559,C1
caquet,17561,C2
garde-malade,17562,C2
irradiation,17566,C2
promptitude,17567,C2
plumet,17571,C2
démographique,17573,C1
indivisible,17574,C2
vocable,17576,B2
tarentule,17579,C2
prosaïque,17581,C2
guérillero,17582,C2
acrylique,17584,C2
fluorescent,17586,B1
soi,17589,B1
froncement,17590,C2
escalator,17592,B1
lavandière,17595,A2
diagonal,17597,C2
goupiller,17598,C2
gercer,17601,C2
vecteur,17606,B2
éphèbe,17609,C2
éperonner,17610,C2
philharmonique,17611,C2
jaillissement,17614,C2
réversible,17615,C1
pampa,17616,C2
renonciation,17617,C2
arpent,17619,C2
farandole,17620,A1
accordéoniste,17625,C2
corinthien,17628,C2
bedeau,17630,C2
mouflette,17632,C2
anatomique,17635,C2
luron,17636,C2
démonstratif,17637,C2
cadencer,17641,C1
stabilisation,17642,C2
essorer,17643,C1
emmitoufler,17645,C2
sangria,17647,C2
épouiller,17648,C2
chauffant,17649,C2
roucoulement,17651,C2
rebaptiser,17652,C2
décaper,17653,C2
cascader,17654,C2
rudiment,17656,C2
parigot,17658,C2
postillonner,17659,C2
retransmission,17660,C2
élitiste,17661,B2
débourser,17665,C2
ostracisme,17669,C2
inexpressif,17670,C2
avilissant,17671,C1
prospection,17672,A2
quantique,17673,C1
contestable,17674,C2
pacifiquement,17676,C2
transat,17677,C2
vadrouiller,17678,C2
désaccorder,17680,C2
encanailler,17681,C2
impro,17683,C2
accidenté,17687,C2
hospitalisation,17688,C1
muscat,17689,C2
déchaînement,17691,B2
sari,17693,A2
défaitiste,17695,C1
enveloppant,17696,C2
exorciste,17697,C2
réfection,17701,C2
gaucho,17708,C2
rationnellement,17714,B1
officine,17715,C2
prémices,17716,C2
acrobatique,17723,C2
dissipé,17724,C2
suintant,17725,C2
planétarium,17726,C2
irréalité,17731,C2
mitron,17732,C2
quincaillier,17734,B2
équilibriste,17736,C2
impraticable,17737,C2
outrageant,17738,C2
chimiquement,17739,C1
épître,17743,B2
inégalable,17747,C2
bandoulière,17751,A2
hâle,17752,C2
dadais,17753,C2
intervertir,17754,C2
pied-bot,17755,C2
pisseur,17757,C2
bisexuel,17758,C2
poncho,17760,C2
infamant,17761,C2
hochement,17764,A2
promulguer,17765,B1
galoche,17767,C2
résurgence,17771,C1
contorsionner,17772,C2
parait,17774,C2
aristocratique,17777,B1
incontinent,17778,C2
effluve,17779,C1
verrerie,17782,B1
bêcheur,17783,C2
communicatif,17784,B1
berzingue,17785,C2
vétille,17787,C2
ostensoir,17796,C2
coloriage,17803,C2
dessaouler,17804,C2
grossissant,17807,C2
fronton,17810,C2
réajuster,17811,A1
imprudemment,17814,C2
disproportionné,17816,C1
inusité,17819,B2
palabre,17820,A2
clito,17821,C2
bicot,17827,C2
topographie,17830,C2
marmotter,17833,C2
dépliant,17834,A1
turbiner,17835,C2
gorgone,17837,C2
rougissant,17840,C2
dépravé,17844,C2
frétillant,17846,C2
ancré,17848,C2
berlue,17851,C2
déséquilibré,17852,C2
baraqué,17858,C2
octogonal,17859,C2
pistonner,17860,C2
nimber,17864,C1
myrrhe,17865,C2
faxer,17866,C2
idéaliser,17868,B2
olfactif,17869,C2
aide-soignant,17875,C2
pagayer,17878,C2
rupin,17881,C2
replanter,17883,B1
immergé,17889,A1
boomer,17894,C2
énumération,17895,C2
blasphématoire,17898,C2
punitif,17900,C2
tantine,17901,C2
guinée,17902,C2
pinot,17905,C2
mastoc,17906,C2
maniable,17907,C2
ouvrable,17909,C2
pommelé,17910,C2
aiglon,17911,C2
délation,17912,C2
raboter,17913,C2
zigoto,17914,C2
sphérique,17915,C2
sirocco,17916,C2
prénuptial,17917,C2
breveter,17925,C2
zyeuter,17926,C2
caustique,17927,C2
fjord,17928,A1
malhabile,17931,C2
microfilm,17934,C2
cession,17935,C1
call-girl,17936,C2
vestale,17937,C2
chierie,17939,C2
hypnotiseur,17946,C2
harponner,17947,C2
inconvenance,17948,C2
griffu,17949,C2
nietzschéen,17953,C2
oratoire,17956,C2
fulminant,17958,C2
sagouin,17962,C2
lancier,17963,C2
initiatique,17964,A2
tartelette,17967,C2
nova,17968,C2
rami,17970,A2
épagneul,17971,C2
trépidant,17973,C2
oxygéné,17979,C2
gouape,17982,C2
insoupçonné,17984,A2
douceâtre,17985,C2
avoisiner,17990,C2
logiciel,17991,B2
pontifical,17992,C2
somptueusement,17994,C2
encenser,17997,B1
transfuser,17998,C2
plagier,18001,C2
scanner,18003,C2
attelle,18004,C2
insoupçonnable,18010,C2
possiblement,18011,C2
soft,18014,C2
perforé,18015,C2
armagnac,18016,C2
guinguette,18017,B1
démantèlement,18022,C2
sacerdoce,18023,C2
imbuvable,18025,B2
anorak,18030,C2
réveillonner,18032,C2
inintelligible,18034,C2
gracile,18039,C2
pyramidal,18040,C2
synapse,18042,C2
poussif,18043,C2
pierraille,18047,C2
égosiller,18048,C2
assiégé,18049,C2
idolâtrie,18051,C2
saoudien,18052,C2
effaré,18054,C2
discordant,18055,C2
palmeraie,18056,C2
rocking-chair,18058,C2
palladium,18059,C2
tempéré,18060,C2
serpenter,18063,C2
spiritisme,18064,C2
commodore,18065,C2
sabler,18066,C2
cocagne,18067,C2
rousseau,18068,C2
médire,18070,B1
arrimage,18074,C2
mammaire,18075,C2
momifier,18076,B1
shampouineur,18077,C2
franciscain,18078,C2
survolté,18081,C2
arpenteur,18082,C2
hypoglycémie,18083,C2
menthol,18085,C2
arroger,18088,C1
accostage,18092,C2
cartouchière,18093,B1
correcteur,18096,C2
gonze,18097,C2
cicatrisation,18100,C2
nitroglycérine,18101,C2
indéchiffrable,18103,C2
poivrer,18104,C2
assagir,18108,C2
chocolaté,18113,C2
malt,18114,C2
repoussé,18116,C2
richement,18117,A1
réexaminer,18118,C2
prédisposition,18120,B1
pampre,18121,C2
régénération,18122,C2
caribou,18125,C2
able,18126,C2
layette,18127,C2
sinécure,18129,C1
concubinage,18132,C2
intelligentsia,18134,C2
luné,18139,A2
cadrage,18142,A1
paranormal,18143,C2
déjection,18146,C1
élancé,18150,C2
mendicité,18151,C2
patapouf,18152,C2
coupler,18154,C1
bustier,18158,C2
parabolique,18160,C2
grand-messe,18161,C2
bigamie,18164,C2
autopsier,18165,C2
mécaniquement,18168,C2
recroquevillé,18170,C2
trembloter,18174,C2
cireux,18175,C2
garde-meuble,18176,C2
fourmillement,18177,C2
occlusion,18179,C2
bréviaire,18180,C2
chienlit,18182,C2
franquiste,18183,C2
spécialisation,18185,C1
contractuel,18188,C1
plain-pied,18196,C2
infuser,18199,C1
sud-africain,18200,B1
amorphe,18202,C2
retable,18205,C2
ânonner,18207,C1
consonance,18213,C1
juridiquement,18215,B1
intolérant,18218,C2
jingle,18221,C2
lauréat,18222,C1
autoportrait,18225,C2
plébiscite,18227,C2
opérant,18228,C2
appas,18231,C2
octroi,18233,C2
tire-au-flanc,18236,B2
mollard,18239,C2
remplissage,18243,B2
goudronner,18244,C2
affichette,18246,C2
antérieurement,18248,C2
chalon,18249,C2
affaiblissement,18251,C2
blue-jean,18252,B1
humaniser,18253,C1
propret,18254,C2
policer,18255,C2
imberbe,18256,C2
inventorier,18262,C2
sonneur,18264,C2
paresser,18265,C2
anticommuniste,18266,C2
condamnable,18267,C2
embonpoint,18268,C2
suturer,18269,C1
médication,18270,C2
dépoussiérer,18272,C2
ressouder,18276,C2
sauvageon,18279,C2
orthographier,18285,C2
écartelé,18286,C2
contorsion,18289,C2
moulé,18291,C2
chef-lieu,18292,A1
dénaturé,18293,C2
agenouillé,18294,C2
fieffé,18295,C2
hauban,18296,C2
repeupler,18297,C2
chèrement,18298,B1
reformuler,18303,B2
tomahawk,18304,C2
canonnier,18305,C2
climatiser,18306,A1
chéchia,18310,C2
parlote,18311,C2
atropine,18312,C2
pourrissement,18315,C2
imminence,18316,C2
plèbe,18319,C2
influençable,18321,C2
dinguer,18323,C2
plumitif,18324,C2
baisemain,18326,B2
culminer,18327,A1
battage,18328,C2
nabab,18329,C2
tiédir,18330,C2
discutailler,18333,C2
meneau,18337,C2
débridé,18339,C2
virtuosité,18341,C2
électrocardiogramme,18342,C2
décoincer,18344,C2
ventru,18345,C2
plus-value,18346,B2
suppléant,18347,A2
disloqué,18349,C2
graphisme,18352,C2
fission,18353,C2
bastonner,18355,C2
formidablement,18356,C2
réfléchissant,18357,C2
riff,18358,C2
valseur,18359,C2
colifichet,18365,C2
granuleux,18367,C2
licencieux,18370,B2
casanier,18374,C2
skate,18376,C2
cauchemardesque,18381,C2
flagellation,18384,C2
facétie,18393,C1
atrophier,18397,C2
plexus,18399,C2
quick,18400,C2
bivouaquer,18401,C2
bongo,18402,C2
chevalin,18403,C2
déodorant,18406,C2
stimulus,18408,C2
réutiliser,18410,C1
élévateur,18411,C2
têt,18414,C2
bouillonnement,18416,C2
audio,18417,C2
aéronautique,18419,B2
emmancher,18421,C2
prêtrise,18423,C2
jà,18427,C2
prélat,18428,C2
cutané,18430,C1
tanneur,18431,C2
centuple,18433,C2
dare-dare,18434,C2
âprement,18439,C2
dénoter,18440,B2
fatalisme,18441,C2
iota,18442,C2
récupérable,18444,C2
recoupement,18445,C2
despotisme,18446,C2
docilement,18448,C2
rebattre,18450,C2
décharner,18451,C2
contrevenir,18452,B1
kilométrage,18455,C2
sentimentalisme,18457,C2
inusable,18459,C2
chicaner,18460,C2
éthéré,18461,C2
trampoline,18463,B2
émigrant,18464,C2
hacienda,18465,C2
glaçage,18466,C2
strapontin,18468,C2
intercéder,18470,C1
soudard,18471,C2
déglutition,18472,C2
casse-pipe,18473,C2
vinasse,18474,C2
subjonctif,18476,C1
docte,18478,C2
cinémathèque,18482,C2
grondant,18485,C2
serpentin,18487,C1
lexie,18492,C2
retranchement,18493,C2
effeuiller,18496,C2
brusquerie,18498,C2
carnation,18500,C2
confédérer,18503,C2
pâteux,18505,C2
polytechnicien,18506,B2
ginseng,18507,C2
nankin,18509,C2
millionième,18511,C2
pelisse,18516,C2
folâtrer,18517,C2
twister,18518,C2
crémation,18519,C1
krach,18520,C2
syphilitique,18521,C2
rocaille,18522,C2
avaleur,18525,C2
cautériser,18526,C2
parodier,18529,C2
chouïa,18538,C2
phi,18539,C2
lubrifiant,18540,C1
mondialement,18541,A2
aciérie,18543,C2
confidentialité,18545,B2
encaissé,18550,C2
amphi,18553,C2
pontife,18554,C2
chouia,18555,C2
décongeler,18556,C2
beffroi,18557,C2
citronnier,18558,C2
loggia,18561,C2
ensabler,18562,C2
sociologique,18567,C1
croche-pied,18568,C2
obstétrique,18572,C2
igloo,18574,C2
chenu,18578,C2
défaitisme,18579,C2
mortadelle,18582,C2
atavique,18585,B2
secréter,18587,C2
encaisseur,18591,C2
cithare,18592,C2
phone,18594,C2
exploitable,18595,C2
impressionniste,18596,A1
ci-gît,18598,C2
piqueur,18599,C2
incompatibilité,18602,C2
égoïstement,18604,C2
piaffer,18606,C1
discount,18608,C2
dératé,18609,C2
démesurément,18610,C2
aggravation,18611,C1
wagonnet,18613,C2
torgnole,18614,C2
bilatéral,18615,B1
chevronné,18617,C2
ajusteur,18618,C2
voyeurisme,18622,C2
cravacher,18623,C2
valoriser,18626,B2
estourbir,18627,C2
hivernal,18629,A2
cognitif,18630,C2
arpège,18631,C2
paillard,18634,C2
dalaï-lama,18635,C2
méthodiquement,18636,C1
boui-boui,18638,C2
asexué,18640,C2
languide,18641,C2
démembrement,18643,C2
atermoiement,18645,C2
enculeur,18646,C2
applicable,18651,B2
sabord,18652,C2
post-traumatique,18653,C2
friable,18659,C2
cahot,18661,C2
horlogerie,18662,C2
familièrement,18666,B2
électrifier,18667,C2
copiste,18669,C2
vantardise,18672,C2
téléphoniste,18673,C2
effilé,18674,C2
viticulteur,18677,B2
tatou,18680,C2
délateur,18682,C2
surenchérir,18685,C2
postillon,18688,C2
décrasser,18690,C2
psychanalyser,18692,C2
électrogène,18696,C2
convalescent,18697,C2
guipure,18700,C2
abdos,18702,C2
mauresque,18704,C2
rote,18707,C2
parka,18708,C2
improductif,18709,C2
lori,18710,C2
nippe,18712,C2
afro-américain,18715,C2
certifié,18719,B2
caravelle,18720,C2
télépathe,18723,C2
hydratant,18725,C2
ébaucher,18726,C1
funky,18728,C2
mont-blanc,18730,C2
banner,18731,C2
permissionnaire,18734,C2
copieusement,18736,C2
bourgeonner,18737,C2
caractériel,18738,C2
flonflon,18739,C2
invraisemblance,18740,C2
grutier,18741,C2
chaude-pisse,18744,C2
freluquet,18745,C2
fluo,18747,C2
prestement,18749,C2
proportionné,18752,C2
poulaga,18753,C2
sénégalais,18754,C1
évaporation,18755,C1
gauchement,18757,C2
haussement,18758,C2
terroir,18759,B1
anoblir,18762,C2
répartie,18763,C2
tendancieux,18764,C2
radiologue,18765,C2
persévérant,18769,C2
inopérant,18770,B2
chien-loup,18771,C2
meugler,18773,C2
équerre,18779,C2
demi-portion,18781,C2
bidasse,18782,C2
adipeux,18786,C2
persistance,18787,C2
vraisemblance,18789,C2
chihuahua,18791,C2
délasser,18793,C2
luxueusement,18794,C2
épouvantablement,18797,C2
glaucome,18798,C2
inopiné,18799,C2
paramilitaire,18803,C2
portoricain,18805,C2
gluten,18807,C2
méli-mélo,18808,C1
échographie,18809,C1
motivé,18811,C2
lutiner,18812,C2
peau-rouge,18813,C2
chuintement,18814,C2
athénien,18815,C2
basique,18818,C2
ratification,18819,C2
prolixe,18820,C2
résiduel,18821,C2
alvin,18828,C2
scoubidou,18831,B1
fumerie,18832,C2
disserter,18833,C2
marxisme-léninisme,18834,C2
roulier,18838,C2
horizontalement,18840,C2
corroder,18843,C2
auto-stoppeur,18845,B1
fermenter,18846,C2
coulissant,18847,C2
polenta,18848,C2
dégriser,18850,C2
malvenu,18851,B2
volontariat,18852,B1
remodeler,18853,C2
bardot,18854,C2
sentimentalement,18859,C2
occipital,18860,B2
chuchotis,18864,C2
sirupeux,18868,C2
gargariser,18871,B2
diatribe,18874,C2
cannelle,18876,C2
déshydraté,18877,C2
claustrophobe,18878,C2
cordialité,18880,C2
intergalactique,18881,C2
constable,18882,C2
eye-liner,18883,C2
rinçage,18885,C2
testamentaire,18888,C2
inutilisé,18893,C2
pétri,18894,C2
cortisone,18895,C2
dinar,18897,A1
aiguillonner,18898,C2
trimestriel,18899,C2
luthérien,18900,C2
constipé,18903,C2
stretch,18904,C2
dénuement,18908,C2
désenchantement,18910,C2
clignement,18913,C1
aphone,18914,C2
epsilon,18917,C2
trotskiste,18918,C2
fricassée,18922,C2
fanfaronnade,18923,C2
oculiste,18927,C2
éliminatoire,18931,C2
rêveusement,18932,C2
imbibé,18933,C2
vitriol,18936,C2
plaquage,18938,B2
conspirateur,18940,C2
réapparition,18941,C2
gréco-romain,18943,C2
aloès,18950,C2
dynamiter,18953,C2
oliveraie,18957,C2
bataclan,18959,C2
catalepsie,18960,C2
brodequin,18961,C2
toise,18962,C2
générer,18963,B2
sous-titrer,18965,B2
centraliser,18967,A2
lyonnais,18968,A2
récidiver,18970,B2
guérite,18971,C2
franquette,18975,B1
dessouder,18978,C2
gribouillage,18979,C2
crêper,18980,C2
chèvrefeuille,18981,C2
cantinier,18982,C2
potier,18985,A1
grisonner,18986,C2
rondement,18987,C2
courtage,18989,C2
pantelant,18991,C2
lambda,18995,C2
braiser,19001,A1
furibard,19006,C2
exhumation,19007,C2
curie,19008,C2
radotage,19009,C2
papiste,19010,C2
complexer,19012,C2
molletière,19013,C2
harassant,19014,C2
ébouillanter,19017,C2
astrologique,19018,C2
recto,19020,C2
reinette,19022,A1
rebutant,19024,C2
aéroplane,19026,C2
sonar,19027,C2
étanchéité,19028,C2
implosion,19032,C2
extatique,19033,C2
téléobjectif,19034,C2
sweat-shirt,19035,C2
mièvre,19037,C2
nordiste,19040,C2
gaucherie,19041,B2
ci-dessus,19042,C2
aéronaval,19047,C2
berlingot,19048,C2
éclectique,19049,B1
pare-feu,19051,C2
musqué,19052,C2
émanciper,19055,C1
gondoler,19057,C2
sous-préfecture,19059,A1
baratineur,19060,C2
kung-fu,19061,C2
extrapoler,19062,C2
codex,19066,C2
soudeur,19068,C2
hypothétiquement,19072,C2
insolemment,19074,C2
latéralement,19077,C2
localisé,19079,C2
riper,19081,C2
autobiographique,19082,C1
négligemment,19084,C2
resquiller,19085,C2
bastide,19086,C2
reperdre,19090,C2
sous-jacent,19091,C2
vasistas,19092,C2
injoignable,19094,C2
minéralogique,19096,C1
rumination,19099,C2
cahoter,19103,C2
enrichissement,19104,C1
interpellation,19106,A2
ingestion,19109,C2
freudien,19110,C2
compost,19112,A2
chapon,19115,C1
braiment,19116,C2
strychnine,19120,C2
lobotomie,19123,C2
créditer,19125,C2
lacrymal,19126,C2
noctambule,19127,C2
sic,19132,C1
terre-neuve,19133,C2
atrophie,19134,C2
populo,19137,C2
métissage,19138,B1
infaillibilité,19140,C2
homélie,19142,C2
cotillon,19143,C2
minotaure,19145,C2
camion-citerne,19146,C2
satanisme,19147,C2
affréter,19148,C2
irrecevable,19149,C2
feston,19150,C2
multinationale,19152,C2
cornard,19155,C2
goupillon,19156,C2
courtaud,19157,C2
pulser,19159,C2
gélatineux,19160,C2
bravade,19161,C2
arracheur,19162,C2
pelotonner,19166,C2
capeline,19168,C2
escorteur,19169,C2
bien-fondé,19170,C2
amovible,19171,C2
yéti,19172,C2
blouser,19175,C2
surgelé,19176,C2
déshydratation,19177,C2
chamarré,19178,C2
sparte,19179,C2
transportable,19180,C2
spasmodique,19182,C2
disproportion,19183,C2
ébattre,19185,C2
sodomite,19188,C2
menhir,19190,C2
ducal,19191,C2
modernisation,19192,C1
boudiné,19193,C2
papillonner,19194,C2
consommé,19196,A1
symphonique,19197,C2
midinette,19198,C2
nécropole,19199,B1
consulaire,19205,B1
tortillard,19208,C2
exam,19209,C2
unilatéral,19210,C1
reliquaire,19211,C2
concave,19213,C2
élancement,19216,C2
crayonner,19218,C2
rayonnage,19219,C2
contre-torpilleur,19221,C2
flageoler,19222,C2
stalag,19226,C2
celluloïd,19228,C2
interminablement,19229,C2
barbouillage,19230,C2
grandiloquent,19232,C2
laxiste,19233,C2
léproserie,19235,C2
rabattu,19236,C2
insatisfaction,19238,C1
réinvestir,19239,C2
maçonnique,19242,C2
aérogare,19244,C2
illusionner,19246,C2
repérable,19248,C2
caduc,19249,C2
réentendre,19252,C2
falbala,19253,C2
pariétal,19256,C2
confusément,19258,C2
esclavagiste,19262,C2
indéfectible,19265,C2
niveler,19266,C2
défroisser,19270,C2
pétanque,19273,A1
boisseau,19275,C2
mécaniser,19276,C2
creuset,19278,B2
emplumé,19281,C2
renflement,19282,C2
solarium,19283,C2
baccara,19284,C2
métrique,19285,C2
kolkhoze,19287,C2
spolier,19289,C2
émietter,19292,C2
cliniquement,19295,C2
hululer,19296,C2
radial,19297,C2
plastron,19298,C2
acoquiner,19299,C2
sprinter,19301,C2
écumoire,19302,C2
lippe,19303,C2
frugal,19305,C1
étoffer,19306,C2
quenelle,19307,A1
tanné,19314,C2
trolley,19315,C2
berrichon,19316,C2
alcootest,19317,A2
pelleter,19318,C2
chirurgicalement,19320,C2
sécateur,19321,C2
rognure,19323,C2
astrakan,19324,C2
schisme,19328,C2
principauté,19329,C2
torve,19330,C2
biniou,19331,C2
sex-shop,19332,C2
polygraphe,19333,C2
sautillant,19336,C2
sommairement,19337,C2
latino,19338,C2
bamboula,19343,C2
dissuasion,19344,C2
inconstance,19346,C2
disjoint,19350,C2
nettoyant,19351,C2
vivifier,19352,C2
évanescent,19353,C2
dorade,19354,A2
protestantisme,19355,B1
baptismal,19357,C2
départemental,19358,C1
plate,19363,C2
dessiller,19367,C2
balai-brosse,19369,C2
exténuant,19375,C2
taquet,19376,C2
avantageusement,19377,C2
sacerdotal,19378,A1
cène,19380,C2
boubou,19381,A2
déraillement,19386,C2
gras-double,19387,C2
viner,19390,C2
enrouer,19391,C2
trench,19392,C2
trogne,19393,C2
cotonneux,19395,C2
isolant,19397,C2
commuer,19398,C2
refleurir,19399,C2
décrépit,19402,C2
fécal,19406,C1
syndiqué,19407,C2
bailleur,19409,C1
ludique,19410,B1
hure,19412,C2
cella,19416,C2
codétenu,19418,C2
laudanum,19419,C2
écluser,19422,C2
sexiste,19423,C2
usuel,19424,C2
signataire,19425,B1
inconséquent,19426,C2
mugissement,19427,C2
indu,19429,C1
malouin,19430,C2
crevaison,19431,C2
transformateur,19432,C2
honorabilité,19433,C2
alanguir,19436,C2
cuvée,19439,C1
escrimer,19440,C2
zigue,19444,C2
troupier,19445,C2
flush,19449,C2
mollasse,19452,C2
littérateur,19453,C2
bigot,19456,C2
disquaire,19457,A2
inarticulé,19459,C2
automatisme,19460,C1
parrainer,19465,A2
casher,19470,C2
persécuteur,19474,C2
urbanisme,19476,B1
frottant,19480,C2
impopulaire,19481,C2
non-dit,19482,C2
fanfreluche,19484,C2
cendré,19486,C2
exposant,19487,B1
biner,19489,C2
modiste,19492,C2
diluvien,19493,C2
cancrelat,19495,C2
perméable,19496,C2
fouettard,19498,C2
copyright,19499,C1
chorus,19500,C2
beuglement,19501,C2
catalyseur,19502,C2
aridité,19504,C2
relaxant,19506,C2
chorizo,19507,C2
insonoriser,19508,C2
dégringolade,19511,C2
fagoté,19514,C2
prohibé,19515,C2
bâtonnier,19517,C2
hypocritement,19521,C2
musicalement,19523,C2
démontable,19525,C2
locomotion,19526,C2
sous-louer,19527,B2
bromure,19530,C2
dualité,19533,C2
glotte,19535,C2
tyranniser,19536,C2
drolatique,19541,C2
capitonner,19544,C2
soporifique,19552,C2
goule,19553,C2
grattement,19555,C2
cagneux,19558,C2
coruscant,19561,C2
enferrer,19563,C2
crevard,19564,C2
uniformément,19565,C2
royaliste,19567,B2
teckel,19568,C2
tantouze,19569,C2
koala,19573,C2
interplanétaire,19574,C2
torrentiel,19576,C2
fatuité,19580,C2
sous-produit,19582,C2
répressif,19584,C2
ursuline,19585,C2
naturaliser,19587,B1
bucolique,19591,C2
parmentier,19592,C2
ânesse,19596,B1
guimpe,19597,C2
réac,19602,B1
fabuleusement,19603,C2
dissonance,19604,C2
anarchique,19605,C2
remaquiller,19606,C2
grelottant,19609,C2
implicitement,19610,C2
étouffée,19611,C2
marinade,19615,C2
phénicien,19616,C1
kappa,19617,C2
rituellement,19619,C2
karaoké,19620,C2
califat,19623,C2
favela,19624,B1
collyre,19627,C2
sinistré,19629,C2
comparatif,19630,C1
placebo,19631,C2
rondo,19633,C2
capucin,19634,C1
chinoiserie,19635,C2
neuvaine,19638,C2
chiée,19639,C2
bordé,19641,C2
sarcler,19642,C2
burnous,19644,C2
iliaque,19646,C2
loden,19647,B2
coroner,19651,C2
indiscipline,19652,A2
dermatologique,19653,C2
sombrement,19654,C2
éjection,19655,C2
éthiopien,19656,C2
éborgner,19658,C2
dégoupiller,19662,C2
magouiller,19665,C2
lionceau,19667,C2
plastifier,19668,C2
relaxe,19670,C2
caban,19671,C2
immérité,19673,C2
ébouriffer,19675,C2
connétable,19678,C2
bacchanale,19681,C2
impeccablement,19682,C2
canonnière,19684,C2
fratricide,19685,C2
compétitif,19686,C2
ossuaire,19687,C2
chiennerie,19689,C2
folâtre,19690,C2
redite,19692,C2
évocateur,19694,C2
pachyderme,19695,B1
porcin,19697,C2
happening,19698,B2
criailler,19699,B1
mâture,19704,C2
stase,19707,C2
métaphorique,19709,C2
chape,19711,C2
trémolo,19712,C2
uhlan,19714,C2
charcutier,19715,A1
demi-ton,19716,C2
inintéressant,19718,C2
marqueterie,19720,C2
transfiguration,19721,C2
haut-commissaire,19722,C2
ventral,19725,C2
broussard,19731,C2
jouvenceau,19734,C2
poudreux,19735,C2
demi-dieu,19737,C2
distribué,19738,C2
amniotique,19739,C2
pontage,19742,C2
sibylle,19744,A2
demi-mesure,19745,C2
contreplaqué,19750,C2
putréfier,19752,C2
manipule,19753,C2
enfantement,19755,C2
sahib,19756,C2
intercontinental,19757,C2
eucharistie,19759,C2
transplanter,19761,C2
impérissable,19762,C2
inhospitalier,19763,C1
mesurable,19765,C2
huitaine,19771,B1
indifféremment,19774,C1
autocritique,19776,C2
brève,19778,C2
herbier,19779,C2
banalement,19782,C2
soupière,19783,C2
guttural,19786,C2
malfaisance,19787,C2
patronnesse,19788,C2
personnifier,19790,C2
intercession,19791,C2
largue,19792,C2
matheux,19793,C2
rétrospective,19796,C2
rocket,19799,C2
entrechat,19800,C2
tian,19801,C2
court-bouillon,19803,C2
langoustine,19804,C2
pigment,19810,C1
exhortation,19813,C2
dribbler,19815,C2
manioc,19816,C2
rescapé,19821,C2
brassée,19824,C2
camphre,19832,C2
amnistier,19836,C2
sonatine,19837,C2
gueulante,19838,C2
coupeur,19841,A2
esbroufe,19842,C2
élucubration,19844,C2
nympho,19845,C2
omnipotent,19846,C2
concentrationnaire,19849,C2
gémissant,19850,C2
immémorial,19852,C2
liftier,19853,C2
tremblotant,19854,C2
parasitaire,19856,C2
monogramme,19859,C2
agraire,19860,C2
dogue,19861,C2
duveteux,19863,C2
émeutier,19864,C2
corrosion,19867,C2
idéologue,19869,C2
castillan,19872,C2
moloch,19874,C2
dévaluer,19875,C2
saoudite,19876,C2
bauge,19878,C2
raphia,19879,C2
funérarium,19880,C2
bassement,19882,C2
recentrer,19883,C2
accessoiriste,19884,C2
fragmentation,19886,C2
violacé,19887,C2
regimber,19889,C2
décontraction,19902,C2
recourbé,19903,C2
brûlot,19904,C2
bottier,19905,C2
mazurka,19906,C2
costumier,19912,C2
détergent,19913,C2
rembarquer,19914,C2
cabaretier,19915,C2
redistribuer,19916,C1
feuillée,19920,C2
anticlérical,19922,C2
concision,19923,B1
friper,19925,C2
calypso,19928,C2
congre,19932,C2
richelieu,19936,C2
déshabillage,19937,C2
skaï,19938,C2
côtelé,19941,C2
fifre,19942,B1
binocle,19948,B2
tiercé,19950,C2
hermaphrodite,19955,C2
extérieurement,19956,C2
affiliation,19958,C2
réactif,19960,C2
grouse,19961,C2
groupuscule,19965,C2
digitaline,19966,C2
sacripant,19968,C2
comiquement,19969,C2
alsacien,19970,C2
camériste,19972,C2
horripilant,19973,C2
regrimper,19978,C2
demi-bouteille,19979,A1
abstention,19980,C2
tributaire,19981,B2
réprobation,19983,C2
bourdonnant,19984,C2
taquinerie,19986,C2
congénère,19987,C1
inhumanité,19989,C2
espingouin,19992,C2
ambroisie,19994,C2
ante,19995,C2
réaffirmer,19999,C2
régnant,20001,C2
raviner,20009,C2
moraliste,20010,C2
coexistence,20014,B2
simiesque,20016,C2
incurver,20017,C2
bipolaire,20021,C2
apostropher,20022,C2
démultiplier,20024,C2
purulent,20027,C2
héliport,20028,C2
aa,20030,C2
habilleur,20032,C2
démoralisation,20036,C2
vitrage,20037,A1
décade,20039,C2
déclinant,20041,C2
contraceptif,20042,B1
enjouement,20043,C2
chasuble,20046,C2
lubrifier,20047,C2
harmonium,20051,C2
contresigner,20052,C2
absentéisme,20055,B1
cafouillage,20067,C2
curatif,20068,B1
statistiquement,20071,C2
zipper,20072,C2
blanquette,20074,A1
tambour-major,20078,C2
décrépitude,20079,C2
fumigation,20081,C2
révocation,20082,C2
atrium,20083,C2
coquetier,20084,C2
jaunisse,20085,C2
ennoblir,20088,C2
rétrovirus,20089,C2
apatride,20091,B2
aguerrir,20095,C2
pantois,20097,C2
appariteur,20100,C2
frauder,20103,C2
hallali,20105,C2
roudoudou,20106,C2
décalcomanie,20107,C2
myocarde,20108,C2
slalom,20109,C2
télégraphiste,20110,C2
stabilisé,20114,C2
comanche,20117,C2
jouissif,20120,C2
madrilène,20125,C2
briqueterie,20126,C2
materner,20128,C2
cubitus,20131,C2
piteusement,20132,C2
aspérité,20134,C1
impartir,20136,C2
dogmatique,20137,C2
glandeur,20138,C2
godille,20140,C1
lustré,20141,C2
biroute,20142,C2
incrustation,20144,B2
sacrificiel,20147,C2
protectorat,20148,C2
dégarnir,20149,C2
indûment,20150,C2
braconner,20152,B2
anisette,20155,C2
délayer,20158,C2
forcement,20159,C2
bruine,20160,C2
sénilité,20161,C2
cannelure,20162,C2
reverdir,20163,C2
moulinette,20164,C2
égorgeur,20166,C2
météorologue,20167,C2
copilote,20168,C2
abrutissement,20169,C2
patronal,20172,C2
teuton,20175,C2
climatisé,20178,C2
toréador,20179,A2
chlorophylle,20183,C2
magiquement,20184,C2
tau,20187,C2
éligible,20190,B2
supersonique,20194,C2
maroquin,20195,C2
pauvresse,20197,C2
légation,20199,C2
sarrau,20201,C2
déversoir,20205,C2
réinsérer,20206,C2
lacération,20207,C2
kabuki,20209,C2
encroûter,20211,C2
ethnie,20212,C1
désorientation,20215,C2
rabougrir,20216,C2
indocile,20218,C2
diamantaire,20219,C2
nadir,20220,C2
gugusse,20221,C2
monoxyde,20224,B1
onglet,20225,C2
surplomb,20226,C2
bibiche,20229,C2
salvateur,20230,C2
emmitouflé,20231,C2
petitesse,20232,B2
neurologique,20234,C2
orgueilleusement,20236,C2
caractérisé,20237,C2
lippu,20239,C2
effiler,20242,A2
buccal,20244,C2
droguerie,20245,B1
impétuosité,20246,C2
toubab,20248,C2
coronaire,20251,C2
aortique,20254,C2
jonchée,20255,C2
cayenne,20257,C2
ashram,20259,C2
inanité,20262,B2
urologue,20269,C2
pédérastie,20270,C2
voilette,20272,C2
freelance,20273,C2
liturgique,20274,C2
télécommander,20275,A1
colombier,20277,C2
farniente,20278,C2
équivalence,20281,C2
oblong,20282,C2
rajeunissement,20285,C2
baguer,20287,C1
effrontément,20288,C2
assidûment,20292,C2
madrigal,20296,C2
remplaçable,20297,B2
yakuza,20298,C2
fraternellement,20300,C2
artistiquement,20301,C2
recrudescence,20302,C2
biographique,20305,C2
pékinois,20306,C2
éminemment,20309,B1
dundee,20310,C2
balbutiant,20311,C2
exploitant,20314,C1
maigreur,20315,C2
expiatoire,20327,C2
chapelain,20329,C1
hoqueter,20331,C2
diablotin,20332,C2
ferrailler,20333,C2
probité,20334,C2
circonscrire,20335,A1
stressant,20338,C1
neurasthénie,20339,C2
dépucelage,20340,C2
scribouillard,20341,C2
épousailles,20343,C2
asymétrie,20344,B2
crématoire,20345,C2
récréatif,20348,C2
relativiser,20349,C2
démiurge,20352,C2
moussaillon,20353,C2
crevasser,20355,C2
négritude,20357,C1
domesticité,20358,C2
grognasse,20359,C2
marionnettiste,20360,C2
nubile,20364,C2
décimal,20365,C1
apparier,20366,C1
empoignade,20368,C2
lymphome,20370,C2
frigorifique,20371,C2
accordeur,20372,C2
surpopulation,20377,C2
inefficacité,20378,B2
embrumé,20379,C2
cradingue,20387,C2
dénigrement,20388,C2
jeunette,20390,C2
revouloir,20392,C2
mécontenter,20393,C2
cambuse,20394,C2
trek,20396,C2
flibustier,20400,C2
déboucler,20401,C2
nuancé,20403,C2
épiphanie,20404,C2
frigorifier,20405,C2
glaviot,20409,C2
matamore,20411,C2
systolique,20414,C2
consigné,20415,C2
émincer,20417,C2
abattis,20418,C2
bonasse,20419,C2
inassouvi,20420,C1
fratrie,20421,C2
affabilité,20422,C2
faux-monnayeur,20423,C2
empreint,20424,C2
risotto,20425,C2
transsexuel,20427,C2
décodeur,20428,C1
paraguayen,20434,C2
ratière,20435,C2
réformiste,20439,C2
édicter,20441,C2
sentencieux,20442,C2
battoir,20446,C2
québécois,20447,A1
dénicheur,20449,C2
papotage,20450,C2
endeuiller,20452,C2
canonique,20454,C2
serre-tête,20455,C2
fornicateur,20457,C2
marxiste-léniniste,20458,C2
radioactivité,20459,B1
dessaisir,20460,C2
mali,20461,C2
cartoon,20464,C2
zakouski,20465,C2
jambière,20467,C2
satirique,20468,C2
truck,20470,C2
monologuer,20471,C2
jusqu'à,20476,C2
anecdotique,20477,C1
réhabituer,20480,B1
mouillage,20481,C1
long-courrier,20482,C1
denture,20486,C2
ganté,20488,C2
biochimique,20490,C2
cade,20494,C2
bonde,20495,C2
ventilo,20496,C2
menstruel,20497,C2
consolateur,20498,C2
mohair,20501,C2
confidentiellement,20502,C2
convivial,20504,B2
désagréablement,20507,C2
aficionado,20508,C2
permuter,20509,C2
escrimeur,20512,C2
fantasmagorie,20515,C2
panacher,20516,C2
chignole,20520,C2
aiguilleur,20522,C2
orienté,20523,C2
certif,20525,C2
booster,20526,C1
olympien,20527,C2
entrecuisse,20528,C2
contrechamp,20531,C2
soustraction,20532,C1
interstellaire,20534,C2
rectal,20536,C2
rageusement,20537,C2
limoger,20538,C2
indignement,20539,C2
gargantuesque,20542,C2
buvable,20543,C2
téléguider,20546,C2
rascasse,20550,C2
enveloppement,20551,C2
invulnérabilité,20553,C2
ravitailleur,20555,C2
canasta,20556,C2
villette,20560,C2
inséminer,20562,C2
émotionnellement,20563,C2
cabernet,20564,C2
incongruité,20565,C2
élaguer,20569,C2
abrasion,20571,C2
visuellement,20572,C2
sagace,20575,C2
omniscient,20576,C2
collagène,20583,C1
abc,20584,C2
ménisque,20585,C2
caracoler,20591,C2
fusil-mitrailleur,20593,C2
bactériologique,20596,C2
dévaloriser,20597,C1
dépressurisation,20598,C2
immaturité,20599,C2
bibliographie,20610,C2
salaison,20612,C2
cuti,20613,C2
soudanais,20614,A2
concasser,20615,C2
micron,20616,C2
miroitant,20618,C2
annulaire,20620,C1
rougeaud,20621,C2
noceur,20623,C2
écope,20627,C2
gardénia,20628,C2
inextinguible,20630,B1
desserte,20631,C2
oralement,20633,C2
calabrais,20638,C2
chatouillement,20639,C2
humidifier,20640,C2
reloger,20642,B1
crépusculaire,20644,C2
samaritain,20646,C2
facho,20649,C2
hourvari,20652,C2
obséquieux,20654,C2
druidique,20656,C2
démolisseur,20660,C2
déhanché,20663,C2
désherber,20664,C2
brocard,20665,C2
paladin,20671,C2
lécheur,20674,C2
recroiser,20675,C2
dégoutter,20677,C2
décodage,20678,C2
fraiser,20679,C2
écrouer,20681,C2
petitement,20683,C2
dispo,20687,C2
péritonite,20688,C2
précocité,20689,C2
sensuellement,20692,C2
scrutateur,20693,C2
parabellum,20694,C2
glandulaire,20695,C2
dallage,20697,C2
picotin,20699,C2
quadrant,20700,C2
cantate,20701,C2
orbital,20704,C1
yuan,20705,C2
marginaliser,20706,B1
immodéré,20707,B1
plane,20712,C2
ineffaçable,20713,C2
hexagone,20716,B1
contrordre,20717,C2
franc-maçonnerie,20719,C2
hurluberlu,20720,C2
amérindien,20721,C1
détrousser,20722,C2
sémaphore,20723,C2
transmissible,20724,C1
jappement,20726,C2
cloner,20730,C2
solfège,20733,C2
ayatollah,20734,C2
tout-petit,20735,B2
effroyablement,20738,C2
chouchoute,20739,C2
technocrate,20740,C2
trachéotomie,20742,C2
légaliser,20746,B1
fluxion,20748,C2
cryptage,20751,C2
anniv,20752,C2
biture,20754,C2
utérin,20756,C2
mafioso,20758,C2
hâlé,20759,C2
pompage,20760,C2
nuancer,20761,C1
différentiel,20763,C2
décrochage,20769,C2
martingale,20771,B2
gastro,20774,C2
orgeat,20775,C2
quadrupler,20778,C2
greffé,20780,C2
ignoblement,20782,C2
assertion,20783,C2
minuteur,20784,C2
lotir,20785,C2
adulation,20787,C2
brasseur,20788,A1
histrion,20789,C2
marinière,20790,C2
encensoir,20793,C2
émeri,20795,C2
négus,20798,C2
hyperespace,20801,C2
abaisse,20802,C2
hooligan,20810,C1
laïcité,20811,C1
apoplectique,20815,C2
désarmant,20816,C2
enrubanner,20820,C2
rase-mottes,20821,C2
kolkhozien,20822,C2
infra,20823,C2
bosseler,20824,C2
croque-monsieur,20826,A2
cache-pot,20827,C2
cursus,20829,C1
pictural,20833,C1
contemplatif,20834,C1
enchâsser,20839,C2
châtré,20840,C2
mantra,20841,C2
catastropher,20846,C2
fraser,20848,C2
pétarader,20850,C1
chardonnay,20851,C2
cogitation,20853,C2
tintamarre,20854,C2
platement,20856,C2
contre-expertise,20857,C2
échevin,20859,C2
bruitage,20860,C2
tacticien,20862,C2
contrebalancer,20867,C2
balboa,20869,C2
injurieux,20870,B2
ailler,20875,A1
aspiré,20876,C2
attablé,20879,C2
quasi-totalité,20885,C2
létal,20886,C2
minerve,20887,C2
hypertrophie,20889,C2
crécelle,20891,B1
desperado,20892,C2
mégatonne,20895,C2
marmiton,20896,A2
rotatif,20898,C2
drisse,20900,C2
froufrou,20901,C2
fourrager,20902,C2
dioxyde,20906,C1
rain,20909,C2
canonnade,20910,C2
quenotte,20915,C2
antigang,20916,C2
venteux,20918,C2
paracétamol,20919,C2
contrevenant,20920,C2
parfumeur,20921,C1
visitation,20922,C2
violoncelliste,20924,C2
cigarillo,20926,B2
télescopique,20929,C2
franc-parler,20931,C2
circonspection,20932,B2
forfanterie,20934,C2
bédouin,20935,C2
contre-révolution,20936,C2
oecuménique,20937,C2
autocensure,20939,C2
porphyre,20941,C2
satiné,20945,C2
cicatriciel,20946,C2
tronçonner,20948,C2
unième,20953,C2
enter,20954,C2
dalmate,20956,C2
commissure,20957,C2
hère,20963,C1
journellement,20964,C2
superstructure,20965,C2
jacquard,20967,C2
inactivité,20970,B1
tonnant,20972,C2
sylvain,20978,C2
portraitiste,20979,C2
dégraisser,20980,C2
intuitivement,20981,C2
dépiter,20982,B2
verbiage,20983,C2
crépitant,20984,C2
cruciforme,20987,C2
baladin,20989,C2
rugissant,20991,C2
réélection,20992,C2
tape,20995,C2
racoleur,20996,C2
polariser,20997,C2
fraudeur,20999,C2
pigiste,21000,B2
mûrement,21004,C2
vertement,21006,C2
refonte,21009,C2
ionique,21010,C1
relieur,21013,C2
antivol,21014,C1
désagrégation,21015,C1
voisiner,21019,C2
agréé,21022,C2
névralgie,21023,C2
chamane,21030,C2
mastication,21031,C2
percolateur,21032,C2
zanzi,21033,C2
sonique,21035,C2
vivisection,21037,C2
pénates,21038,C2
cafarder,21041,C2
traumatique,21042,C2
affaissement,21044,C2
liard,21047,C2
cantonal,21049,C2
sucrier,21051,C2
nominal,21052,C2
prostration,21053,C2
amplification,21059,C2
conifère,21061,C1
indissoluble,21065,C2
rétrécissement,21066,C1
militairement,21068,C2
herbage,21071,C2
récidiviste,21072,A2
insulté,21078,C2
institutionnel,21079,B1
rodage,21081,C2
charbonnier,21084,C2
combativité,21085,A2
jaja,21087,C2
rapière,21088,C2
réédition,21089,B1
belligérant,21090,C2
speedé,21092,C2
grattoir,21093,C2
emballeur,21094,C2
audimat,21095,C2
consoeur,21097,C2
regarnir,21099,C2
repentant,21103,C2
pleureur,21105,C2
paysannerie,21106,C2
tuber,21107,B2
apolitique,21108,C2
duché,21109,C2
eskimo,21110,C2
rogatoire,21111,C2
redessiner,21114,B2
daiquiri,21116,C2
altruiste,21118,C2
anti-aérien,21120,C2
mappemonde,21122,B2
entrefilet,21123,C2
stalinisme,21127,C2
lamantin,21130,C2
flatulence,21131,C2
yéyé,21133,C2
noirâtre,21135,C2
rengorger,21136,C2
acclimatation,21138,C2
strier,21139,C2
dépêtrer,21142,C2
alezan,21145,C2
sourdingue,21146,C2
humanoïde,21147,C2
assèchement,21148,B1
highlander,21150,C2
saucière,21151,C2
expressionniste,21153,C2
estudiantin,21155,C2
nihilisme,21156,C2
inextricablement,21161,C2
amaigrissement,21162,C2
défenestrer,21165,C2
intubation,21167,C2
tonte,21168,C2
futaie,21172,C2
fluctuer,21173,C2
déclasser,21177,C2
aromatiser,21179,A1
désactivation,21181,C2
hypothermie,21182,C2
vivier,21184,C2
rhésus,21187,C2
kali,21188,C2
désavantager,21192,C2
hypodermique,21194,C2
colite,21196,C2
feuilleté,21198,C2
cataleptique,21202,C2
antisocial,21203,C2
bétel,21206,C2
projectionniste,21207,C2
cybernétique,21208,B1
goémon,21209,C2
laineux,21211,C2
pourlécher,21212,C2
abdication,21213,C2
chipolata,21214,C2
alangui,21218,C2
paraplégique,21220,B1
loqueteux,21221,C2
manomètre,21222,C2
topographique,21223,C2
kana,21224,C2
métaphoriquement,21226,C2
be-bop,21227,C2
contre-plongée,21228,C2
incurvé,21231,C2
invendu,21232,C2
bon-papa,21233,C2
dauphinois,21234,C2
maniéré,21235,C2
filandreux,21238,C2
endorphine,21240,C2
négativement,21241,C2
juxtaposition,21242,C1
nonchalamment,21244,C2
dramatiquement,21246,C1
cahoteux,21248,C2
éculer,21249,C2
bolchevisme,21253,C2
facétieux,21257,C2
carrée,21258,C2
instigation,21259,C2
sous-homme,21262,C2
colocation,21263,A2
ésotérisme,21265,C2
encor,21266,C1
lorgnon,21267,C2
couci-couça,21271,C2
omnipotence,21273,C2
auto-école,21276,B1
broussailleux,21281,B2
défibrillateur,21282,C2
sleeping,21287,C2
semis,21289,B1
cadencé,21290,C2
coudée,21292,C2
carafon,21293,C2
racé,21298,C2
armoise,21299,C2
desceller,21301,C2
serrurerie,21304,C2
yeshiva,21305,C2
sextant,21306,C2
tartan,21307,C2
mélomane,21308,B1
évangéliser,21309,C2
électrode,21310,C1
magasiner,21313,C2
résineux,21315,C2
déconfiture,21318,C2
coupe-vent,21319,C2
fumette,21322,C2
déviant,21326,C2
frou-frou,21327,C2
morillon,21329,C2
démoralisant,21332,C2
gnangnan,21333,C2
barbiturique,21334,C2
sagacité,21336,B2
aviné,21339,C2
surplis,21341,C2
pouponner,21342,B2
cancérigène,21343,B2
sénatorial,21344,C2
gravillon,21347,C2
assermenté,21349,C2
comparé,21350,C2
refondre,21353,C2
dépeint,21357,C2
quadrature,21359,C2
vaguelette,21360,C2
préétabli,21361,C2
pubère,21362,C2
totalitaire,21366,C2
jeteur,21367,C2
piémontais,21368,C2
franchissement,21369,C2
santiag,21370,C2
cyrillique,21375,C2
marital,21376,C2
voracité,21378,C1
rogaton,21379,C2
ascétisme,21381,B1
clignotement,21388,C2
arbitrairement,21389,C2
sensitif,21390,C1
encéphalogramme,21391,C2
saint-bernard,21392,C2
bonhomie,21397,B2
pelvis,21399,C2
disgracié,21400,C2
baste,21401,C2
rébus,21402,B1
roman-photo,21403,B2
hébraïque,21404,C2
droguiste,21408,B1
occultisme,21410,C1
antigène,21420,C2
déterminisme,21421,A2
vénézuélien,21424,C2
allégrement,21425,C2
téléphoné,21426,C2
entre-dévorer,21428,C2
escompte,21430,C2
carder,21431,C2
facturation,21432,C2
mugissant,21433,C2
hypersensible,21434,C2
calligraphier,21435,C2
sérénissime,21436,C2
natalité,21440,C2
avenu,21441,B1
normaliser,21444,C2
gascon,21445,C2
ourler,21449,C2
empathique,21451,C1
psalmodie,21452,C2
jaunissant,21453,C2
nationalisation,21454,C2
dantesque,21457,C2
contestataire,21458,C2
rançonner,21460,C2
fumisterie,21462,C2
circulatoire,21464,C2
pot-au-feu,21466,C2
fitness,21469,C2
fauconnier,21471,C2
apostolat,21474,C2
lumbago,21475,C2
délaver,21478,C2
dribble,21479,C2
aréopage,21482,C2
nord-africain,21485,C2
anglican,21486,C2
fougasse,21489,C2
empourprer,21490,C2
heurté,21491,C2
décontamination,21492,C2
cubique,21494,C2
désapprobateur,21498,B2
cueilleur,21500,C2
profilage,21502,C2
saillir,21503,C2
naturaliste,21504,C2
hystérectomie,21505,C2
riesling,21506,C2
gambiller,21507,C2
caricatural,21511,A2
tiraillement,21514,C2
dyslexique,21516,C2
transmetteur,21517,C2
endémique,21518,C2
totaliser,21519,C2
ingénier,21521,C2
diamétralement,21524,C2
reprogrammer,21526,C2
outrancier,21527,C2
lift,21531,C2
transatlantique,21532,C2
libation,21533,C2
caméscope,21534,C2
garde-chiourme,21535,C2
insupportablement,21536,C2
déblaiement,21537,C2
débrayer,21538,C2
réglable,21539,C2
orangeraie,21540,C2
badamier,21541,C2
piffer,21543,C2
ventôse,21544,C2
collerette,21545,C2
tofu,21547,C2
fenton,21549,C2
négroïde,21550,C2
naturalisme,21551,B1
taxidermiste,21552,C2
surintendant,21553,C2
charançon,21554,C2
nageant,21556,C2
blini,21558,C2
échevelé,21563,C2
constituant,21565,C2
on-dit,21566,C2
gravitationnel,21567,C2
longitudinal,21569,C2
escarbille,21570,C2
télévisuel,21571,C1
ornementation,21572,C2
quinquagénaire,21573,B2
marner,21574,B2
récup,21575,C2
marteau-piqueur,21577,C2
notoirement,21578,C2
tonnage,21580,C2
fibrillation,21582,C2
banlieusard,21584,C2
outrageusement,21585,C2
authentiquement,21586,C2
mordicus,21588,C2
trébuchant,21589,C2
irrévocablement,21590,C2
pis-aller,21595,C2
arrière-petite-fille,21597,C2
entendeur,21601,C2
récriminer,21602,C2
réverbération,21604,C2
croc-en-jambe,21605,C2
commercialiser,21608,C1
chopine,21609,C2
piccolo,21612,C2
scandaleusement,21613,C2
impériale,21614,C2
psychothérapeute,21615,B1
maki,21618,C2
déhanchement,21621,C2
finaliser,21622,C2
kapo,21625,C2
parasiter,21626,C2
neural,21628,C2
épidermique,21630,C2
gueulard,21631,C2
feuillette,21640,C2
saturé,21641,C2
tergiversation,21643,C2
fonts,21644,C2
amortissement,21645,C2
natter,21646,A2
massepain,21647,C2
héroïquement,21649,C2
supernova,21652,C2
assoupissement,21654,C2
cuissot,21655,C2
dégobiller,21656,C2
drop,21658,C2
shogun,21660,C2
universellement,21662,C2
décapsuler,21664,C2
perlé,21665,C2
oeillade,21666,C2
houseau,21667,C2
galène,21668,C2
camé,21669,C2
insidieusement,21671,C2
triomphalement,21673,C2
enraciné,21674,C2
mincir,21676,C2
éroder,21677,C2
dégingandé,21679,C2
décorum,21681,C2
contre-interrogatoire,21682,C2
grisé,21685,C2
typo,21687,C2
pentacle,21688,C2
bau,21689,C2
moussu,21690,C2
pédalier,21691,C2
stupre,21693,C2
dissemblable,21694,C2
moreau,21696,A1
niçois,21697,C2
inamical,21698,C2
clématite,21699,C2
expurger,21700,C2
travestissement,21701,B2
pigeonneau,21702,C2
atoll,21705,B2
compagnonnage,21711,B1
matriarcat,21713,C2
guacamole,21714,C2
argon,21715,C2
politiser,21720,C2
fibreux,21721,C2
autodétruire,21723,C2
doublon,21724,C2
tourbillonnant,21725,C2
jachère,21727,C2
thésauriser,21729,C2
mulot,21730,C2
surplace,21733,C2
copulation,21735,C2
amibe,21736,C2
annoter,21740,C2
impénitent,21743,C2
fiévreusement,21746,C2
antimilitariste,21747,C2
mordoré,21749,C2
vertigineusement,21750,B2
gratuité,21751,B1
errements,21755,C2
maharajah,21757,C2
duplication,21760,C2
épiscopal,21761,C2
déloyauté,21762,A2
endetté,21763,C2
vidanger,21767,C2
marne,21768,C2
décompter,21769,C2
fourcher,21773,C2
oxygéner,21774,C2
isotope,21775,C2
électriquement,21776,C2
graillon,21778,C2
tournoyant,21780,C2
baraka,21782,C2
bluffeur,21783,C2
inégalé,21784,C2
amuseur,21787,C2
abrégé,21788,C2
psi,21789,C2
jumeler,21792,C2
bonimenteur,21793,C2
chaufferette,21794,C2
lapon,21795,C2
décarcasser,21797,C2
kil,21799,C2
quasimodo,21800,C2
délabrement,21801,C2
offshore,21802,C2
insonore,21804,C2
dépité,21805,C2
boitiller,21806,C2
remorquage,21807,C2
pilonnage,21809,C2
baklava,21811,C2
asse,21815,C2
compatibilité,21817,C1
prosélytisme,21818,C2
marinier,21819,C1
scientologie,21820,C2
matérialisation,21821,B2
cassage,21822,C2
vice-consul,21823,C2
dentelure,21826,C2
hydrophile,21831,C2
déclouer,21840,C2
imprononçable,21841,B2
replat,21842,C2
ponter,21843,C2
retendre,21845,C2
arrière-petit-fils,21848,C2
candi,21849,C2
désenchanté,21850,C2
nope,21854,C2
frisette,21855,C2
récapitulation,21856,C2
chiropracteur,21858,C2
musiquer,21860,C2
repayer,21861,C2
boycotter,21862,C2
métallurgiste,21863,C2
renfoncer,21868,C2
enrôlement,21869,C2
adjudication,21870,C2
astringent,21872,C2
despotique,21873,C2
maigrelet,21875,C2
pleurésie,21876,C2
valdinguer,21877,C2
consignation,21880,C2
calva,21883,C2
pompéien,21884,C2
ombrager,21887,C2
bonneterie,21888,C2
déchanter,21891,C2
convertible,21892,C2
rosâtre,21895,C2
muqueux,21896,C2
entrepont,21898,C2
baffer,21900,C2
rôtisserie,21901,C2
cryptogramme,21903,C2
curiste,21904,C2
antidrogue,21905,C2
nuisette,21906,C2
bouche-trou,21911,C2
compo,21912,C2
votif,21915,C2
marabout,21916,C2
sumo,21919,C2
thyroïde,21920,C2
maharani,21921,C2
bayard,21931,A2
carme,21932,C2
friterie,21933,A1
cardan,21935,C2
fausset,21936,C2
glandouiller,21937,C2
casoar,21939,C2
ferreux,21941,C2
copropriétaire,21942,B1
macramé,21943,C2
anicroche,21945,C2
uniformité,21947,C1
larvaire,21951,C1
xylophone,21952,C2
bigarrer,21953,C2
effleurement,21956,C2
pornographe,21957,C2
cuesta,21961,C2
covoiturage,21965,C2
appesantir,21966,C2
abrutissant,21967,C2
maladivement,21969,B1
draperie,21970,C2
coulage,21971,C2
loyalisme,21976,C2
holographique,21977,C2
sporadiquement,21979,C2
louanger,21983,C2
documentaliste,21984,C2
moiré,21986,C2
modernisme,21987,B2
anticommunisme,21988,C2
gaillardement,21991,C2
enlumineur,21992,C2
agenouillement,21993,C2
chevrette,21995,C2
péricliter,21996,C2
réfutation,21997,C2
filtrant,21998,C2
vitrifier,21999,C2
galamment,22000,C2
génome,22002,C2
aloyau,22004,C2
insurpassable,22010,C2
graveleux,22013,C2
grégorien,22016,C2
softball,22017,C2
blanchon,22018,C2
chapeauter,22019,B2
chlorhydrique,22022,C2
réglementairement,22023,C2
superficialité,22024,C2
posologie,22025,C2
hypnotisme,22026,C2
perpette,22027,C2
gracieuseté,22028,C2
mi-parcours,22029,C2
contralto,22032,C2
boqueteau,22034,C2
simplification,22036,C1
infinitésimal,22044,C2
schiste,22046,C2
quinquennal,22047,C2
monocorde,22050,C2
hémiplégie,22052,C2
démantibuler,22055,C2
tollé,22056,B1
surfeur,22057,C2
spiritueux,22059,C2
cerisaie,22060,C2
bougainvillée,22064,C2
instrumental,22065,C2
hamada,22066,C2
orchestral,22067,C2
bubon,22069,C2
retranscrire,22070,C2
buller,22072,C1
rond-de-cuir,22074,C2
poivrade,22076,C2
mérou,22079,C2
communard,22081,B2
suintement,22086,C2
estacade,22088,C2
mercurochrome,22091,C2
gentillet,22092,C2
semi-automatique,22094,C2
koto,22096,C2
exégèse,22097,C2
neurochirurgien,22098,C2
carnier,22099,C2
flétan,22102,C2
galérien,22103,C2
sidéral,22104,C2
objecteur,22106,C2
monosyllabe,22107,C2
panière,22108,C2
nobiliaire,22109,C2
francophone,22110,A1
cicérone,22112,C2
patachon,22114,C2
gourmander,22115,C2
bubonique,22116,C2
chocolaterie,22118,C2
criée,22120,C2
supra,22121,C2
shakespearien,22122,C2
orphéon,22124,C2
étoupe,22129,C2
teutonique,22133,C2
auréolé,22134,C2
détoner,22135,C2
abyssal,22136,C1
hallucinatoire,22137,C2
confluence,22139,C2
insulaire,22140,B2
granitique,22142,C2
naturiste,22147,C2
arc-boutant,22148,C2
flagellé,22149,C2
aviaire,22156,C1
squale,22160,C2
officialiser,22161,B1
atomiser,22166,C2
négativité,22167,C2
bagagiste,22168,C2
mélopée,22169,C2
ferronnerie,22171,C2
hallebarde,22172,C2
conga,22173,C2
foisonnant,22174,C2
fifty-fifty,22175,C2
harmonieusement,22176,C2
saccader,22177,C2
parallélisme,22178,C2
sciatique,22180,C2
abscons,22181,C2
migrer,22182,C2
pigeonner,22183,C2
absolutisme,22184,C2
bellement,22185,C2
agreste,22187,C2
gémellaire,22189,C2
ermitage,22190,B2
peccadille,22195,C2
phonétique,22196,B2
gangrené,22197,C2
tesla,22199,C2
spécificité,22205,C2
circonvenir,22206,C2
cacophonie,22209,C2
complies,22210,C1
incorporel,22211,C2
ajouré,22213,C2
coordinateur,22215,B2
tricoteur,22216,C2
paternalisme,22218,C2
synchrone,22219,C2
railleur,22224,C2
évaser,22225,B1
philanthropie,22229,C2
dionysiaque,22231,C2
carrossable,22233,C2
défroque,22234,C2
pitoyablement,22236,C2
vaguemestre,22237,C2
miter,22238,C2
convulsé,22239,C2
câblage,22243,C2
brout,22244,C2
unanimement,22245,C1
guigner,22247,C2
chatière,22248,C2
garden-party,22250,C2
magnanimité,22251,C2
délassement,22253,C2
directionnel,22254,C2
espièglerie,22256,C2
enturbanné,22263,C2
embryonnaire,22264,C2
évolutif,22265,C2
sponsoriser,22266,C2
sabayon,22268,C2
moire,22272,C2
panégyrique,22277,C2
tronqué,22279,C2
prussique,22282,C2
muezzin,22283,C2
poiler,22284,C2
souquer,22287,C2
toxicologique,22288,C2
résultant,22289,C2
non-violence,22290,C2
stipule,22291,C2
alarmiste,22296,B2
diaporama,22299,C2
coordonné,22300,C2
piégeur,22301,C2
psychanalytique,22302,C2
séraphin,22307,C2
léviter,22309,C2
exproprier,22310,C2
pané,22311,C2
balbutiement,22312,C2
affectivement,22315,B2
pousse-café,22317,C2
alcade,22321,C2
dalmatien,22323,C2
persiflage,22325,C2
occultation,22326,C2
collégial,22329,C1
escampette,22330,C2
crachin,22331,C2
c'est-à-dire,22333,C2
débroussailler,22334,C2
bretteur,22337,C2
quine,22338,C2
sobrement,22341,C2
bain-marie,22344,C2
descriptif,22346,C1
défrayer,22348,C2
recaser,22349,C2
gadin,22350,C2
miniaturiser,22351,C2
dévaluation,22352,C2
cagoulé,22354,C2
cuiter,22357,B1
leitmotiv,22359,B1
ammoniac,22361,C2
croît,22363,C2
interdépendance,22366,C2
coasser,22367,C2
condo,22368,C2
anaphylactique,22372,C2
tortillon,22373,C2
ratissage,22374,C2
recontacter,22376,C2
majestueusement,22379,C2
consanguin,22380,C2
communicateur,22381,C2
contourné,22384,C2
épigone,22385,C2
spéléologue,22392,C2
brochant,22393,C2
acquitté,22395,C2
machisme,22398,C2
ânon,22399,C2
renfiler,22402,C2
rachitique,22403,C2
escarcelle,22404,C2
manufacturer,22405,C2
crinoline,22407,C2
morosité,22410,C1
noue,22412,C2
keum,22414,C2
cotre,22416,C2
équidistant,22419,C2
affluent,22421,A2
rhumatisant,22422,C2
crayeux,22426,C2
interallié,22435,C2
homéopathie,22438,C2
tenon,22440,C2
effervescent,22443,A2
phéromone,22445,C2
asystolie,22446,C2
palan,22450,C2
blet,22455,C1
pelade,22456,C2
goguenard,22458,C2
discontinu,22460,C2
gouache,22461,C2
ubiquité,22462,C2
alunissage,22464,C2
intersidéral,22468,C2
verroterie,22471,C2
féculent,22473,C2
unicité,22476,C2
capricieusement,22477,C2
blanc-bleu,22479,C2
gigantisme,22481,C2
jazzman,22484,C2
congolais,22487,C1
bermuda,22488,C2
ampoulé,22491,C2
qualificatif,22493,C1
incandescence,22494,C2
intempérance,22496,C2
chichement,22497,C1
collusion,22500,C2
skipper,22501,C2
gouda,22503,C2
embellie,22504,C2
baratter,22505,C2
rotative,22510,C2
offenseur,22511,C2
intraduisible,22517,C2
reptilien,22519,C2
programmeur,22520,C2
constitutif,22522,C2
libelle,22527,C2
incroyance,22528,C2
skateboard,22530,C2
hickory,22531,C2
mal-être,22533,B1
avant-centre,22535,C2
conceptuel,22536,C2
glycémie,22539,C2
sil,22540,C2
malintentionné,22541,C2
immanent,22544,C2
carnassier,22545,C2
porte-bagages,22552,C2
maghrébin,22554,C2
balancelle,22558,C2
échassier,22561,C2
cantonais,22564,C2
rocade,22566,C2
érogène,22567,C2
brassage,22569,C2
correctif,22574,C2
ammonite,22576,C2
édicule,22578,C2
graissage,22579,C2
spoutnik,22581,C2
entre-deux-guerres,22582,C2
atténué,22584,C2
subdivision,22587,C2
desseller,22589,C2
briscard,22594,C2
convexe,22597,C2
surmoi,22598,C2
dépoter,22599,C2
origami,22600,C2
sensibilisation,22611,C1
indompté,22612,C2
anthropologique,22615,B2
cumulus,22616,C2
baudet,22617,C2
essuie-mains,22623,C2
irréconciliable,22627,C2
déconnexion,22629,C2
actualiser,22630,B2
trans,22631,C2
narratif,22632,C2
remâcher,22634,C2
flûtiste,22635,C2
privatisation,22637,C2
reconquête,22639,C2
populiste,22641,C2
pacifisme,22642,C2
déformant,22643,C2
saur,22648,C2
prompteur,22649,B1
aphteux,22652,C2
chilienne,22653,C2
prophylactique,22654,C2
exciser,22656,C2
colophane,22662,C2
consanguinité,22663,C2
autarcie,22668,C2
pers,22670,A1
madère,22671,C2
pfennig,22672,C2
babi,22673,C2
fouetteur,22674,C2
bordelais,22675,A1
hockeyeur,22679,C2
marsouin,22681,C2
avant-veille,22684,C2
palliatif,22686,C2
ribaud,22689,C2
incoercible,22691,C2
condensé,22692,C2
horticulture,22693,B1
congère,22695,C2
inatteignable,22697,C2
godiche,22700,C2
démagogique,22701,C2
niaisement,22702,C2
indéfendable,22704,C2
verbaliser,22706,C1
optimiser,22707,C2
époumoner,22708,C2
intervenant,22709,C2
soudaineté,22710,C2
dirham,22711,C2
alexandrin,22717,C2
adorablement,22719,C2
anaconda,22722,C2
percale,22723,C2
échancré,22724,C2
nord-américain,22725,C1
naufragé,22726,C2
estrapade,22727,C2
inclassable,22730,C2
supérieurement,22737,C2
interrogatif,22739,C2
physiologiquement,22743,C2
commercialisation,22744,C1
parodique,22745,C2
inconséquence,22747,C2
kiné,22750,B2
pluton,22755,C2
mentholé,22756,C2
psychodrame,22757,C2
séchage,22758,C2
prémisse,22761,C2
saute-mouton,22762,C2
running,22763,C2
conventuel,22764,C2
irrévérence,22768,C2
mahatma,22772,C2
codifier,22775,C2
généticien,22776,C2
archiver,22777,C2
vocalise,22778,C2
pragmatisme,22782,C2
automutilation,22785,C2
fagoter,22786,C2
pentu,22787,B2
émotivité,22788,C2
obscurément,22789,C2
consomption,22790,C2
aviso,22791,C2
parcheminé,22793,C2
fibrome,22796,C2
strasbourgeois,22797,C2
gerbier,22800,C2
discrédit,22801,C1
flageolant,22804,C2
dictatorial,22807,C2
tchatcher,22808,C2
dépareiller,22809,C2
ritournelle,22810,B1
misaine,22811,C2
patibulaire,22812,C2
biller,22813,C2
clémentine,22815,C2
puritanisme,22818,C2
méthadone,22820,C2
sidéré,22821,C2
bactérien,22828,C1
antiquaille,22830,C2
réarranger,22832,C2
symbiote,22834,C2
déduit,22836,C2
éraillé,22837,A2
triolet,22838,C2
neuronal,22841,C1
pitbull,22843,C2
cartographique,22845,C2
rengager,22847,C2
iridium,22848,C2
arthritique,22849,C2
turluter,22852,C2
regardable,22853,C2
crachoter,22854,C2
biométrique,22858,C1
circonvolution,22860,C2
excision,22861,C2
dreyfusard,22862,C2
toxicologie,22864,C1
finasser,22865,C2
exécutoire,22866,C1
imprécision,22867,C2
thermonucléaire,22868,C2
faf,22877,C2
vénitienne,22879,C2
saloir,22880,C2
geignement,22882,C2
maroquinerie,22885,C2
iroquois,22886,C2
poêlon,22887,C2
avilissement,22891,C2
égouttoir,22892,C2
mirliton,22894,C2
boucanier,22895,C2
trench-coat,22896,C2
suprêmement,22897,C2
loupiote,22898,C2
hétérosexualité,22899,C2
filouterie,22900,C2
loyaliste,22901,C2
sous-comité,22902,C2
spiritualiser,22903,C2
bassinet,22904,C2
oiselet,22905,C2
décrisper,22908,C2
orthopédie,22910,C2
ibérique,22911,C2
cristallisation,22915,C2
houppette,22916,C2
treillage,22917,C2
jas,22918,C2
légiférer,22919,B2
félonie,22920,C2
patache,22921,C2
malhonnêtement,22922,C2
staroste,22926,C2
pavage,22929,C2
demi-teinte,22931,C2
faraud,22932,C2
naturalisation,22933,C2
silicose,22938,C2
vigiler,22939,C2
éreinté,22940,C2
génois,22945,C2
buggy,22946,C2
coacher,22948,C2
musicalité,22949,C2
adhérence,22950,C2
jars,22952,C2
bastonnade,22955,C2
irrégulièrement,22956,C2
louage,22958,C2
mandrin,22959,B1
niaiseux,22961,C2
cacahouète,22962,C2
machiner,22963,C2
lidocaïne,22964,C2
charlatanisme,22965,C2
garde-boue,22966,C2
contorsionniste,22967,C2
gloriole,22969,C2
coassement,22970,C2
pigmentation,22971,C2
cantonade,22972,C1
macchab,22976,C2
souscription,22982,B2
bief,22983,C2
réintroduire,22985,B1
pivotant,22986,C2
laxisme,22988,C2
arien,22991,C2
bornage,22993,C2
latter,22994,C2
boulonner,22998,B2
campanile,22999,C2
surpuissant,23005,C2
prédestiné,23006,C2
nihiliste,23007,C2
tournoiement,23008,C2
vasectomie,23009,C2
indisposé,23010,C2
harassement,23011,C2
chauvinisme,23013,B2
recommencement,23014,C2
establishment,23015,C2
syllogisme,23016,C2
sélect,23020,C2
béatifier,23021,C2
coranique,23022,C2
nymphette,23023,C2
résidant,23024,C2
transmuter,23025,C2
palombe,23028,C2
rétractation,23032,C2
stabilisateur,23034,C2
backgammon,23037,C2
déchiffrement,23038,C2
calandre,23041,C2
claque-merde,23044,C2
polémiste,23045,C2
délacer,23051,C2
pergola,23053,C2
continence,23055,C2
vahiné,23057,B2
bilboquet,23059,C2
dédouaner,23061,C2
injustifiable,23062,C2
aubain,23063,B1
butée,23066,C2
pyrotechnie,23067,C2
rediriger,23069,C2
concupiscent,23073,C2
câlinerie,23075,C2
caoutchouteux,23076,C2
névrotique,23077,B1
dernier-né,23079,C2
hypertrophié,23080,C2
jovialité,23081,C2
distordre,23085,C2
ultrason,23086,B1
durillon,23088,C2
cyclo,23091,C2
zélote,23094,C2
ornemental,23095,C2
gastronome,23099,C2
abaissé,23102,C2
égocentrisme,23104,C2
disgracier,23108,C2
invendable,23109,C1
griserie,23112,C2
asphalter,23113,C2
roture,23114,C2
potée,23117,A1
encrer,23118,C2
fabulation,23119,C2
pliage,23120,C2
andouillette,23121,B2
diamantin,23122,C2
merlot,23125,C2
signalétique,23126,C2
pirojki,23128,C2
potasse,23131,C2
déracinement,23132,C2
pogrom,23134,C2
flemmarder,23135,C1
discobole,23136,C2
plafonner,23137,C2
transbahuter,23139,C2
ménestrel,23142,A1
babil,23143,C2
bloquant,23144,C2
blinde,23145,C2
clarinettiste,23149,C2
argotique,23150,B2
mercanti,23151,C2
inguérissable,23152,C2
tabagie,23156,C2
tonnellerie,23157,C2
sauve-qui-peut,23159,C2
ukulélé,23161,A2
filiforme,23162,C2
sucrette,23163,C2
traînard,23164,C2
fourbir,23169,C2
castrateur,23171,C2
vachère,23172,C2
revérifier,23174,C2
gantelet,23175,C2
couleuvrine,23177,C2
interagir,23178,C1
versus,23181,C2
artériosclérose,23182,C2
inélégant,23188,C2
ligaturer,23190,C2
électorat,23191,C2
tabloïd,23192,C2
acrimonie,23195,C2
singulariser,23196,C2
douma,23199,C2
démarcheur,23200,C2
démesure,23202,C2
encodage,23204,C2
sioniste,23207,C2
bisquer,23211,B2
bâtardise,23213,C2
gnocchi,23215,C2
survivance,23216,C2
rentabiliser,23218,C2
juiverie,23222,C2
braderie,23225,C2
diorama,23229,C2
angler,23233,C2
épicurien,23236,C2
vibrato,23237,C2
labourage,23238,C2
éreintant,23239,C2
étalement,23240,C2
azulejo,23242,C2
luxer,23243,C2
défroquer,23244,C2
télescoper,23245,C2
démocratiquement,23246,B1
libéralité,23248,C2
téléscripteur,23250,C2
amontillado,23254,C2
corseter,23255,C2
neurotoxique,23257,C2
dey,23259,C2
tantrisme,23263,C2
chateaubriand,23264,B2
chloroformer,23265,C2
invertébré,23266,C2
cruzeiro,23267,C2
prépa,23268,C2
plexiglas,23271,C2
arum,23273,C2
allegro,23274,C2
mythomanie,23278,C2
anachorète,23279,C2
désincarné,23281,C2
hydroélectrique,23282,C2
manutentionnaire,23283,C2
rentre-dedans,23284,C2
commissaire-priseur,23288,C2
expert-comptable,23289,C2
besogneux,23290,C2
pédiatrique,23291,C2
mouliner,23292,C2
maroufle,23293,C2
philosophiquement,23294,C2
trépaner,23295,C2
triangulation,23296,C2
réducteur,23298,C2
raccordement,23299,C2
rajout,23300,C2
luxation,23301,C2
léchage,23302,C2
perclus,23306,C2
bionique,23309,B1
obliquement,23311,C2
relaver,23313,C2
hotline,23314,C2
évitable,23315,C2
yorkshire,23321,C2
grume,23322,C2
ouvre-boîtes,23323,C2
maniaco-dépressif,23324,C2
reproducteur,23325,C2
méhari,23330,C2
enculade,23336,C2
ultramoderne,23337,C2
géodésique,23338,C2
aménorrhée,23339,C2
saxophoniste,23341,C2
nonnette,23343,C2
hématocrite,23347,C2
homérique,23350,C2
carmin,23352,C2
auriculaire,23354,C2
olifant,23356,C2
retailler,23357,C2
entremets,23358,C2
kevlar,23363,C2
dactylographier,23364,C2
sidérant,23365,C2
héparine,23368,C2
chaumine,23369,C2
éviscérer,23372,C2
insensibiliser,23374,C2
chavirement,23375,C2
encoder,23378,C2
stout,23379,C2
arabica,23380,C2
pattemouille,23381,C2
courante,23382,B1
arborescent,23383,C2
endimancher,23385,C2
décati,23386,C2
perfecto,23387,C2
dérisoirement,23388,C2
arrivisme,23390,C2
hypotension,23393,C2
suffragette,23394,C2
irréversiblement,23395,C2
grandiloquence,23396,C2
cyclique,23397,C2
lividité,23399,C2
cérumen,23401,C2
esthétisme,23402,C2
collectivisme,23406,C2
repiquage,23408,C2
elliptique,23410,C2
pharmacopée,23411,C2
acra,23412,C2
fadasse,23413,C2
ria,23414,C2
squat,23415,C2
platonicien,23416,C2
pensivement,23417,C2
bananier,23419,B1
bipède,23421,C2
composter,23422,C1
muséum,23423,C2
brigantin,23424,C2
légataire,23425,C2
quatrièmement,23428,C2
fayoter,23429,C2
claudication,23432,C2
ascète,23433,C2
feuler,23434,C2
ventriculaire,23437,C2
dinguerie,23440,C2
antidouleur,23441,C2
bonapartiste,23445,C2
clérical,23446,C2
confluer,23448,C2
diffamateur,23453,C2
largo,23455,C2
gaufrier,23456,C2
percuteur,23457,C2
validation,23460,C1
veineux,23461,C2
remmener,23462,C2
pondération,23464,B2
drôlesse,23466,C2
neurochirurgie,23467,C2
traditionalisme,23468,C2
purgatif,23470,C2
transmuer,23471,C2
busard,23472,C2
rageant,23476,C2
encorder,23477,C2
gynécologique,23479,C2
proscrit,23481,C2
réaménager,23482,B1
madre,23483,C2
glorification,23484,C2
mistral,23486,A1
chevroter,23488,C2
saccade,23490,B2
ventrée,23491,C2
dunette,23492,C2
immixtion,23493,C2
décélération,23497,C2
cilice,23499,C2
pueblo,23500,C2
pusillanime,23501,C2
inexpiable,23502,C2
désintérêt,23503,C2
vice-amiral,23504,C2
paramédical,23505,C2
planificateur,23506,C2
inquisitorial,23507,C2
sagaie,23508,C2
amaryllis,23509,C2
coloriste,23513,C2
oscillant,23514,C2
hydrater,23515,C2
arrière-fond,23519,C2
cimenterie,23521,C2
schuss,23522,C2
assiégeant,23525,C2
cérémonieusement,23527,C2
beagle,23529,C2
alpestre,23530,C2
inexpugnable,23531,C2
tangue,23534,C2
hémorragique,23535,C2
binz,23537,C2
coproduction,23538,C2
intrinsèque,23539,C2
complexé,23540,C2
zygomatique,23541,C2
flagornerie,23543,C2
atavisme,23545,C2
violacer,23546,C2
lévite,23547,C2
foulure,23549,C2
indécelable,23550,C2
biberonner,23553,C2
préconçu,23556,C2
préséance,23559,C2
stylet,23562,C1
assouplissement,23565,C2
cagna,23566,C2
épidémique,23571,C1
ingérable,23572,C2
trappiste,23573,C2
babylonien,23575,C2
berbère,23576,C2
amoroso,23577,C2
bénédictin,23579,C1
balsamique,23580,C1
dryade,23586,C2
dotation,23588,C2
accentué,23592,C2
débilitant,23594,C2
défendable,23596,C2
plaisamment,23599,C2
mandala,23600,C2
réfrigérant,23601,C2
whist,23603,C2
positionnement,23607,C2
déguenillé,23608,C2
convertisseur,23609,C2
délictueux,23610,C2
fripier,23613,B2
sprat,23614,C2
dînatoire,23615,C2
désunion,23616,C2
usiner,23618,C2
farad,23620,C2
normalisation,23621,C2
poterne,23625,C2
enfariner,23630,C2
rependre,23631,C2
cordelier,23632,C2
gaudriole,23633,C2
autodafé,23639,C2
cathodique,23640,C1
nubien,23641,C2
pouponnière,23644,C2
chiquenaude,23645,C2
presbytérien,23646,C2
alunir,23648,C2
pudiquement,23649,C2
préposition,23654,C2
présomptif,23656,C2
infantilisme,23657,C2
bousillage,23659,C2
mousmé,23660,C2
patricien,23661,B1
initialisation,23664,C2
hétérogène,23666,B1
maturation,23667,C2
aspersion,23668,C2
amusette,23672,C2
goinfrerie,23675,C2
judoka,23678,A2
phréatique,23680,B1
calque,23681,C2
questionnement,23684,C2
péplum,23685,C2
glapissement,23689,C2
biscuiterie,23690,C2
souffleter,23691,C2
dissipation,23693,C2
antifasciste,23695,C2
marasquin,23698,C2
polynésien,23700,C1
énarque,23703,C2
gecko,23704,C2
militantisme,23705,B1
hallier,23706,C2
abatteur,23708,C2
incurablement,23711,C2
enseigné,23714,C2
remariage,23715,C2
napoléonien,23717,C1
jambonneau,23718,C2
accrédité,23719,C2
cartésien,23720,A1
ciblage,23721,C2
batifolage,23722,C2
alcalin,23723,C2
cloutier,23726,C2
fléché,23728,C2
intercostal,23731,C2
pelvien,23732,C2
locution,23734,C2
déconsidérer,23735,C2
ahaner,23736,C2
lénifiant,23739,C2
rougeoiement,23741,C2
aminé,23742,C2
fragmentaire,23744,C2
charmille,23745,C2
irrémissible,23746,C2
focal,23749,C2
romancer,23751,A2
échangiste,23754,C2
empuantir,23755,C2
utilement,23757,C2
discordance,23758,C2
dermatologue,23765,C2
réunifier,23767,C2
imposable,23770,C1
lave-linge,23773,A1
pataud,23774,B1
cryogénique,23775,C2
zébrure,23776,C2
dératisation,23780,C2
mulâtresse,23781,C2
mutualité,23782,C2
marauder,23783,C2
pacification,23786,C2
attrapeur,23789,C2
uniformiser,23791,C2
hiératique,23795,C2
géographiquement,23797,B1
angiographie,23800,C2
rediffusion,23802,C2
observance,23806,C2
grotesquement,23808,C2
claymore,23812,C2
escagasser,23813,C2
corollaire,23816,C2
oncologue,23818,C2
eldorado,23819,B2
vibratoire,23821,C2
imprévoyance,23822,C2
méridien,23824,C2
aérospatial,23825,C2
orientable,23826,A1
rejuger,23827,C2
indiscernable,23828,C2
potentat,23832,C2
inexprimé,23833,C2
perforant,23834,C2
asphyxiant,23835,C2
fignolage,23836,C2
épandage,23839,C2
gréer,23841,C2
fluctuant,23843,C2
généralisation,23845,C1
genouillère,23846,C2
graff,23847,C2
justiciable,23849,C2
réengager,23850,C2
valorisant,23853,B2
ptérodactyle,23855,C2
cataclysmique,23857,C2
xiang,23858,C2
jaillissant,23862,C2
déférent,23864,C2
tournemain,23865,C2
luxuriance,23868,C2
triptyque,23869,C2
querelleur,23870,C2
vocifération,23871,C2
audacieusement,23872,C2
mastoïde,23873,C2
vallonné,23876,C2
crooner,23878,C2
hypermarché,23879,A1
arbouse,23881,C2
inconduite,23882,C2
détrôné,23884,C2
chromosomique,23888,C2
prescience,23889,C2
prodigalité,23894,C2
bonsaï,23895,C2
tyrannosaure,23898,C2
rapacité,23899,C2
cacatoès,23900,C2
luminescent,23901,C2
prédestination,23903,C2
calviniste,23906,C2
interné,23909,C2
nommément,23910,C2
régurgiter,23912,C2
orthophoniste,23917,C2
fauchon,23918,C2
gabier,23919,C2
cockney,23920,C2
cruiser,23921,C2
contempteur,23922,C1
kommando,23923,C2
saccharine,23924,C2
contre-révolutionnaire,23926,C2
onanisme,23927,C2
inexistence,23929,C1
vibreur,23931,C2
minium,23932,C2
patronymique,23938,C2
imbriqué,23940,C2
modem,23944,C2
défiguration,23947,C2
antitétanique,23948,C2
lev,23950,C2
hydrographique,23951,C2
confessionnel,23953,C2
férir,23956,C2
lycra,23957,C1
méphitique,23958,C2
non-agression,23959,C2
catéchiste,23960,C2
cymbaliste,23961,C2
nationaliser,23962,C2
surimpression,23964,B2
spatio-temporel,23965,C1
sinusite,23967,C2
laborieusement,23968,C2
graphologue,23969,B1
inopérable,23970,C2
carpien,23971,C2
aménité,23972,C2
clownesque,23976,B1
timonerie,23977,C2
culer,23979,C2
millimétrique,23981,C2
combinatoire,23985,C2
simili,23986,C2
positiviste,23987,C2
chênaie,23991,C2
moralisme,23992,C2
grignotement,23993,C2
ruissellement,23995,C2
tâcheron,23996,C2
muleta,23997,C2
cabalistique,23998,C2
téléphonie,24000,C1
hongre,24002,C2
poly,24004,C2
débouter,24005,C2
cortical,24008,C2
papouille,24012,C2
rugbyman,24013,C2
zloty,24014,C2
concordant,24015,C1
saki,24016,C2
prépondérance,24017,B1
envahissement,24018,B1
petit-neveu,24020,C2
stridulation,24021,C2
incubateur,24025,C2
freezer,24027,C2
astreignant,24030,C2
talmudiste,24031,C2
bétaillère,24033,C2
gerbille,24034,C2
hypoxie,24037,C2
caducée,24038,C2
spectromètre,24040,C1
taxidermie,24043,C2
rotonde,24044,C2
vampirique,24045,C2
polissage,24046,C2
lapidation,24050,C2
réarmer,24052,C2
tramontane,24053,A1
trisaïeul,24059,C2
extrapolation,24060,C2
rutiler,24061,C2
baderne,24062,C2
déclamation,24063,C2
vérifiable,24064,C2
négrier,24065,C2
bétonner,24066,C2
pensum,24068,C2
sténographie,24071,C2
pizzicato,24072,C2
grippé,24073,C2
fellah,24074,C2
moleskine,24075,C2
tripotage,24076,C2
formalisme,24077,C2
enfantinement,24079,C2
discontinuité,24080,C2
entr'apercevoir,24085,C2
franc-jeu,24086,C2
calvados,24087,C2
anti-âge,24088,C2
décacheter,24090,C2
brûlis,24091,C2
libyen,24092,C2
stoïcisme,24094,B1
chiromancien,24095,C2
sous-entendu,24096,C2
parcmètre,24097,C2
sophiste,24098,C2
décrotter,24100,C2
vibratile,24101,C1
calomnieux,24103,C2
flapi,24104,C2
limaille,24106,C2
farineux,24107,C2
cantilène,24108,C2
routeur,24110,C2
fractionner,24113,C2
renégocier,24114,C2
crumble,24116,C2
tassement,24122,C2
duplicateur,24123,C2
repincer,24125,C2
rockeur,24128,C2
revisser,24131,C2
synchronisme,24132,C2
tromblon,24137,C2
retenter,24139,C2
tubéreux,24140,C2
kart,24141,C2
tétrarque,24142,C2
horticulteur,24143,B1
bottillon,24144,C2
autodestructeur,24149,C2
grattage,24150,C2
limage,24151,C2
serpe,24155,C2
bradycardie,24161,C2
introniser,24163,C2
indissociable,24164,C2
nominatif,24165,B1
imprévisibilité,24167,C2
disséminé,24169,C2
fanzine,24170,A1
vampirisme,24171,C2
opuscule,24176,C2
pancréatique,24182,C2
hertz,24183,C2
tourniquer,24184,C2
diaboliquement,24186,C2
autosatisfaction,24189,C2
impondérable,24190,C1
franquisme,24194,C2
civilement,24196,C2
syndicalisme,24197,C2
avion-cargo,24200,C2
pailleté,24201,C2
pogo,24202,C2
malséant,24203,C2
en-but,24204,C2
glaireux,24205,C2
pendable,24207,C2
ball-trap,24208,C2
magistralement,24210,B2
goulée,24213,C2
conciergerie,24216,C2
pendulette,24219,C2
aînesse,24222,B1
rétroactif,24223,C2
brigadier-chef,24225,C2
pilastre,24227,C2
banquer,24228,B1
émergent,24230,C1
alderman,24232,C2
cubiste,24233,C2
inconstitutionnel,24234,C2
bruni,24235,C2
tristounet,24242,C1
égorgement,24244,C2
ordination,24247,C2
insatisfaisant,24252,C2
escudo,24254,C2
monotonement,24255,C2
castrat,24256,C2
course-poursuite,24258,C2
léniniste,24259,C2
diversement,24263,C2
pacson,24264,C2
brossage,24265,C2
spinal,24268,C2
festonner,24271,C2
manipulable,24274,C2
pileux,24275,C2
agape,24277,C2
dépoli,24278,C2
mille-feuille,24280,B1
guano,24284,C2
botulisme,24285,C2
philanthropique,24286,C2
culturellement,24288,C1
occire,24289,C2
obusier,24292,C2
allume-cigare,24294,C2
hyoïde,24298,C2
valériane,24299,C2
copiner,24300,C2
somnambulique,24302,C2
monospace,24303,C2
corrupteur,24305,C2
moraine,24306,C2
baronnet,24308,C2
reconnecter,24309,C2
haleur,24313,C2
grunge,24314,C2
contre-mesure,24315,C2
biguine,24316,A1
maximiser,24318,B2
escher,24319,C2
génuflexion,24321,C2
métempsycose,24322,C2
crépon,24323,C2
cinquantenaire,24324,C2
démonstrateur,24325,C2
spin,24329,C2
autogestion,24330,B1
duelliste,24331,C2
nitrique,24335,C2
motivant,24340,C2
cardiomyopathie,24343,C2
fractal,24345,C2
bananeraie,24348,C2
stentor,24349,C2
inintelligent,24351,C2
bourriche,24352,B1
démocrate-chrétien,24354,C2
stomacal,24357,C2
galbé,24358,C2
alchimique,24360,C2
ionisation,24361,C2
gaulliste,24364,C2
rectitude,24366,C2
croisillon,24368,C2
impressionnisme,24369,A2
bobinette,24372,C2
appeau,24373,C2
palétuvier,24375,C2
télémétrie,24376,C2
passiver,24377,C2
restructurer,24378,C1
civilisateur,24380,C2
tonnelier,24381,C2
gavage,24384,B2
inégalement,24385,B1
saharien,24386,C2
stalagmite,24387,C2
initiateur,24388,C1
transbordement,24389,C2
colonialiste,24392,C2
chambertin,24395,C2
lingam,24396,C2
redistribution,24398,C2
théâtreux,24400,C2
estampiller,24402,C1
calomniateur,24404,C2
déductible,24405,C2
empêtré,24407,C2
argumentaire,24408,C2
kippa,24412,C2
fébrilité,24415,C2
tiser,24420,C2
régimentaire,24421,C2
diffamatoire,24422,C2
coutelas,24423,C2
quatre-quarts,24425,C2
cauchemarder,24426,C2
daguerréotype,24428,C2
ide,24429,C2
hydrocéphale,24431,C2
tuilerie,24432,A1
suavité,24433,C2
pistage,24435,C2
hypersensibilité,24436,C2
aquavit,24437,C2
hommasse,24438,C2
goûteux,24440,C2
intrépidité,24443,C2
proverbial,24447,C2
macrobiotique,24450,C2
omniprésence,24452,C2
déficitaire,24453,B1
polarité,24454,C2
mailer,24455,C2
lied,24457,C2
inexploité,24458,C2
turfiste,24459,C2
reclassement,24462,C2
impudemment,24463,C2
mantille,24465,A2
circassienne,24469,C2
intracrânien,24470,C2
télékinésie,24471,C2
macération,24473,C2
spoiler,24476,C2
nomenclature,24482,C1
clystère,24483,C2
mortaise,24484,C2
bayer,24486,C2
dénivellation,24487,C2
rétinien,24489,C2
espacement,24490,C2
gustatif,24491,C2
collectiviser,24492,C2
mystificateur,24493,C2
kascher,24501,C2
paresseusement,24502,C1
acanthe,24503,C2
somptuosité,24505,C2
unilatéralement,24506,C2
diabolo,24508,C2
centon,24510,C2
conso,24514,C2
ferblantier,24518,C2
démoralisé,24519,C2
faitout,24520,C2
prédominant,24522,B2
désassembler,24523,C2
hédoniste,24524,C2
illustrateur,24526,C2
multiforme,24527,C2
nazaréen,24528,C2
renter,24529,C2
nu-tête,24535,C2
skiff,24536,C2
kraken,24538,C2
paillardise,24539,C2
nanan,24542,C2
métabolique,24543,C2
aquilin,24545,C2
cunéiforme,24546,C2
sternal,24549,C2
canonisation,24551,C2
sépulcral,24552,C2
notablement,24553,C2
clafoutis,24554,C2
mi-novembre,24555,C2
gloriette,24556,C2
juter,24557,C2
surpoids,24558,C2
poinçonner,24559,C2
deltaplane,24562,C2
cétacé,24564,C2
surexcitation,24565,C2
tablée,24566,C2
dahu,24568,C2
grignotage,24569,C2
lavallière,24571,C2
encerclement,24573,C2
pitch,24578,C2
double-six,24582,C2
fulgurance,24583,B2
novocaïne,24585,C2
péteuse,24587,C2
courbaturé,24588,C2
doseur,24590,C2
impétigo,24591,C2
coucheur,24593,C2
neutrino,24594,C2
ganse,24595,C2
cajolerie,24596,C2
déverrouillage,24600,C2
blanchissant,24602,C2
réinitialiser,24604,C2
infestation,24605,C2
dol,24607,C2
relationnel,24611,C2
chocolatier,24613,C2
indivis,24614,C2
velouter,24615,C1
talmudique,24616,C2
dériveur,24617,C2
dolmen,24619,B2
traçage,24620,C2
vanillé,24621,B1
inviolé,24623,B1
rapper,24625,C2
empaquetage,24626,C2
polyclinique,24631,C2
hygiéniste,24632,C2
polyphonique,24634,C1
redémarrage,24635,C2
sociabilité,24636,B1
componction,24638,C2
écorcer,24639,C2
vice-présidence,24640,C2
catafalque,24642,C2
cavalièrement,24646,C2
cultivable,24648,C2
cristallisé,24650,C2
jambier,24651,C2
promotionnel,24656,C1
irrattrapable,24657,C2
arec,24659,C2
vivandier,24665,C2
oiselle,24667,C2
laborantin,24669,C2
fuie,24671,C2
coron,24672,B1
édénique,24673,C2
consommable,24675,B1
stéréotyper,24677,C1
contre-pied,24679,C2
kilométrique,24685,C2
coupelle,24688,C2
analphabétisme,24689,C2
nunuche,24691,C2
yuppie,24692,C2
médiumnique,24693,C2
embellissement,24698,B2
rachidien,24699,C2
lingère,24700,C2
moellon,24701,C2
duègne,24702,C2
gérable,24703,C1
ragougnasse,24705,C2
azéri,24706,C2
pandémie,24711,C1
pliure,24712,C2
cuissard,24713,C2
tancer,24714,C2
gargotier,24715,C2
recadrer,24719,C2
inadaptation,24720,B1
amanite,24721,C2
non-intervention,24723,C2
aï,24724,C2
pituitaire,24726,C2
homologue,24727,B1
affranchissement,24730,C2
tournicoter,24736,C2
animalité,24738,C2
arrachage,24740,C1
patène,24741,C2
dédire,24744,C2
enlacement,24746,C2
élucidation,24747,B2
tanker,24749,C2
défroqué,24750,C2
encart,24751,C2
mandale,24752,C2
préciosité,24755,C2
archidiacre,24756,C2
lavable,24758,C2
cofondateur,24759,C2
pisse-froid,24760,C2
hermétisme,24761,C2
hippogriffe,24762,C2
pasionaria,24763,C2
faillible,24766,C2
guéguerre,24767,C2
mignardise,24768,C2
troyen,24769,C2
philatéliste,24770,B1
bisbille,24772,C2
caïque,24775,C2
caboteur,24777,C2
creton,24779,C2
ambrer,24780,C1
perfectionnisme,24781,C2
héliotrope,24782,B2
entre-déchirer,24788,C2
bourrade,24790,C2
hacheur,24791,C2
reproductif,24793,B1
haltérophile,24794,C2
caravaning,24795,C1
inconsidérément,24796,C2
mésalliance,24797,C2
brumaire,24798,A2
probatoire,24799,C1
affadir,24800,C2
prédéterminer,24801,C2
fanon,24802,C2
globulaire,24803,C2
jubilaire,24805,C2
saucissonner,24806,C2
chassé-croisé,24809,C2
gigogne,24810,C2
prédominer,24812,C2
bourriquet,24813,C2
mélodique,24815,C2
cabotinage,24816,C2
mozarabe,24817,C2
paraclet,24820,C2
bravache,24821,C2
polluant,24823,A1
radiographier,24824,C2
mélanome,24827,C2
claustration,24828,C2
chrétiennement,24829,C2
velcro,24830,C2
inébranlablement,24832,C1
iodé,24835,C2
admonition,24836,C2
guppy,24837,C2
cessant,24838,C1
ingouvernable,24840,C2
rebaiser,24842,C2
hellénique,24845,C2
égotisme,24848,C2
remontoir,24849,C2
bicéphale,24850,C2
chronologiquement,24852,C2
atterré,24856,C2
séronégatif,24857,C2
cambodgien,24858,C2
invincibilité,24860,C2
réverbérer,24863,C2
cornouiller,24864,C2
superposition,24866,C2
provoc,24867,C2
marteau-pilon,24868,C2
gambe,24874,C2
compartimenter,24875,C2
symétriquement,24878,C2
punissable,24879,C2
haltérophilie,24880,C2
ocelot,24882,C2
monochrome,24884,B2
visualisation,24886,C2
lige,24887,C2
centralisation,24888,C2
privatif,24890,C1
harcelant,24891,C2
flagorneur,24896,C2
chemiserie,24898,C2
sidérurgie,24902,C2
agora,24903,C2
insoumission,24904,C2
pénitent,24906,C2
pétulant,24907,C2
macédonien,24910,C2
procurateur,24911,C2
totalitarisme,24912,C1
magdalénien,24913,C2
iconographie,24914,C2
catogan,24916,C2
importateur,24918,C2
cinquièmement,24919,C2
annuellement,24921,C2
discrétionnaire,24922,C2
bec-de-cane,24924,C2
biseau,24925,C2
dattier,24927,C2
abêtir,24928,C2
salvadorien,24929,C2
infroissable,24930,C2
patronner,24933,C2
rédhibitoire,24934,C2
industrieux,24937,C2
scoutisme,24938,C2
déchiffrage,24939,C2
tsariste,24942,C2
bugle,24943,C2
hetman,24945,C2
originellement,24946,C2
écumant,24949,C2
encorbellement,24950,C2
hydroxyde,24952,C2
aérophagie,24953,C2
neurotoxine,24955,C2
lobbying,24956,C2
caramboler,24957,C2
graminée,24959,C2
mestre,24960,C2
bibliophile,24961,C2
kobold,24962,C2
jambage,24963,C2
ripper,24964,C2
fourrier,24965,C2
casse-noix,24966,C2
planchette,24967,C2
curaçao,24969,C2
radon,24970,C2
troène,24973,C2
émoustillant,24974,C2
grenu,24976,C2
fondamentaliste,24977,C2
perpendiculairement,24979,C2
trianguler,24981,C2
demi-sang,24982,C2
orthodontiste,24983,C2
fougueusement,24984,C2
manutention,24985,B1
fermage,24986,C2
estancia,24987,C2
extrémisme,24989,C2
béatement,24990,C2
églogue,24991,C2
social-démocrate,24995,C2
méconnaissance,24996,B1
généalogiste,24997,C2
follicule,24998,C2
liseron,25002,C2
rhapsodie,25003,C2
abrasif,25004,C2
immobilisation,25007,C2
fader,25008,C2
adriatique,25009,C2
déboiser,25011,C2
homéopathique,25012,C2
hunier,25016,C2
rigolard,25019,C2
prosternation,25025,C2
nodule,25027,C2
gazouillement,25030,C2
grognard,25031,C2
justifiable,25032,C2
majoritairement,25033,B1
remplumer,25036,C2
périphrase,25037,C2
lacunaire,25038,C2
désaffection,25039,A2
pétrolifère,25040,C2
slalomer,25042,C2
électrolyte,25043,C2
herculéen,25046,B2
gouge,25047,C2
capitainerie,25048,C2
atone,25050,C2
monastique,25051,A2
retriever,25052,C2
réarmement,25055,C2
herniaire,25056,C2
noviciat,25058,B1
rationalité,25061,B2
hune,25062,C2
révisionniste,25064,C2
antonin,25067,C2
diktat,25068,B2
picsou,25069,C2
bande-son,25070,C2
piétonnier,25071,C2
plantaire,25072,C2
herbeux,25074,C2
métallo,25076,C2
dommageable,25078,B2
bronchique,25079,C2
hyperactif,25081,C2
jacquot,25082,C2
bersaglier,25084,C2
imputable,25085,B2
alose,25086,C2
idéologiquement,25088,C1
ingénieusement,25090,C2
multimillionnaire,25091,C2
astucieusement,25095,C2
immodeste,25096,C2
austro-hongrois,25098,C2
avant-propos,25100,C2
tisonner,25101,C2
dégustateur,25103,C2
kendo,25105,C2
traditionaliste,25107,B2
junte,25109,C2
herbu,25111,C2
prosélyte,25114,C2
bramement,25117,C2
automation,25119,C2
automatisation,25120,C2
caricaturer,25121,C2
mygale,25122,C2
pubertaire,25123,C2
épluchage,25124,C2
quarteron,25125,C2
jusqu'au,25126,C2
questionneur,25127,C2
voluptueusement,25129,C1
ouaté,25131,C2
embrassement,25132,C2
platée,25133,C2
chapardage,25135,C2
gord,25138,C2
salto,25139,C2
premium,25141,C2
panini,25144,C2
phlébite,25146,C2
irrécusable,25147,C2
fantastiquement,25149,C2
replâtrer,25153,C2
artimon,25154,C2
durian,25156,C2
thrombose,25157,C2
mainate,25158,C2
décollement,25160,C2
somatique,25161,C2
poivrière,25162,C2
recreuser,25163,C2
lumineusement,25164,C2
mannitol,25165,C2
censément,25166,C2
synergie,25167,C1
plasticien,25168,C2
bétonnière,25170,C2
marathonien,25171,C2
cannelloni,25177,B2
charbonneux,25178,C2
subliminal,25180,C1
fuligineux,25183,C2
proportionnellement,25184,C1
égalitaire,25186,B2
raccommodage,25190,C2
commensal,25192,C2
imputation,25196,C2
plaideur,25197,C2
fumasse,25198,C2
ramifié,25199,C2
bâcher,25201,C2
ischémie,25202,C2
chambrière,25206,C2
canule,25210,C2
reconfigurer,25213,C2
triathlon,25216,C2
macfarlane,25219,C2
mamba,25221,C2
caquètement,25223,C2
saint-honoré,25225,C2
bâtonner,25226,C2
haïku,25229,C2
rock'n'roll,25232,C2
bar-tabac,25233,C2
dramaturgie,25235,C2
pétomane,25237,C2
naphte,25238,C2
navarin,25242,C2
réaménagement,25246,C2
récurrence,25249,C2
impulsivement,25251,C2
bimbeloterie,25252,C2
câblé,25254,C2
gâtisme,25257,C2
listing,25259,C2
professoral,25260,B2
déshumanisation,25261,C2
cumulatif,25262,C1
attentisme,25263,C2
consensuel,25265,C2
oint,25267,C2
hégélien,25268,C2
oiseau-mouche,25269,C2
bolivien,25270,C2
idéalisation,25273,B2
sordidement,25274,C2
bootlegger,25275,C2
graphite,25278,C2
immettable,25280,C2
mirabelle,25281,C2
sous-effectif,25282,C2
outrageux,25284,C2
trente-septième,25285,C2
pyrotechnique,25287,C2
caviste,25288,C2
putter,25290,C2
inaliénable,25291,C2
angolais,25293,C2
stère,25297,C2
industrialisé,25298,C2
dépatouiller,25300,C2
dépréciation,25303,C1
chevauchement,25304,C2
philodendron,25305,C2
chenillette,25307,C2
hallebardier,25309,C2
rusticité,25312,C2
urée,25313,C2
arcadien,25315,C2
plain-chant,25316,C2
maniérisme,25317,C2
outremer,25320,C2
moinillon,25321,C2
stock-car,25322,C2
convulsivement,25323,C2
exsuder,25325,C2
plantigrade,25326,B2
dental,25327,C2
coda,25332,C2
attrape-nigaud,25333,C2
mondialisation,25334,B1
bêtifier,25335,C2
sulfamide,25336,C2
nerver,25337,C2
minoen,25338,C2
cunnilingus,25339,C2
colorature,25341,C2
cloisonner,25342,C1
commanderie,25344,B1
rembrunir,25345,C2
téléfilm,25347,C2
praire,25349,C2
transcendance,25350,C2
remugle,25351,C2
tournailler,25352,C2
réprobateur,25354,C2
élongation,25355,C2
voracement,25356,C2
naïade,25358,C2
essorage,25361,C2
insuffisamment,25363,B1
nécro,25364,C2
tantrique,25365,C2
mitral,25369,C2
superficiellement,25370,C2
trouillomètre,25371,C2
quattrocento,25372,C2
écorner,25373,B2
surréel,25375,C2
ascaris,25378,C2
verseau,25383,C2
indexer,25385,C2
tutorat,25386,A2
écartement,25388,C2
mi-janvier,25389,C2
lobotomiser,25390,C2
jusant,25391,C2
niaiser,25393,C2
brûlage,25394,C2
identitaire,25397,C2
nutritionniste,25398,C2
échotier,25399,C2
psychotrope,25400,C1
singleton,25401,C2
monte-en-l'air,25402,C2
gauchir,25403,C2
pedzouille,25405,C2
potentialité,25406,C2
perpétuation,25409,C2
accommodation,25412,C2
ajourné,25413,C2
pigeonnant,25417,C2
demi-kilomètre,25418,C2
priapisme,25419,C2
structurel,25420,C2
sautillement,25422,C2
rééquilibrer,25423,C2
peroxyde,25424,C2
microclimat,25426,A1
milliseconde,25428,C2
zébu,25429,C2
ailette,25432,C2
diversification,25433,A2
appointer,25434,C2
guincher,25435,C2
folklo,25436,C2
quinoa,25437,C2
allégement,25439,C2
après-dîner,25440,C2
carliste,25441,C2
filtrage,25444,C2
fox-terrier,25445,C2
contre-la-montre,25446,C2
monolithique,25447,C2
tiramisu,25448,C2
réaffecter,25452,C2
typographe,25453,C2
sondeur,25454,C1
appendre,25455,C2
fraternisation,25457,C2
frigidité,25458,C2
algonquin,25460,C2
fuchsia,25461,C2
arrière-grand-oncle,25462,C2
aplatissement,25463,C2
argutie,25467,C2
titularisation,25471,C2
inemployé,25472,C2
mortifiant,25475,C2
implacablement,25476,C2
pianissimo,25477,C2
azyme,25480,C2
improbabilité,25481,C2
gourgandine,25482,C2
chemiser,25484,C2
convoyage,25486,C2
romancé,25487,C2
abécédaire,25488,C2
ascensionnel,25489,C2
cloquer,25490,C2
dérailleur,25491,C2
réal,25492,C2
inhabituellement,25497,C2
jubilant,25498,C2
insubmersible,25500,C2
tracassier,25501,C2
omnivore,25503,C2
blâmable,25506,C2
harpiste,25507,C2
bourgeonnant,25510,C2
seigneurial,25512,A1
rouscailler,25514,C2
pressurisation,25515,C2
torpillage,25516,C2
pathétiquement,25524,C2
camorra,25525,C2
pauvret,25526,C2
longiligne,25528,B2
vidéoclub,25531,C2
racontable,25532,C2
photogénie,25533,C2
facturier,25536,C2
fanatiser,25537,C2
ramollissement,25539,C2
directorial,25540,C2
ferrure,25543,C2
gaspacho,25544,C2
lisiblement,25545,C2
pulvérisation,25547,C2
téléconférence,25548,C2
soutènement,25549,C2
marcassin,25550,C2
élégiaque,25551,C2
luthier,25552,C2
conflictuel,25553,C1
flibuste,25556,C2
simplette,25558,C2
reteindre,25559,C2
libeller,25561,C2
disparité,25564,C2
clitoridien,25566,C2
rationaliser,25570,B2
toxicomanie,25572,C1
gamelan,25573,C2
miniaturisation,25578,C2
toréer,25579,C2
massacreur,25581,C2
évasé,25583,C2
anatomiquement,25584,C2
félibrige,25586,C2
absous,25587,C2
talquer,25592,C2
verlan,25593,B1
romantiquement,25594,C2
nanotechnologie,25595,C2
non-violent,25596,C2
garbure,25598,C2
rastaquouère,25605,C2
gazinière,25607,A2
gommage,25608,C2
agitato,25609,C2
limpidité,25610,B2
scénique,25612,A1
gigolette,25614,C2
alevin,25615,C2
conchier,25617,C2
contre-allée,25618,C2
ménopausé,25619,C2
asymptomatique,25620,C2
lit-cage,25621,C2
prestataire,25624,B2
fauchaison,25626,C2
moissonneuse-batteuse,25628,C2
hiverner,25631,C2
cross-country,25637,C2
grammaticalement,25638,C2
préférentiel,25640,C2
régénérateur,25641,C2
gesticulant,25643,C2
cursif,25644,C2
nécrophilie,25645,C2
décérébrer,25647,C2
cyclothymique,25648,C2
orgiaque,25649,C2
rémouleur,25650,C1
imparfaitement,25651,C2
méchoui,25653,C2
cubisme,25654,B2
opportunisme,25655,C2
arachnéen,25658,C2
démagogue,25659,B1
gantier,25660,C2
naturalisé,25661,C2
gabare,25662,C2
optimum,25664,C2
assommoir,25665,C2
douillette,25668,C2
nougatine,25671,C2
scat,25672,C2
pavlovien,25673,C2
contractant,25674,C2
fortifiant,25676,A2
squameux,25677,C2
séropositivité,25678,C2
désenfler,25680,C2
fraiseur,25681,C2
étalonnage,25682,C2
dédit,25685,C2
placeur,25686,C2
hydropique,25689,C2
démériter,25691,C2
déperdition,25693,C2
dissuasif,25694,C1
démissionnaire,25695,C2
déniaiser,25697,C2
ectoplasmique,25698,C2
empanaché,25705,C2
taupin,25707,C2
dérivatif,25708,C2
réinitialisation,25709,C2
vair,25711,C2
lifter,25712,C2
cathartique,25714,C2
incréé,25715,C2
homologation,25716,C2
liseré,25718,B2
princièrement,25719,C2
buriné,25723,C2
articulaire,25724,C1
vérificateur,25726,C2
concertiste,25727,C2
raréfié,25728,C2
vitaminé,25731,C2
tenable,25732,C2
terril,25734,C2
évitement,25736,C2
viander,25737,C2
intensivement,25738,C2
salopiaud,25739,C2
malicieusement,25741,C2
terrassement,25742,C2
égyptologue,25743,B1
revanchard,25745,C2
aphasique,25749,C2
érythème,25750,C2
odieusement,25751,C2
crânement,25754,C2
poétiquement,25756,C2
entassement,25757,C2
chleuh,25762,C2
chichiteux,25764,C2
abortif,25765,C2
gratteur,25766,C2
chromatique,25769,C2
grégeois,25770,C2
galurin,25771,C2
tacle,25772,B2
ouléma,25773,C2
adouber,25774,C2
autodétermination,25776,C2
scénographie,25778,B1
libérable,25779,C2
rucher,25782,C2
comparativement,25783,C2
péritonéal,25786,C2
pourvoi,25787,C2
superproduction,25788,C2
complexion,25789,C2
goum,25790,C2
anglo-normand,25791,C2
redevance,25794,C1
ignition,25795,C2
lèche-vitrine,25797,C2
antinucléaire,25798,C2
antipape,25799,C2
contre-amiral,25801,C2
séné,25802,C2
brillantiner,25807,C2
archiprêtre,25808,C2
shimmy,25809,C2
satrape,25813,C2
radium,25814,B2
inoculation,25815,C2
dissous,25816,C2
typographique,25818,C2
indifférencié,25821,C2
dalmatique,25823,C2
marmiteux,25825,C2
mouroir,25826,C2
empattement,25830,C2
indélicatesse,25832,C2
excédant,25833,C2
matraquage,25834,C1
minestrone,25836,C2
barbarisme,25837,C2
plasmique,25838,C2
stylistique,25840,C2
dédramatiser,25841,C1
contrôlable,25842,B1
dératiser,25843,C2
navigable,25844,C2
mi-bas,25846,C2
pistil,25851,C2
cornue,25853,C2
charron,25856,C2
antipoison,25859,C2
désuétude,25860,C2
mésestimer,25862,C2
épouseur,25863,C2
cardeur,25864,C2
climax,25865,C2
câbleur,25869,C2
est-allemand,25870,C2
scientiste,25871,C2
dédaigneusement,25872,C2
joliesse,25873,C2
friponnerie,25876,C2
encorner,25879,C2
dépoitraillé,25881,C2
cabotin,25884,B2
sébile,25885,C2
chalouper,25886,C2
refréner,25887,C2
solvabilité,25890,C2
ancillaire,25892,C2
livresque,25893,B1
canotage,25896,C2
limonadier,25897,C2
brandebourgeois,25898,C2
antipersonnel,25901,C2
enivrement,25905,C2
macumba,25907,C2
tricorne,25914,C2
mescaline,25918,C2
instrumentation,25921,C2
nonciature,25922,C2
éjectable,25923,C2
assujetti,25927,C2
stridence,25928,C2
vénusien,25929,C2
migrant,25933,B2
classicisme,25935,C2
cégep,25936,C2
gastrite,25937,C2
épanouissant,25938,C2
bouliste,25939,C2
déshumaniser,25942,B2
dithyrambique,25943,C2
banian,25946,C2
omerta,25948,C2
vilainement,25949,C2
râblé,25951,C2
extralucide,25952,C2
hutter,25954,C2
bringuebaler,25957,C2
wagnérien,25958,C2
yole,25963,C2
contracture,25965,C2
arbalétrier,25966,C2
poujadiste,25969,C2
camouflet,25971,C2
cuticule,25973,C2
amniocentèse,25974,C2
cantabile,25975,C2
hâve,25976,C2
schilling,25977,C2
biodégradable,25979,C2
biplace,25981,C2
responsabiliser,25983,C2
réticule,25984,B2
béatification,25986,C2
allusivement,25988,C2
tamponnade,25990,C2
opalin,25992,C2
orfèvrerie,25995,C2
organiquement,25997,C2
parsec,25998,C2
amincissement,25999,C2
épisodique,26000,C2
réfrigération,26001,C2
borax,26003,C2
opacifier,26006,C2
synaptique,26007,C2
sous-traitant,26009,C2
anglophone,26011,C2
enluminé,26015,C2
anticapitaliste,26019,C2
chinook,26022,C2
estocade,26024,C2
indochinois,26025,C2
arachnide,26027,C2
bougnat,26029,C2
exhausser,26030,C2
araser,26034,C2
grisou,26035,C2
logorrhée,26036,C2
bulbeux,26037,C2
codicille,26039,C2
émincé,26043,C2
pochetron,26045,C2
alpage,26047,B1
taube,26049,C2
ataman,26054,C2
policeman,26056,C2
tissulaire,26058,C2
retéléphoner,26062,C2
harangue,26063,C2
meuler,26065,C2
nudisme,26066,C2
grenouillère,26068,C2
fléchissement,26069,C2
embouteiller,26070,C1
vacciné,26071,C1
crincrin,26077,C2
emboucher,26078,C2
dématérialiser,26081,C2
tubulaire,26083,C1
précité,26086,C2
aruspice,26087,C2
suburbain,26089,C2
numériquement,26093,C2
escamotage,26095,C2
diligemment,26096,C2
vicieusement,26098,C2
pépiniériste,26099,C2
déstabilisation,26106,C2
lestement,26107,C2
tempérance,26109,C2
fainéantise,26110,C2
warning,26112,C2
roussette,26113,C2
fauchage,26114,C2
faux-filet,26115,C2
déblocage,26116,C2
alphabétiquement,26117,C2
dindonneau,26118,C2
lucidement,26119,C2
nome,26121,C2
ambulatoire,26122,C2
dynamiser,26123,C2
assimilable,26127,C2
désincarner,26128,C2
scientologue,26129,C2
humidificateur,26130,C2
emballement,26131,C2
traumatologie,26132,C2
embastiller,26133,C2
hypertendu,26135,C2
convers,26136,C2
gabegie,26139,C2
balconnet,26145,C2
cliquet,26148,C2
cancanier,26152,C2
scatologique,26153,C2
échauder,26154,C2
après-ski,26156,C2
servage,26160,C2
consumérisme,26161,C2
auvergnat,26162,A1
éloquemment,26164,C2
tractoriste,26165,C2
layer,26167,C2
antiscientifique,26168,C2
buteur,26171,C2
smog,26172,C2
flirteur,26176,C2
axial,26178,C2
typologie,26183,C2
conséquemment,26184,C2
flécher,26185,A1
solvable,26187,C2
sortable,26188,C2
frottage,26189,C2
invinciblement,26191,C2
forfaiture,26192,C2
familiale,26193,C2
homogénéité,26194,C2
septentrional,26201,C2
sublimation,26203,C2
manieur,26204,C2
reclasser,26205,C2
allume-feu,26206,C2
barbillon,26208,C2
coopter,26209,C2
schizoïde,26213,C2
énergisant,26214,C2
impartialement,26218,C2
scottish,26219,C2
gymkhana,26220,C2
gérontologie,26221,C2
militariste,26222,C2
aspi,26224,C2
carriériste,26225,C2
gour,26226,C2
détendeur,26227,C2
gradué,26229,C2
shampouiner,26230,C2
tape-cul,26232,C2
numération,26234,C2
gadjo,26235,C2
teuf-teuf,26237,C2
mal-aimé,26238,C2
coopérant,26240,C2
ionosphère,26242,C2
rétrogradation,26243,C2
coffrage,26248,C2
polyéthylène,26251,C2
sonoriser,26253,C2
métaphysicien,26254,C2
birman,26255,C1
tricotage,26257,C2
herbivore,26259,B2
orchestration,26260,C2
innommé,26261,C2
kapok,26262,C2
caudal,26263,C2
sudoripare,26265,C2
turgescent,26266,C2
ambidextre,26268,C2
bantou,26270,C2
kami,26273,C2
libre-service,26275,C2
inaccoutumé,26276,C2
sous-cutané,26277,C2
sous-payer,26280,C2
bedon,26281,C2
cornélien,26282,C2
indisposition,26283,C2
grammairien,26287,C2
courbatu,26288,C2
labyrinthique,26291,C2
embourgeoiser,26292,C2
pantouflard,26293,C2
poucette,26295,C2
biochimiste,26296,C2
diocésain,26298,C2
inclusion,26300,C2
péritoine,26301,C2
bostonien,26302,C2
économat,26305,C2
concoction,26306,C2
surfaire,26307,C2
bistorte,26308,C2
loucheur,26309,C2
névralgique,26311,C2
tutélaire,26316,C2
sédimentation,26318,C1
bigler,26321,C2
internationaliste,26322,C2
lacustre,26324,C2
racloir,26325,C2
irréfragable,26326,C2
autosuggestion,26327,C2
messianique,26329,C2
bistre,26332,C2
trictrac,26333,C2
crétois,26335,B1
carrossier,26336,C2
jacobin,26342,C2
rationalisation,26343,C2
détrempe,26347,C2
harder,26348,C2
boutoir,26349,C2
fluorure,26350,C2
déclamatoire,26351,C2
recuire,26352,C2
pinéal,26357,C2
reps,26358,C2
picrate,26360,C2
tyranniquement,26361,C2
lazaret,26362,C2
déductif,26365,C2
ahurissement,26367,C2
ers,26368,C2
utopiste,26370,B1
omnisports,26371,C2
abominablement,26373,C2
eugénisme,26377,C2
monacal,26378,C2
intramusculaire,26380,C2
désenchanter,26381,C1
électroniquement,26384,C2
fécule,26386,C1
collectivisation,26389,C2
antiatomique,26391,C2
ontologique,26393,C2
quinconce,26394,C2
myrmidon,26395,C2
calisson,26397,C2
abraxas,26398,C2
volleyeur,26399,C2
djebel,26400,C2
secourisme,26402,C2
jerricane,26404,C2
asthénie,26405,C2
anglo-américain,26406,A2
magyar,26408,C2
préhenseur,26410,C2
incomparablement,26411,C2
tacitement,26412,C1
éplucheur,26413,C2
bateau-mouche,26414,A1
palpation,26417,C2
halothane,26418,C2
gibus,26421,C2
solutionner,26423,C2
populariser,26428,B1
éclairagiste,26429,C2
sous-traiter,26432,C2
entrapercevoir,26434,C2
parégorique,26436,C2
sculptural,26438,C2
épidémiologie,26443,C2
élytre,26445,C2
euphorisant,26447,C2
platoniquement,26448,C2
granité,26449,C2
excédentaire,26450,C1
existentialiste,26452,C2
laryngoscope,26454,C2
nasiller,26455,C2
folio,26456,C2
concrétion,26458,C2
birbe,26459,C2
margrave,26460,C2
cerque,26464,C2
chabot,26465,C2
denté,26466,C2
desiderata,26468,C2
bordage,26469,C2
insincérité,26470,C2
pêle-mêle,26471,B2
subordination,26472,C2
baveur,26473,C2
oratorio,26475,C2
brahmane,26477,C2
broché,26480,C2
bisaïeul,26482,C2
divinatoire,26483,C1
ponant,26484,C2
harponnage,26485,C2
porosité,26486,B2
discriminatoire,26487,C1
disqualification,26490,C2
pousseur,26493,C2
quantifier,26495,C1
cabrioler,26496,C2
algorithmique,26499,C2
décapoter,26500,C2
rafistolage,26501,C2
excellemment,26505,C2
promulgation,26506,C2
foufou,26507,C2
concurrentiel,26508,C2
protubérant,26513,C2
amerrir,26514,C2
litote,26517,C2
pifomètre,26519,C2
préfacer,26522,C2
harengère,26524,C2
logicien,26525,C2
présidentiable,26528,C2
callosité,26532,C2
trapézoïdal,26534,C2
occultiste,26535,C2
capilotade,26536,C2
cohéritier,26538,C2
cyclopéen,26540,C2
colombophilie,26541,C2
taoïste,26542,C2
électrostatique,26543,C2
marguillier,26544,C2
ignifuger,26546,C2
empilage,26547,C2
marivaudage,26548,C2
clampin,26550,C2
dégivrer,26551,C2
encyclique,26552,C2
raisiné,26553,C2
oyat,26556,C2
cochonner,26558,C2
cérémoniel,26559,C2
engorgement,26560,C2
ajonc,26562,C2
incollable,26566,C2
tourmenteur,26567,C2
imploration,26568,C2
sellerie,26569,C2
criminologue,26571,B2
chaloupé,26572,C2
nécroser,26573,C2
scarole,26577,C2
contournement,26578,C2
moraliser,26580,C2
charretée,26581,C2
incantatoire,26582,C2
clinicien,26585,C1
broyage,26587,C2
réformateur,26588,C2
vétusté,26591,C2
salubrité,26593,C2
calcification,26595,C2
scaphandrier,26599,C2
susnommé,26604,C2
scythe,26606,C2
doryphore,26608,C2
hors-piste,26609,C2
émonder,26610,C2
semoir,26612,C2
sélecteur,26613,C2
fromager,26619,C2
cosy,26621,C2
algie,26623,C2
antidérapant,26624,C2
tactiquement,26628,C2
limaçon,26630,C2
phtisique,26632,C2
paléontologue,26633,C2
applicateur,26634,C2
spectaculairement,26635,C2
orangerie,26638,C2
cyclable,26640,C2
gonade,26641,C2
domestication,26643,C2
ovocyte,26644,C2
adoucissement,26645,C2
réélu,26646,C2
électrum,26648,C2
prud'homme,26649,C2
lipide,26650,C2
rôtisseur,26654,C2
accoutré,26657,C2
maquettiste,26659,C2
déstabilisant,26661,C2
dilution,26662,C2
rabot,26663,B1
lerche,26665,C2
déchiffrable,26666,C2
défécation,26669,C2
alacrité,26670,C2
tannerie,26671,C2
bicycle,26673,C2
sexologue,26674,C1
vomitif,26678,C2
kabyle,26679,C2
bovidé,26681,C2
morte-saison,26683,C2
socratique,26684,C2
dermographie,26685,C2
bibliquement,26688,C2
élisabéthain,26693,C2
faustien,26694,C2
désembourber,26698,C2
mouture,26702,C2
croquemort,26703,C2
mucosité,26705,C2
propagateur,26707,C2
dégauchir,26710,C2
accastillage,26712,C2
fandango,26713,C2
unisexe,26714,C2
dominance,26716,C2
ultrasensible,26722,C2
pète-sec,26723,C2
interactif,26724,A1
galantine,26726,C2
subreptice,26727,C2
cosigner,26732,C1
thermidor,26739,C2
graduel,26740,C2
déclassé,26744,C2
aber,26745,C2
outiller,26746,C2
fileté,26747,C2
décongestionner,26749,C2
salivaire,26751,C2
génique,26753,C2
cantharide,26754,C2
toxoplasmose,26755,C2
casernement,26756,C2
becquée,26757,C2
régularisation,26758,B2
cassolette,26760,B2
mémoriel,26761,C2
acétylcholine,26767,C2
entremettre,26768,C2
foutral,26769,C2
libéralisation,26770,C1
calibrage,26771,C2
démilitarisation,26772,C2
calla,26773,C2
arthurien,26777,A1
lob,26780,C2
dentellière,26785,C2
gammaglobuline,26786,C2
nébulosité,26787,C2
planisphère,26790,B1
rouleur,26791,C1
boutefeu,26792,C2
désaccoutumer,26793,C2
trente-sixième,26794,C2
chlorate,26799,C2
surrénal,26801,C2
occidentalisation,26802,C1
désengagement,26803,C2
glaciation,26804,C2
vamper,26808,C2
acupuncteur,26809,C2
grossium,26810,C2
aéro,26811,C2
plénipotentiaire,26812,C2
septime,26813,C2
trépignement,26814,C2
vectoriel,26816,C2
révocable,26817,C2
putrescent,26818,C2
intifada,26821,C2
baissement,26824,C2
citrique,26825,C2
chèche,26826,A2
grenader,26827,C2
sanguine,26828,C2
agnelet,26829,C2
durcissement,26831,C2
pompeusement,26832,C2
dialectal,26833,C2
palindrome,26834,C2
palanche,26835,C2
déballonner,26836,C2
alysse,26838,C2
cloisonnement,26840,C2
primitivement,26841,C2
portefaix,26842,B2
hideusement,26844,C2
propagandiste,26848,C2
beurrier,26849,C2
plagiaire,26852,C2
fessu,26853,C2
attriquer,26854,C2
pédoncule,26855,C2
pasteurisation,26858,A1
pressurisé,26861,C2
suspensoir,26864,C2
contusionné,26865,C2
hédonisme,26867,C2
télencéphale,26868,C2
nasique,26870,C2
bouvillon,26871,C2
fazenda,26872,C2
sataniste,26873,C2
hémicycle,26874,C2
pythie,26877,C2
carrick,26878,C2
dépressuriser,26880,C2
immolation,26881,C2
arriération,26882,C2
approbateur,26883,C2
bruiteur,26884,C2
télésiège,26885,C2
cocardier,26886,C2
flûté,26887,C2
boisselier,26888,C2
inaltéré,26889,B1
bombardon,26892,C2
lanoline,26894,C2
sinistrement,26895,C2
auto-tamponneuse,26898,C2
porte-malheur,26899,C2
concomitant,26900,C2
cadavéreux,26901,C2
revivifier,26905,C2
avant-toit,26908,C2
bifide,26911,C2
ratafia,26912,C2
rediffuser,26913,B2
ratiocination,26914,B2
rediscuter,26915,A1
antiaméricain,26916,C2
pulque,26917,C2
isolationnisme,26922,C2
brontosaure,26923,C2
lemming,26924,C2
bluette,26925,C2
textuel,26926,B1
rétraction,26928,C2
expérimentateur,26929,C1
agacerie,26930,C2
céphalo-rachidien,26931,C2
acuponcteur,26933,C2
langoureusement,26934,C2
cousette,26939,C2
kinésithérapeute,26940,B1
ouvré,26943,C2
dissémination,26945,B1
urologie,26946,C2
courette,26947,C2
désensibilisation,26954,C2
chipotage,26956,C2
mennonite,26960,C2
herboristerie,26961,C2
splendidement,26964,C2
snobinard,26969,C2
caracul,26970,C2
hydrothérapie,26974,C2
aigrement,26975,B1
corruptible,26976,C2
titulariser,26977,C2
cache-sexe,26978,C2
colley,26979,C2
décongélation,26980,B1
sous-verre,26981,C2
névrite,26984,C2
voiture-balai,26985,C2
tchetnik,26986,C2
baryum,26988,C2
voltmètre,26989,C2
fliqué,26990,C2
schlass,26992,C2
amygdalite,26994,C2
fontanelle,26995,C2
virtualité,26997,C2
vivarium,27000,C2
viveur,27002,C2
pluvier,27004,C2
antitrust,27005,C2
pesamment,27006,C2
millimétré,27007,C2
miraculé,27010,C2
cervelas,27012,C2
postopératoire,27013,C2
pompeur,27015,C2
oscillateur,27018,C2
déliquescent,27021,C2
ionisé,27022,C2
postcure,27023,C2
servilité,27024,C2
shako,27026,C2
munster,27027,C2
sérac,27028,C2
reboisement,27029,C2
fédéralisme,27030,B2
abjectement,27031,C2
savarin,27033,C2
désennuyer,27035,C2
thématique,27037,B2
charroi,27039,C2
ressaut,27040,C2
garibaldien,27043,C2
exportateur,27045,C2
expressionnisme,27047,B2
syncoper,27049,C2
araucaria,27051,C2
archaïsme,27056,C2
canadair,27058,C2
adultérin,27059,C2
nuitamment,27061,C2
coauteur,27063,B2
fertilisation,27065,C1
dessouler,27067,C2
discal,27069,C1
passementerie,27070,C2
acidose,27073,C2
automatisé,27074,C2
diplomatiquement,27076,C2
dissimulateur,27079,C2
esquire,27080,C2
réflexif,27081,C2
allégoriquement,27082,C2
recréation,27085,C2
trempage,27089,C2
fenil,27091,C2
ovationner,27092,C2
sans-façon,27093,C2
anacoluthe,27097,C2
panaris,27101,C2
défilement,27103,C2
décrassage,27106,C2
angevin,27110,C2
maxillaire,27111,C2
fugitivement,27112,C2
cuivreux,27115,C2
turinois,27116,C2
phalère,27117,C2
lyophilisé,27119,C2
phrasé,27120,C2
astreint,27122,C2
fréter,27123,C2
réimprimer,27126,C2
fulmination,27127,C2
sismographe,27128,C2
déplisser,27130,C2
balkanique,27131,C2
dissociatif,27132,C2
diurétique,27133,C2
inentamé,27134,C2
avant-train,27135,C2
conditionneur,27136,C2
plucher,27137,C2
empailleur,27138,C2
administrativement,27139,C2
vivat,27140,C2
empennage,27141,C2
géopolitique,27143,B1
constriction,27145,C2
praliné,27146,C2
colonnette,27147,C2
sionisme,27150,C2
grigou,27151,C2
positivité,27155,C2
hygrométrie,27156,C2
synode,27157,C2
cadastral,27159,C2
pressuriser,27163,C2
sébacé,27164,C2
argonaute,27165,C2
hypophyse,27166,C2
hématologue,27167,C2
whig,27168,C2
enchérisseur,27169,C2
kawa,27170,C2
hémostatique,27172,C2
dévergondage,27177,C2
sulfater,27178,C2
bigame,27182,C2
iconoclaste,27183,C1
demi-obscurité,27189,C2
grommellement,27190,C2
appuie-tête,27192,C1
dégénératif,27193,C2
réajustement,27194,C2
imprescriptible,27195,C1
induit,27196,C2
séant,27197,A2
braillement,27199,C2
radicalisme,27201,C2
péremptoire,27202,C2
popeline,27203,C2
foutriquet,27205,C2
circonstanciel,27208,C2
autocratie,27209,C2
encadrant,27210,C2
agave,27211,C2
escarboucle,27212,C2
estamper,27213,C2
internationalement,27214,C2
incurvation,27217,C2
trentenaire,27218,B1
cardiovasculaire,27219,C2
intronisation,27223,B1
indémodable,27224,C2
mitraillage,27225,C2
pathologiquement,27228,C2
chambarder,27229,C2
démontage,27231,C2
inflationniste,27232,C2
banderillero,27233,C2
révulsé,27238,C2
jésuitique,27239,C2
insolvable,27243,C2
chorégraphique,27245,C2
râlant,27246,C2
passéiste,27247,C2
labial,27248,C2
conjonctif,27249,C2
ciste,27253,C2
canonner,27254,C2
ascèse,27256,C2
karting,27258,C2
pimprenelle,27259,C2
anticoagulant,27260,C2
santon,27261,A1
ukase,27263,C2
intériorisation,27265,B2
démagnétiser,27267,C2
ultra-secret,27268,C2
colombin,27270,C2
champenois,27271,C2
noyauter,27272,C2
immuablement,27273,C2
génialement,27274,C2
compensatoire,27275,C2
coproducteur,27277,C2
rechanger,27279,C2
introverti,27282,C1
harponneur,27283,C2
lysergique,27285,C2
barine,27288,C2
corporal,27289,C2
onomatopéique,27290,C2
sisal,27292,C2
maestria,27293,C2
magnésie,27296,C2
fossilisation,27297,C2
désistement,27298,C2
sellier,27300,C2
orographie,27301,C2
écloper,27303,C2
sous-commission,27304,C2
égalisation,27305,C2
servilement,27306,C2
chastement,27311,C2
anodique,27314,C2
filage,27317,C1
sédimentaire,27319,C2
illégitimité,27320,C2
pluralisme,27323,C2
cuissage,27324,C2
mi-juillet,27325,C2
céladon,27333,C2
cinquantième,27335,B2
kot,27337,C2
montrable,27338,C2
fibrose,27343,C2
surpression,27346,C2
mixité,27348,B1
claudicant,27349,C2
inorganisé,27350,C2
gandoura,27351,C2
asiate,27352,C2
hystériquement,27353,C2
modulable,27354,C2
allusif,27356,A2
diphtongue,27357,C2
chutney,27359,C2
interprétatif,27361,C2
pouding,27362,C2
interversion,27364,C2
morbidité,27366,C2
calorique,27367,C2
astiquage,27368,C2
thonier,27370,C2
calvinisme,27371,C2
démâter,27372,C2
oxygénation,27373,C2
giboyeux,27377,C2
giration,27381,C2
relogement,27384,C2
beauceron,27386,C2
aubade,27388,A2
théâtralement,27389,C2
amincissant,27390,C2
cisaillement,27393,C2
lump,27395,C2
tertiaire,27396,C1
cartographier,27400,C1
tibial,27401,C2
antinomique,27403,C2
instrumentiste,27404,C2
distancier,27405,B1
trivialité,27406,C2
avachissement,27407,C2
annelé,27410,C2
combinat,27412,C2
surgé,27415,C2
neurotransmetteur,27421,C2
éclectisme,27422,B2
atonal,27424,C2
bailli,27425,C2
hayon,27426,C2
contrevérité,27429,C2
chevillette,27431,C2
landais,27434,C2
pastoureau,27437,C2
latiniste,27438,C2
bas-bleu,27442,C2
haineusement,27444,C2
augment,27445,C2
bassinoire,27447,C2
ricotta,27450,C2
bagouze,27451,C2
baise-en-ville,27452,C2
abaisse-langue,27453,C2
vaporisation,27455,C2
balinais,27456,C2
enroulement,27457,C2
insert,27458,C2
écartèlement,27460,C2
criaillerie,27463,C2
endossement,27464,C2
hitlérisme,27466,C2
lèse-majesté,27467,B2
claquage,27469,C2
acrimonieux,27473,C2
édam,27474,C2
radiculaire,27476,C2
adduction,27477,B2
élagage,27479,C2
matelote,27480,C2
écraseur,27481,C2
adoucisseur,27482,C2
parkinsonien,27484,C1
éclisse,27486,C2
affûtage,27487,C2
mi-mars,27491,C2
pochade,27492,C2
fontainier,27493,C2
infoutu,27494,C2
fanatiquement,27495,C2
soma,27502,C2
bourratif,27504,C2
permafrost,27506,C2
mitochondrie,27507,C2
permanenter,27508,C2
hémoptysie,27511,C2
mégalo,27512,C2
impulsivité,27514,C2
ostéopathe,27516,C2
monomaniaque,27517,C2
briard,27519,C2
mi-septembre,27520,C2
distillateur,27522,C2
pistou,27526,C2
phénol,27527,C2
mouchardage,27528,C2
salmonelle,27529,C2
brize,27533,C2
dyspepsie,27534,C2
judaïque,27536,C2
arrière-saison,27537,C2
exultant,27538,C2
imposte,27539,C2
retremper,27540,C2
imprégnation,27544,C1
mystiquement,27546,C2
bestiaire,27547,C2
gobeur,27550,C2
anticonstitutionnel,27551,C2
motet,27552,C2
amyle,27553,C2
minablement,27554,C2
purulence,27556,C2
affectivité,27557,B1
putassier,27559,C2
impassibilité,27560,A2
hydroponique,27561,C2
ridule,27564,C2
polémiquer,27566,C2
agouti,27568,C2
quadrangulaire,27571,C2
nettoiement,27573,C2
esthétiquement,27575,C2
brabant,27576,C2
papauté,27577,C2
camard,27578,C2
bichette,27581,C2
effarement,27584,C2
routage,27585,C2
canoter,27586,C2
anabaptiste,27590,C2
reblochon,27591,C2
carabin,27593,A2
anastomose,27594,C2
multirisque,27599,C2
chorégraphier,27600,C2
ocarina,27603,C2
cabochon,27605,C2
pétaradant,27608,C2
générationnel,27609,C2
hellène,27611,C2
frisotter,27614,C2
frissonnement,27616,C2
bacchanal,27617,C2
frondeur,27618,C1
exonération,27620,C2
haggis,27621,C2
ballonnement,27622,C2
césarien,27623,C2
maîtrisable,27627,C2
barométrique,27628,C2
décideur,27632,B1
cognement,27633,C2
gambade,27636,C2
walkie-talkie,27637,C2
bourgeron,27640,C2
mignonnette,27641,C2
acuponcture,27644,C2
perce-oreille,27645,C2
carlisme,27646,C2
permanganate,27649,C2
barbouilleur,27650,C2
incorrection,27654,C2
jouisseur,27656,C2
blablater,27657,C2
coquinerie,27664,C2
invasif,27666,C2
apostasie,27667,C2
pinçon,27669,C2
centavo,27671,C2
apurer,27673,C2
océanographique,27674,A1
néogothique,27675,C2
redoux,27677,C2
boursicoteur,27680,C2
médisant,27682,C2
invérifiable,27685,C2
privatiser,27686,C2
transept,27690,C2
javelliser,27694,C2
chloral,27697,C2
incommunicabilité,27699,C2
dysthymie,27702,C2
réversion,27704,C2
jupitérien,27708,C2
somptuaire,27710,C2
justificatif,27712,C2
immoralement,27713,C2
aspidistra,27714,C2
traîtreusement,27715,C2
maid,27716,C2
décantation,27718,C2
frileusement,27723,C2
ajustable,27726,C2
spiritualiste,27727,C2
calédonien,27730,C2
citrate,27731,C2
prostatique,27733,C2
staccato,27735,C2
carné,27736,C2
chablis,27737,C2
empeigne,27738,C2
déferrer,27740,C2
levage,27743,C2
oppressif,27744,C2
botulique,27745,C2
haridelle,27746,C2
évasivement,27748,C2
half-track,27749,C2
interarmes,27750,C2
pugnacité,27751,C2
démystification,27752,C2
sinusoïdal,27753,C2
brachial,27754,C2
autodiscipline,27755,C2
dormitif,27756,C2
engloutissement,27757,C2
remboursable,27758,C2
inséminateur,27761,C2
malignement,27762,C2
chirurgien-dentiste,27764,C2
major-général,27767,C2
outrecuidance,27769,C2
enturbanner,27770,C2
smasher,27775,C2
passement,27776,C2
passiflore,27779,C2
valetaille,27780,C2
adja,27783,C2
sténopé,27785,C2
recordman,27786,C2
roadster,27789,C2
consumériste,27791,C1
robinetterie,27792,C2
pestiféré,27797,C2
parasitisme,27802,C2
récurage,27808,C2
exorde,27809,C2
encaustiquer,27814,C2
mortifère,27816,B2
télexer,27824,C2
ennuager,27825,C2
humanitarisme,27829,C2
exiguïté,27830,C1
isocèle,27832,C2
ethnographe,27836,C2
ethnographique,27838,C2
gougnafier,27840,C2
bouffissure,27842,C2
adaptabilité,27843,C2
sexagénaire,27845,B1
plantoir,27846,C2
sidérurgique,27850,C2
cairn,27852,C2
sauvignon,27853,C2
australopithèque,27856,C2
vélum,27860,C2
sonorisation,27861,C2
vénalité,27862,C2
coupe-faim,27865,C2
parapente,27866,C2
exemplairement,27870,C2
trombinoscope,27872,C2
zélateur,27877,C2
crétinerie,27878,C2
césium,27879,C2
exploratoire,27880,C2
populairement,27881,C2
sado,27882,C2
discernable,27883,C2
pugnace,27886,C2
charbonner,27888,C2
joggeur,27890,C2
béribéri,27891,C2
hile,27892,C2
improprement,27894,C2
pleural,27896,C2
doctrinal,27900,C2
catégoriser,27903,C2
spasmodiquement,27905,C2
dorique,27906,C2
camionnage,27912,C2
barzoï,27913,C2
célébrissime,27915,B2
vedettariat,27917,C2
stilton,27919,C2
dichotomie,27922,C2
pataquès,27923,C2
unidimensionnel,27927,C2
taleth,27932,C2
tétraplégique,27933,B1
baliveau,27936,C2
masturbatoire,27939,C2
manillon,27945,C2
germination,27947,C2
dermite,27948,C2
fauconneau,27951,C2
ronronnant,27954,C2
diaboliser,27956,C2
laconiquement,27959,C2
sima,27961,C2
visionnage,27965,C2
ringardise,27966,C2
opérable,27968,C2
gradation,27978,C2
nabi,27980,C2
scintigraphie,27981,C2
pénétrable,27982,C2
targe,27985,C2
erratum,27991,C2
salique,27993,C2
quaternaire,27994,C2
professorat,27995,B2
pin's,27998,C2
météorique,28000,C2
bâfreur,28001,C2
électro-encéphalogramme,28004,C2
sciage,28007,C2
expectoration,28008,C2
vichyste,28009,C2
glacialement,28010,C2
ketch,28011,C2
pédopsychiatre,28013,C1
énucléer,28014,C2
désorganisation,28017,C2
haubert,28019,C2
défenestration,28020,C2
désacralisation,28021,C1
échancrer,28022,C2
emporium,28023,C2
gazoduc,28024,C2
pétulance,28028,C2
encéphalique,28030,C2
cantaloup,28032,C2
démouler,28034,C2
semblablement,28036,C2
impudicité,28037,C2
effritement,28039,C2
marmoréen,28041,C2
formaliste,28043,C2
écrivaillon,28044,C2
maroquinier,28046,C2
recentrage,28049,C2
tétanie,28051,C2
pongiste,28054,C2
caissette,28056,C2
euclidien,28057,C2
limogeage,28058,C2
ramonage,28060,C2
aplanissement,28061,C2
infréquentable,28063,C2
connement,28064,C2
excavateur,28067,C2
apparatchik,28068,C2
anti-atomique,28069,C2
féodalité,28070,C2
relouer,28073,C1
rebattu,28074,C2
excursionniste,28075,C2
boucaner,28076,C2
confraternel,28077,C2
imperméabiliser,28078,C1
espingo,28082,C2
vagal,28084,C2
avocaillon,28085,C2
badigeon,28086,C2
enracinement,28087,B1
sarcome,28089,C2
étourdiment,28090,C2
agro-alimentaire,28091,A1
périscopique,28092,C2
irréfutablement,28093,C2
aérostat,28094,C2
ressemeler,28095,C2
distal,28097,C2
chlorhydrate,28100,C2
escamotable,28102,C2
fréon,28103,C2
inachèvement,28104,C2
altérité,28106,B2
coupleur,28107,C2
mam'selle,28108,C2
korrigan,28110,C2
leasing,28112,C2
demi-tasse,28113,C2
hase,28121,C2
aboyeur,28122,C2
anglophile,28125,C2
omicron,28126,C2
lave-glace,28127,C2
indissolublement,28128,C2
clapotant,28129,C2
répudiation,28130,C2
clarification,28132,C2
couperosé,28135,C2
symbiotique,28136,C2
débriefer,28137,C2
biomécanique,28140,C2
portance,28141,C2
hémophile,28143,C2
belon,28147,C2
apologiste,28148,C2
crésyl,28150,C2
crétinisme,28151,C2
ventripotent,28154,C2
gastro-entérologue,28156,C2
arborescence,28158,C2
scrofuleux,28159,C2
rissoler,28160,C2
vespéral,28161,C2
jodler,28163,C2
épurateur,28164,C2
allaitant,28165,C2
compulsion,28169,C2
télégraphie,28171,C2
cénotaphe,28172,C2
maritalement,28174,C2
unidirectionnel,28175,C2
américaniser,28178,A2
massé,28179,C2
attrition,28180,C2
américanisme,28182,C2
social-démocratie,28184,C2
inesthétique,28186,C2
automoteur,28189,C2
déconstruction,28191,C1
scarification,28192,C2
transgénique,28193,C2
assiettée,28194,C2
instauration,28195,C1
désinsectisation,28196,C2
aérateur,28198,C2
cahin-caha,28201,C2
militarisme,28202,C2
belligérance,28203,C2
cahotant,28204,A2
filetage,28206,C2
fortissimo,28207,C2
yatagan,28208,C2
fiscalité,28209,B1
foucade,28210,C2
coronarien,28211,C2
lumignon,28213,B1
dopant,28214,C2
questeur,28216,C2
agrég,28218,C2
jocrisse,28219,C2
court-métrage,28221,A2
monder,28224,C2
ankyloser,28226,C2
quadrupède,28229,C2
significativement,28230,C2
égyptologie,28231,C2
pélagique,28232,C2
alaire,28233,C2
frugalité,28235,C2
khalife,28238,C2
artériole,28240,C2
sismologue,28241,C2
parsi,28244,C2
caoutchouté,28247,C2
blackbouler,28248,C2
allergologie,28250,C2
éparpillement,28252,C2
drosser,28258,C2
lascivement,28264,C2
gazogène,28265,C2
proctologue,28269,C2
souabe,28270,C2
cyanhydrique,28271,C2
intégriste,28273,C2
amygdalectomie,28274,C2
catalytique,28278,C2
notarial,28279,C2
adénome,28284,C2
ornementer,28285,C2
industrialiser,28286,B1
barbaresque,28288,C2
anthropophage,28289,C2
barcarolle,28291,C2
truster,28292,C2
olibrius,28293,C2
subatomique,28295,C2
dénudation,28297,C2
espagnolette,28300,C2
ovoïdal,28301,C2
camerounais,28303,B1
bagasse,28304,C2
désamorçage,28305,C2
interligne,28306,C2
palefroi,28307,C2
alise,28308,C2
réactualiser,28309,C2
sudation,28311,C2
interrègne,28312,C2
alopécie,28313,C2
graffiteur,28314,C2
interventionniste,28315,C2
diastolique,28316,C2
nécrophile,28318,C2
diatomée,28319,C2
palatin,28320,C2
basal,28322,C2
matriciel,28324,C2
dégrossir,28325,C2
intégrisme,28326,B2
versatilité,28327,C2
rétameur,28328,B1
cassable,28329,C2
pandémonium,28330,C2
panthéiste,28335,C2
surfin,28336,C2
néphrite,28338,C2
amyotrophique,28339,C2
libératoire,28342,B2
pardonnable,28344,C2
boitillement,28346,C2
vocaliser,28347,C2
distension,28348,C2
centripète,28349,B2
sans-grade,28351,C2
minicassette,28352,C2
déplorablement,28353,C1
ombreux,28354,C1
pavillonnaire,28355,B1
jungien,28358,C2
schématiser,28359,C2
monnayable,28363,C2
prévisionnel,28364,B2
perlimpinpin,28366,C2
vidéothèque,28367,C2
bipartite,28368,C2
caserner,28371,C2
échouage,28373,C2
lambin,28376,C2
caté,28378,C2
lacis,28380,C2
transfo,28384,C2
arobase,28385,C2
technicité,28387,C2
champignonnière,28388,C2
repoussoir,28390,C1
jumping,28393,C2
embrocation,28394,C2
aréquier,28395,C2
décontaminer,28396,C2
hypoallergénique,28400,C2
chaut,28401,C2
tribunat,28402,C2
compartimenté,28404,C2
hypothécaire,28405,C2
hypoténuse,28406,C2
capitalisation,28407,C1
possessivité,28410,C2
chloré,28411,C2
chineur,28413,C2
multipropriété,28417,C2
chouquette,28418,C2
acculé,28420,C2
astérisme,28421,C2
supination,28422,C2
sit-in,28423,C2
chroniquer,28424,C2
feldwebel,28425,C2
deux-chevaux,28427,C2
illogisme,28428,C2
surproduction,28429,C2
globalisation,28431,B1
opiniâtrement,28432,C2
cornillon,28433,C2
médiatisation,28436,C1
bourbonien,28437,C2
cistercien,28439,C2
citronné,28440,C2
claironnant,28441,C2
perfuser,28442,C2
clabauder,28444,C2
clapotement,28445,C2
coupe-cigare,28448,C2
coutelier,28451,C1
envaser,28452,C2
perpétration,28454,C2
escarpolette,28455,C2
autorégulation,28456,C2
impérieusement,28461,C2
craintivement,28462,C2
croustade,28463,C2
incompréhensif,28464,C2
rechaper,28465,C2
cogito,28471,C2
crevettier,28472,C2
indiciblement,28474,C2
mercantilisme,28475,C2
quintuple,28477,C2
cumul,28479,C2
banderille,28480,C2
tintinnabuler,28482,C2
ci-inclus,28483,C2
turgescence,28485,C2
encreur,28486,C2
baissier,28487,C2
céphalique,28488,C2
téléphoniquement,28490,C2
ballon-sonde,28492,C2
connaissement,28497,C2
gaullisme,28499,C2
ubuesque,28500,C2
amure,28505,C2
traitable,28508,C2
redevoir,28510,C2
demi-mort,28512,C2
transmigration,28514,C2
demi-vierge,28515,C2
collodion,28518,C2
prémenstruel,28519,C2
aniline,28520,C2
benjoin,28522,C2
complémentarité,28523,C2
vauclusien,28527,C2
acagnarder,28530,C2
rhumatismal,28531,C2
tripartite,28533,C2
rift,28535,C2
hachure,28536,C2
verdoiement,28538,C2
nonagénaire,28542,C2
biogénétique,28543,C2
rollmops,28544,C2
druidesse,28545,C2
monodie,28547,C2
dentisterie,28550,C2
ponctionner,28551,C2
bibliobus,28552,C2
jamboree,28556,C2
xénon,28557,C2
mâter,28558,C2
bizuter,28559,C2
dialyser,28562,C2
variabilité,28563,C1
glanage,28564,C2
glaneur,28565,C2
bisexualité,28566,C2
antidater,28567,C2
affirmativement,28568,C2
titrage,28570,C2
purpurin,28571,C2
obséquiosité,28572,C2
trisomique,28576,C2
kvas,28577,C2
exponentiellement,28578,C2
déminer,28584,C2
criblage,28585,C2
artistement,28586,C2
criminologiste,28588,C2
graphiste,28589,C2
aplat,28590,C2
zigounette,28591,C2
tamtam,28592,C2
apocryphe,28593,C1
zodiacal,28594,C2
périgourdin,28596,C2
laconisme,28597,C2
héliporter,28600,C2
dépossession,28601,C2
fromagerie,28602,A2
laryngé,28604,C2
algérois,28605,C2
laminoir,28608,C2
fulguration,28610,C2
branquignol,28611,C2
cyclamen,28612,B1
arrière-petit-neveu,28613,C2
non-paiement,28617,C2
préluder,28618,C2
artésien,28621,C2
immunisation,28623,C2
palinodie,28626,C2
étuvée,28628,C2
ramasse-miettes,28630,C2
nutritionnel,28631,C2
différenciation,28632,C2
entoiler,28633,C2
dolman,28635,C2
assonance,28636,C2
entôler,28637,C2
ininflammable,28638,C2
péteur,28641,C2
bourrelier,28642,C2
récrier,28644,C2
assyrien,28645,C1
transcontinental,28646,C2
néo-réalisme,28647,C2
quadriceps,28649,C2
reconstituant,28653,C2
tocade,28655,C2
franchiser,28656,C2
dodécaèdre,28658,C2
numériser,28659,C1
gineste,28660,C2
adaptatif,28663,C2
phosgène,28665,C2
autarcique,28666,C2
machiavélisme,28667,C2
brasiller,28669,C2
surbaissé,28671,C2
fumage,28672,C2
paternellement,28674,C2
gonocoque,28676,C2
exécration,28677,C2
causse,28678,C2
manutentionner,28680,C2
friselis,28682,C2
goutteux,28685,C2
cendreux,28688,C2
créatinine,28689,C2
passe-plat,28690,C2
aide-comptable,28691,C2
castrisme,28692,C2
dégriffer,28695,C2
doping,28697,C2
aïoli,28698,C2
narcolepsie,28701,C2
bagou,28702,C2
récupérateur,28705,C2
introspectif,28707,C2
dépersonnaliser,28708,C2
matérialité,28710,C2
bambocher,28711,C2
perforeuse,28714,C2
régénérescence,28715,C2
mezzo-soprano,28716,C2
pharma,28724,C2
démarchage,28725,C2
phobique,28727,C2
rééquiper,28728,C2
benoîtement,28729,C2
appauvrissement,28732,C1
pisciculture,28735,C2
angiome,28736,C2
anhydride,28737,C2
endogène,28740,C2
miniaturiste,28742,C2
pleurard,28745,C2
positiver,28746,C2
déferlant,28749,C2
renauder,28751,C2
objurgation,28753,C2
calendos,28755,C2
toussotement,28756,C2
classable,28758,C2
bolée,28759,C2
empaffer,28761,C2
pondérer,28762,C2
trinitaire,28764,C2
enclenchement,28770,C2
tarama,28771,C2
truisme,28777,C2
dragage,28778,C2
hautesse,28779,C2
démonstrativement,28780,C2
prothésiste,28782,C2
coaxial,28785,C2
spéléo,28786,C2
hémisphérique,28787,A1
télémètre,28789,C2
bolet,28790,C2
dépeçage,28791,C2
ulcéreux,28792,C2
urinal,28796,C2
procédurier,28797,C2
fantasmatique,28798,C2
dérouleur,28803,C2
schématiquement,28804,C2
pronation,28805,C2
rétroprojecteur,28806,C2
prophylaxie,28809,C2
tonal,28812,C2
médiastin,28813,C2
feuillure,28815,C2
ergonomie,28816,C2
trépider,28817,C1
rétrofusée,28818,C2
droguet,28819,C2
archifaux,28820,C2
hyperactivité,28822,C2
croisette,28823,C1
pleurite,28824,C2
impétueusement,28826,C2
auscultation,28830,C2
wapiti,28831,C2
roncier,28833,C2
défouloir,28835,C2
hémoculture,28836,C2
zézaiement,28837,C2
embourgeoisement,28840,C2
igné,28841,C2
boutre,28843,C2
frauduleusement,28845,C2
sous-marinier,28846,B1
attrape-couillon,28847,C2
infatuation,28849,C2
grondeur,28850,C2
cosmologique,28851,C2
autistique,28854,C2
désherbage,28856,C2
capitonnage,28857,C2
insulinique,28859,C2
incapacitant,28861,C2
séquençage,28862,C2
inclinable,28863,C2
philharmonie,28864,C2
incuber,28866,C2
racketter,28867,A2
pédestre,28869,A2
nécromancie,28872,C2
autogérer,28873,C2
numismate,28875,C2
sous-ordre,28876,C2
innerver,28877,C1
aérographe,28878,C2
insociable,28879,C2
bandaison,28880,C2
entrelacement,28881,C2
nymphomanie,28885,C2
moco,28887,C2
turbopropulseur,28889,C2
avionique,28891,C2
garde-frontière,28892,C2
invisiblement,28894,C2
intolérablement,28895,C2
intransportable,28897,C2
innovant,28898,C2
préhension,28899,C2
annihilateur,28902,C2
bâillant,28903,C2
tôlier,28904,C2
lycanthropie,28905,C2
babeurre,28906,C2
cénobite,28907,C2
cuisseau,28912,C2
anti-avortement,28915,C2
balsa,28919,C2
glutamate,28924,C2
fouaille,28925,C2
jonglerie,28927,C2
besant,28928,C2
bercement,28932,C2
vocalisation,28935,C2
incommunicable,28939,C2
gouailleur,28942,C2
berle,28943,C2
anglo-français,28946,C2
quarante-cinquième,28947,C2
mélancoliquement,28948,C2
bigarrure,28951,C2
digeste,28952,C2
hitchcockien,28953,C2
lamer,28954,C2
submersible,28955,C2
zigomar,28957,A2
laotien,28960,C2
tabagisme,28964,C1
huguenot,28967,C2
virologie,28972,C2
gallium,28973,C2
levantin,28975,C2
électrification,28976,C2
diaclase,28977,C2
antireligieux,28981,C2
litho,28984,C2
anémomètre,28985,C2
dioxine,28987,C2
quinto,28988,C2
kitch,28989,C2
bourre-pif,28993,C2
racketteur,28995,C2
linotype,28999,C2
tamaris,29000,C2
dizain,29006,C2
paréo,29007,C2
aboyant,29008,C2
grège,29009,C2
faubourien,29010,C2
abbatial,29012,C2
arrière-cousin,29016,C2
arrière-cuisine,29019,C2
incorruptibilité,29020,C2
compisser,29025,C2
tentaculaire,29026,C2
filmique,29027,C2
réplication,29028,C2
émilien,29029,C2
abstrus,29031,C2
recalculer,29032,C2
béarnais,29033,B2
adamantin,29034,C2
ferrugineux,29035,C2
fouisseur,29038,C2
conformation,29040,C2
attesté,29044,C2
franchouillard,29045,C2
caberlot,29046,C2
gribouilleur,29047,C2
aurifère,29048,C2
starting-gate,29049,C2
tiédasse,29050,C2
rotondité,29052,C2
malgracieux,29056,C2
forgeur,29057,C2
streptomycine,29058,C2
calorifique,29059,C2
mamelu,29062,C2
frontispice,29063,C2
démystifier,29064,C2
autodirecteur,29065,C2
stéréophonique,29066,C2
décigramme,29067,C2
sashimi,29068,C2
introductif,29070,C2
subtropical,29071,C2
hypoxique,29072,C2
mandore,29076,C2
miroitier,29077,C2
baliste,29079,C2
planchiste,29082,C2
ballottage,29083,C2
carcinome,29084,C2
dédouanement,29085,C2
pistard,29086,C2
surjet,29087,C2
barbacane,29090,C2
matriarcal,29091,C2
alternant,29092,C2
vouivre,29093,C2
défibrillation,29094,C2
baronnie,29097,C2
suspicieusement,29099,C2
ploutocratie,29103,C2
carthaginois,29106,A2
cou-de-pied,29107,C2
histologique,29108,C2
importable,29109,C2
holographie,29110,C2
castriste,29111,C2
embauchoir,29112,C2
angliciser,29113,C2
demi-saison,29116,C2
maori,29119,C2
n',29121,C2
crapulerie,29124,C2
bismuth,29126,C2
buffleterie,29132,C2
réembaucher,29136,C2
scieur,29137,C2
bonheur-du-jour,29139,C2
réinterprétation,29140,C2
détachable,29143,C2
ténèbre,29144,B1
corselet,29145,C2
misanthropie,29147,C2
réinterroger,29151,C2
barcasse,29154,C2
néphrétique,29157,C2
granulation,29160,C2
tonifiant,29162,C2
implosif,29171,C2
bombyx,29173,C2
endocardite,29174,C2
simoun,29175,C2
émétique,29177,C2
cinématographie,29178,C2
protéiné,29179,C2
antiracisme,29185,C2
handicapant,29186,C2
ostrogoth,29187,C2
malléabilité,29188,C2
incorrectement,29192,C2
virilement,29198,C2
tréma,29200,C2
psychokinésie,29202,C2
histamine,29205,C2
mânes,29208,C2
photosensible,29209,C2
colchicine,29210,C2
psychotechnique,29211,C2
prédominance,29212,C2
différencié,29215,C2
feulement,29216,C2
margay,29220,C2
homéopathe,29222,C2
compacteur,29224,C2
unitaire,29225,C2
méphistophélique,29226,C2
pensionner,29227,C2
carburation,29229,C2
usuraire,29231,C2
dissipateur,29232,C2
pudibonderie,29233,C2
radiologique,29234,C2
tractopelle,29237,C2
kleptomane,29238,C2
petite-nièce,29239,C2
mousseron,29241,C2
puériculture,29242,C2
concrétisation,29244,C2
ultrasonique,29245,C2
catarrhe,29246,C2
apologue,29248,C2
venté,29250,C2
pliable,29253,C2
quartet,29257,A2
glaiseux,29258,C2
contractuellement,29261,C2
vidage,29262,C2
attracteur,29263,C2
cancérologue,29265,C2
carminé,29267,C2
pingrerie,29268,C2
ducasse,29272,C2
quadragénaire,29275,C2
dugong,29276,C2
nodal,29278,C2
éthologie,29279,B2
monnayeur,29280,C2
chiffonnade,29282,C2
archimandrite,29287,C2
carotidien,29288,C2
fortitude,29289,C2
coproduire,29294,C2
costal,29296,C2
abyssinien,29297,C2
sous-espace,29298,C2
illusionnisme,29301,C2
postmoderne,29303,C2
multiprise,29304,C2
cauri,29308,C2
corporatiste,29311,C2
activateur,29312,C2
freesia,29313,C2
élagueur,29314,C2
obsessionnellement,29315,C2
bactériologie,29317,C2
impubliable,29318,C2
fulminate,29322,C2
décorner,29323,C1
phonique,29324,C2
africanisme,29325,C2
nigérien,29326,C2
banqueroutier,29327,C2
nestorien,29328,C2
sud-vietnamien,29332,C2
héraldique,29334,C2
créatine,29337,C2
défalquer,29338,C2
nitreux,29339,C2
sulfaté,29340,C2
crassier,29341,C2
informatiquement,29342,C2
déficeler,29343,C2
inconfortablement,29344,C2
érotomanie,29346,C2
chantonnement,29348,C2
non-existence,29349,C2
notarié,29355,C2
cyberespace,29357,C2
condominium,29359,C2
abolitionniste,29360,C2
repositionner,29362,C2
abêtissement,29363,C2
lazzi,29364,C2
forgeage,29367,C2
lebel,29368,C2
préteur,29370,C2
bredouillement,29371,C2
indétermination,29374,C2
bressan,29377,C2
foulon,29381,C2
céramiste,29382,C2
contrebassiste,29386,C2
chergui,29387,C2
inhumainement,29388,C2
outillé,29389,C2
régurgitation,29391,C2
réhydrater,29392,C2
insurrectionnel,29396,C2
affairement,29398,C2
bilharziose,29399,C2
afro-cubain,29400,C2
gardénal,29401,C2
omble,29402,C2
emporte-pièce,29403,C2
merchandising,29404,C2
borique,29407,C2
agnat,29408,C2
runique,29411,C2
dévalorisation,29412,C2
tectonique,29413,C2
cromlech,29415,C2
agronomique,29416,C1
réactivité,29417,C1
sampan,29418,C2
tercer,29419,C2
ornithologique,29420,C1
bondrée,29423,C2
ahan,29424,C2
descendeur,29426,B1
oubliable,29428,C2
bouddhique,29431,C2
lustral,29432,C2
compensateur,29438,C2
concentrateur,29445,C2
amandine,29447,C2
balsamine,29448,C2
ciné-club,29449,C2
balzacien,29456,C2
harmonisation,29457,C1
goûteur,29458,C2
pastaga,29460,C2
relative,29463,C2
joyeuseté,29464,C2
amarante,29466,C2
remouiller,29468,C2
engoncé,29473,C2
bariolage,29475,C2
grenouillage,29476,C2
enlaidissement,29477,C2
griffonneur,29478,C2
homogénéisé,29479,C2
lattis,29481,C2
persillé,29482,C2
tuf,29484,C2
lectorat,29487,B1
dialoguiste,29488,C2
redéposer,29491,C2
anthropomorphique,29495,C2
dilatateur,29496,C2
antitoxique,29500,C2
kummel,29507,C2
moudjahidin,29511,C2
pentamètre,29512,C2
doctrinaire,29514,C2
bénignité,29517,C2
reprographie,29524,C2
rythmiquement,29525,C2
cardiogramme,29527,C2
aquatinte,29528,C2
uruguayen,29529,C2
cardiotonique,29530,C2
télétype,29531,C2
languissamment,29532,C2
spahi,29534,C2
antiblocage,29535,C2
cricoïde,29537,C2
top-modèle,29540,C2
décapant,29541,C2
sous-location,29544,C2
sapajou,29545,C2
rémoulade,29548,C2
illettrisme,29552,C2
calomel,29553,C2
rétractile,29555,C2
découpler,29556,C2
lécithine,29557,C2
griveton,29558,C2
revitaliser,29559,C2
révulsion,29560,C2
bigorner,29561,C2
placier,29562,C2
sabordage,29564,C2
cannelé,29565,C2
centrage,29567,C2
immunologique,29568,C2
histocompatibilité,29569,C2
piscicole,29571,C2
défonceuse,29574,C2
homogénéisateur,29577,C2
politicard,29579,C2
luciférien,29581,C2
homuncule,29582,C2
démaquillant,29583,C2
délestage,29585,C2
plaqueur,29587,C2
viabilité,29589,C1
mammographie,29590,C2
subornation,29593,C2
carnavalesque,29594,C2
sclérosé,29596,C2
serrage,29597,C2
incroyant,29598,C2
dépilatoire,29599,C2
chistera,29600,C2
cavalcader,29607,C2
volige,29608,C2
désillusionner,29609,B2
choline,29610,C2
désacraliser,29612,C2
automutiler,29613,C2
neutraliste,29614,C2
mamelouk,29616,C2
bondissement,29618,C2
dextrose,29619,C2
appréciateur,29620,C2
désodoriser,29622,C2
cendrée,29624,C2
wagon-salon,29626,C2
aviculture,29628,C2
prédit,29631,C2
bossué,29633,C2
non-respect,29634,C2
empoissonner,29636,C2
rectorat,29638,C2
somatiser,29639,C2
interarmées,29643,C2
soufré,29645,C2
membraneux,29647,C2
ilotisme,29651,C2
salsepareille,29652,C2
argileux,29653,C2
relooker,29654,C2
immutabilité,29657,C2
autonettoyant,29658,C2
intéressement,29659,C2
fors,29661,C2
barattage,29665,C2
fouettement,29667,C2
sarong,29668,C2
espéranto,29669,C2
qualitatif,29670,C1
stéréoscopique,29671,C2
endocrinien,29672,C2
endocrinologue,29673,C2
endormissement,29674,C1
sex-symbol,29675,C2
aéronaute,29677,C2
prééminence,29684,C2
jamaïquain,29685,C2
ensacher,29686,C2
balbuzard,29687,C2
radioscopie,29689,C2
bienveillamment,29690,C2
équarrir,29695,C2
socio-économique,29697,C1
biomédical,29699,C2
miroton,29702,C2
initialiser,29703,C2
mobilisateur,29708,C2
insubordonné,29709,C2
galapiat,29710,C2
redécouverte,29712,C2
abjuration,29714,C2
interglaciaire,29718,C2
tatami,29721,C2
remodelage,29722,C2
collectiviste,29723,B2
temporisation,29724,C2
colonisateur,29725,C2
rhinite,29734,C2
binoculaire,29735,C2
couplage,29736,C2
rhumerie,29737,C2
sélénite,29739,C2
excaver,29740,C2
cyniquement,29741,C1
breakdance,29742,C2
inéligibilité,29743,C2
séquencer,29745,C2
inélégance,29747,C2
glissando,29748,C2
rabbinique,29749,C2
bitumineux,29751,C2
péroniste,29752,C2
bénisseur,29755,C2
céruléen,29756,C2
folique,29757,C2
musicologue,29759,C2
admonestation,29761,C2
cryogène,29762,C2
ouananiche,29764,C2
connaissable,29768,C2
formater,29769,C2
dandinement,29771,C2
détartrage,29773,C2
féodalisme,29774,C2
amylase,29777,C2
agglomérat,29778,C2
fumiger,29784,C2
réinstallation,29785,C2
réinterpréter,29786,C2
conventionnellement,29787,C2
gastéropode,29788,C2
trébuchement,29792,C2
anoxie,29793,C2
kicker,29794,C2
brain-trust,29796,C2
aimantation,29799,C2
redoutablement,29800,C1
comminatoire,29801,C2
dactyloscopie,29802,C2
brioché,29803,C2
remanger,29804,C2
camail,29805,C2
alanguissement,29807,C2
flatulent,29810,C2
saponification,29812,C2
compotier,29816,C2
religiosité,29826,C2
subsonique,29831,C2
formique,29834,C2
cartothèque,29836,C2
scrofule,29837,C2
deux-roues,29838,C2
laïciser,29839,C2
plastiquage,29842,C2
helléniste,29844,C2
virago,29848,C2
remuscler,29852,C2
pharisaïque,29853,C2
empyrée,29854,C2
mansardé,29855,B2
volailler,29856,C2
membré,29858,C2
crétiniser,29859,C2
smicard,29861,C2
ressayer,29862,C2
loader,29868,C2
chauffe-biberon,29869,C2
émeu,29870,C2
riflard,29871,C2
hellénistique,29873,C2
sordidité,29874,C2
échalier,29875,C2
angélisme,29877,C2
oecuménisme,29878,C2
longane,29879,C2
hydropisie,29880,C2
louablement,29883,C2
apponter,29884,C2
sélénium,29888,C2
égalisateur,29889,C2
lubrification,29890,C2
drumlin,29891,C2
géothermique,29892,C2
luncher,29893,C2
arboretum,29898,C2
éléphanteau,29899,C1
durablement,29904,C1
rétractable,29905,C2
trépanation,29906,C2
damnable,29908,C2
gastro-entérite,29910,C2
réévaluation,29912,C2
artériographie,29913,C2
coryza,29914,C2
éructation,29915,C2
ululer,29918,C2
boiterie,29920,C2
espada,29924,C2
gestuel,29925,C2
acidocétose,29926,C2
dernière-née,29932,C2
impopularité,29934,C2
imagier,29935,C2
estompé,29938,C2
glossaire,29939,C2
réoccuper,29940,C2
abstentionniste,29941,C2
parthénogénétique,29943,C2
desséchant,29945,C2
improvisateur,29946,C2
manganite,29951,C2
atténuateur,29954,C2
militariser,29956,C2
inaccessibilité,29957,C2
crachement,29958,C2
charnellement,29959,C2
stérilisateur,29960,C2
achoppement,29961,C1
hydratation,29963,C1
incirconcis,29965,C2
acromion,29966,C2
mnémonique,29967,C2
inclusivement,29968,C2
imperturbablement,29970,C2
indéchirable,29971,C2
bourgeoisement,29974,C1
vinaigrer,29975,C2
profiterole,29978,C2
affalement,29979,C2
infatué,29980,C2
indécemment,29983,C2
chébran,29987,C2
aratoire,29989,C2
photonique,29990,C2
désherbant,29993,C2
hémostase,29998,C2
intensification,30001,B2
précolombien,30002,A1
trancheur,30004,C2
préfrontal,30007,C2
interpénétrer,30009,C2
gastro-intestinal,30010,C2
dévitaliser,30015,C2
myélite,30016,C2
mâcheur,30017,C2
irrecevabilité,30022,C2
débarrer,30023,C2
mirmidon,30027,C2
débours,30028,C2
mitose,30029,C2
météorologiste,30030,C2
arrogamment,30031,C2
cold-cream,30032,C2
xylographie,30037,C2
colmatage,30042,C2
endiguement,30043,C2
bruxellois,30044,B1
zircon,30045,C2
hivernage,30047,C2
monition,30048,C2
informulé,30049,C2
anarchiquement,30050,C2
entreposage,30054,C2
huron,30056,C2
fellaga,30059,C2
picador,30062,A2
rhénan,30064,C2
hydrophobie,30065,C2
kouglof,30066,C2
troufignon,30069,C2
défloration,30070,C2
hypnagogique,30071,C2
aubier,30072,C2
constitutionnellement,30074,C2
lie-de-vin,30075,C2
emmanchure,30078,C2
mucoviscidose,30080,C2
délayage,30087,C2
antitoxine,30089,C2
accessoiriser,30091,C2
convent,30094,C2
multiracial,30096,C2
aoûtat,30097,C2
halopéridol,30098,C2
ischémique,30100,C2
étanchement,30101,C2
cagoulard,30103,C2
coquerelle,30104,C2
vaudevillesque,30108,C2
requérant,30110,C2
bursite,30111,C2
adénosine,30114,C2
stratification,30116,C2
aérolithe,30117,C2
verdier,30118,C2
agoraphobe,30122,C2
luisance,30125,C2
extraverti,30127,C2
déshonnête,30128,C2
morigéner,30129,C2
lymphocytaire,30130,C2
antipsychiatrie,30133,C2
rhumatologie,30135,C2
condottiere,30136,C2
suborneur,30137,C2
plénier,30138,C1
larmichette,30139,C2
riel,30142,C2
incitateur,30143,C2
libellé,30149,C2
canope,30153,C2
narcoleptique,30156,C2
apposition,30157,C2
constellé,30159,C2
caparaçon,30160,C2
zoophile,30162,C2
consubstantiel,30163,C2
retraitement,30165,C2
navire-citerne,30166,C2
nectarine,30168,C2
lambada,30169,C2
panty,30170,C2
tularémie,30171,C2
reître,30172,C2
réaffectation,30176,C2
afféterie,30177,C2
testiculaire,30179,C2
vallonnement,30180,C2
pressement,30181,C2
archicomble,30182,C2
automédication,30183,C2
cariatide,30185,C2
aristotélicien,30186,C2
carmagnole,30188,C2
hémolytique,30191,C2
ahanant,30195,C2
cartonnage,30197,C2
quantifiable,30198,C2
équarrissage,30203,C2
surprotéger,30206,C2
rougissement,30208,C2
engendrement,30210,C2
mi-octobre,30211,C2
sériel,30212,C2
intervertébral,30214,C2
pendard,30215,C2
novation,30216,C2
assommeur,30218,C2
numérologie,30221,C2
ensemencement,30222,C1
péristyle,30227,C2
accessit,30228,C2
dermique,30229,C2
biftèque,30230,C2
néolibéralisme,30231,C2
épithélium,30232,C2
indexation,30233,C2
dessiccation,30234,C2
acerbité,30235,C2
tartir,30236,C2
irrationalité,30239,C2
chloramphénicol,30240,C2
triglycéride,30241,C2
irréligieux,30242,C2
diacritique,30244,C2
esprit-de-vin,30245,C2
essayeur,30248,C2
essuyage,30249,C2
admissibilité,30250,C2
anar,30253,C2
magnétiquement,30255,C2
autoclave,30256,C2
chanoinesse,30261,C2
dégénération,30262,C2
jardinerie,30263,C2
affréteur,30266,C2
tuméfaction,30268,C2
biosphère,30271,C2
horion,30272,C2
antipsychotique,30274,C2
onirisme,30275,C2
interféron,30276,C2
angon,30277,C2
antitabac,30278,B1
cleptomane,30279,B2
houille,30280,C2
placidement,30282,C2
testeur,30285,C2
avunculaire,30289,C2
alaise,30292,C2
mi-décembre,30295,C2
anthropométrique,30296,C2
cochenille,30299,C2
podologue,30305,C2
nanisme,30307,C2
shunt,30308,C2
dynamomètre,30314,C2
fendillé,30317,C2
bancroche,30318,C2
guillemot,30321,C2
mezcal,30322,C2
sitar,30326,C2
fallacieusement,30329,C2
génomique,30330,C2
génotype,30331,C2
nocher,30332,C2
américanisation,30333,C1
pancréatite,30338,C2
décilitre,30339,C2
socialiser,30344,B2
ratonnade,30348,C2
papamobile,30349,C2
sloop,30350,C2
soignable,30351,C2
opinel,30354,C2
lunule,30355,C2
limerick,30357,C2
châtaigneraie,30359,C2
klystron,30365,C2
localisable,30367,C2
janséniste,30370,C2
locatif,30371,C1
flagorner,30374,C2
darse,30375,C2
sous-continent,30376,C2
bibliographique,30377,C1
réenvisager,30378,C2
motorisation,30379,C2
onaniste,30380,C2
sous-estimation,30385,C2
bicorne,30386,C2
autostop,30390,C2
monitoring,30391,C2
lactique,30392,C2
métairie,30394,C2
aramon,30396,C2
dépressionnaire,30397,C2
préemption,30399,C2
lysine,30402,C2
trithérapie,30405,C2
antidémocratique,30407,C2
réutilisation,30408,C2
mycologue,30411,C2
archivolte,30413,C2
psychopathologie,30414,C2
stigmatisé,30417,C2
argentier,30419,C2
rencogner,30421,C2
strontium,30422,C2
téflon,30424,C2
gueulement,30425,C2
mégapole,30428,C2
phylogenèse,30429,C2
déstructurer,30431,C2
méhariste,30433,C2
inconsistance,30434,C2
mérinos,30436,C2
barreur,30437,C2
ellébore,30447,C2
entrecroisement,30448,C2
aquaplane,30450,C2
prote,30452,C2
virevoltant,30456,C2
fusionnel,30458,C2
surdéveloppé,30459,C2
extra-utérin,30460,C2
columbarium,30465,C2
cystique,30467,C2
exténuation,30469,C2
cystite,30470,C1
quarantenaire,30473,C2
bilirubine,30474,C2
métacarpe,30476,C2
niveleur,30480,C2
composteur,30481,C2
imprévisiblement,30483,C2
vulgarisation,30485,A2
matelasser,30486,C2
douar,30490,C2
affidavit,30493,C2
broutard,30494,C2
normatif,30496,C2
phraseur,30497,C2
hideur,30499,C2
bugne,30500,C2
inertiel,30505,C2
mastite,30509,C2
nigérian,30510,C2
olivâtre,30511,C2
flétrissement,30514,C2
aumônerie,30516,C2
tahitien,30520,C2
hotu,30522,C2
obscènement,30524,C2
débonder,30527,C2
rubicond,30529,C2
pleuviner,30530,C2
autogire,30531,C2
plus-que-parfait,30535,C2
autoritarisme,30536,C2
internaute,30539,C2
plébisciter,30540,B2
candidement,30541,C2
plésiosaure,30542,C2
avant-plan,30543,C2
commuter,30547,C2
doubleur,30551,C2
aérodynamisme,30558,C2
hypogée,30559,C2
futurologue,30560,B1
baleiné,30561,C2
girandole,30566,C2
fêle,30569,C2
canut,30571,A1
minbar,30572,C2
miction,30573,C2
odontologie,30576,C2
connecteur,30578,C2
populisme,30580,C1
dysfonction,30581,C2
mimétique,30583,C2
isotherme,30586,C2
bamboche,30587,C2
sectateur,30588,C2
baptistère,30589,C2
baptiseur,30592,C2
barbet,30595,C2
dégueulasserie,30596,C2
faucheux,30600,C2
gynécée,30601,C2
trismégiste,30605,C2
pailler,30608,C2
caréner,30610,C2
becquet,30612,C2
cormier,30615,C1
couturé,30617,C2
abstraitement,30618,C2
hagiographie,30623,C2
catalpa,30624,C2
tuner,30625,C2
équilibrage,30627,C2
skunks,30630,C2
sifflotement,30632,C2
cathare,30633,B1
malaisément,30635,C2
carterie,30638,C2
causal,30639,C2
déflexion,30642,C2
centrafricain,30643,C2
évaporateur,30647,C2
catalyser,30648,C2
bioxyde,30649,C2
présidium,30650,C2
délocaliser,30651,B1
multidimensionnel,30653,C2
paraffiné,30655,C2
bernois,30656,C2
adjuration,30661,C2
déneiger,30663,C2
hiérarchiquement,30664,C2
finette,30665,C2
antirouille,30666,C2
urique,30669,C2
myasthénie,30671,C2
réinviter,30672,C2
périssodactyle,30673,C2
chasselas,30674,C2
parturition,30675,C2
souplement,30676,C2
parthe,30678,C2
détestation,30685,C2
fluidifier,30687,C2
victorieusement,30688,C2
péon,30689,C2
triplette,30690,B1
rôt,30692,C2
pétochard,30693,C2
sachem,30695,C2
footballistique,30696,C2
chiquement,30698,C2
fouilleur,30700,C2
chiropraxie,30702,C2
mitraillade,30703,C2
quadriphonie,30704,C2
quakeresse,30706,C2
archivage,30707,C2
vichyssois,30709,C2
hyperbolique,30710,C2
bistrotier,30711,C2
quinté,30713,C2
quarto,30714,C2
ahanement,30715,C2
chromatographie,30718,C1
radiesthésiste,30720,C2
hanséatique,30722,C2
harenguier,30724,C2
céréalier,30725,C2
télémétrique,30726,C2
cherté,30727,C2
lock-out,30728,C2
stoïcien,30729,C2
embroussaillé,30731,C2
hémistiche,30732,C2
brahmanisme,30733,C2
racialement,30734,C2
cinématographiquement,30735,C2
branlage,30740,C2
astigmate,30741,C2
hippomobile,30748,B2
idée-force,30750,C2
franciser,30751,C2
dermatite,30752,C2
technologiquement,30761,C2
alvéolé,30763,C2
lieu-dit,30767,C2
immuabilité,30768,C2
semestriel,30771,C2
tellurique,30773,C2
pipistrelle,30775,C2
demi-mètre,30779,C2
recyclable,30780,C2
piégeage,30781,C2
économiseur,30782,B2
impudiquement,30786,C2
redéployer,30787,C2
hydrolase,30791,C2
siffleur,30792,C2
népenthès,30793,C2
électronicien,30794,C2
dolomite,30796,C2
colportage,30797,C2
bouquetier,30798,C2
cimaise,30799,C2
ovoïde,30800,C2
glockenspiel,30801,C2
communicable,30802,C1
compressif,30805,C2
individualiser,30806,C1
compressible,30807,C2
industrialisation,30809,C1
vineux,30810,C2
dilection,30811,C2
retardateur,30813,C2
sapinière,30814,C2
poliomyélitique,30815,C2
baleinier,30819,C2
maître-chien,30820,C2
gouvernant,30823,A1
orbitaire,30824,C2
revival,30825,C2
condyle,30826,C2
ronéo,30827,C2
inflexibilité,30828,C2
clenche,30829,C2
irisation,30835,C2
grandissime,30836,C2
contre-feu,30837,C2
contre-indication,30838,C2
orthogonal,30841,C2
inondable,30842,C2
contre-terrorisme,30843,C2
doctement,30844,C2
anticléricalisme,30847,C2
savoyard,30848,C2
bridon,30849,C2
coaliser,30852,C2
antimilitarisme,30854,C2
intelligiblement,30855,C2
donjuanisme,30856,C2
cochonnaille,30859,B2
brise-bise,30861,C2
antiphrase,30862,C2
réimpression,30864,C2
coronal,30865,C2
ouest-allemand,30867,C2
broncho-pneumonie,30869,C2
colback,30870,C2
rémanent,30871,C2
antisoviétique,30872,C2
cooptation,30873,C2
cosmétologie,30874,C2
profileur,30875,C2
douro,30876,C2
indépendantisme,30877,C2
biorythme,30880,C2
intestat,30882,C2
brûle-gueule,30884,C2
modulaire,30885,C2
informatif,30887,C2
giberne,30888,C2
druidisme,30890,C2
papisme,30892,C2
élitisme,30894,C2
charlatanerie,30895,C2
cotisant,30898,C2
haute-fidélité,30901,C2
aldol,30903,C2
proscription,30905,C2
pâmoison,30907,C2
aliéniste,30908,C2
irrésolution,30909,C2
parthénogenèse,30910,C2
sauvagesse,30911,C2
épiphyse,30912,C2
morphogénétique,30914,C2
psychiquement,30918,C2
crapaud-buffle,30920,C2
ambler,30922,C2
psychopathique,30923,C2
homogénéisation,30925,C2
pennage,30926,C2
amoraliste,30928,C2
maréchaussée,30933,C2
anaérobie,30934,C2
crémer,30936,C2
isotonique,30940,C2
quant-à-soi,30942,C2
béotien,30943,C2
sixte,30945,C2
saucier,30947,C2
bésigue,30949,C2
curviligne,30959,C2
jouter,30960,C2
photogravure,30961,C2
sous-locataire,30962,C2
mésentérique,30965,C2
dermatologiste,30966,C2
pétrification,30967,C2
souvlaki,30971,C2
sciène,30972,C2
métapsychique,30975,C2
spinnaker,30978,C2
pigmentaire,30979,C2
attique,30983,C2
pisse-vinaigre,30985,C2
cosmopolitisme,30989,C2
stratosphérique,30991,C2
raccourcissement,30994,C2
plafonnement,30998,C2
anticonformiste,30999,A2
vacillement,31000,C2
sublimement,31001,C2
demi-monde,31002,C2
neuromusculaire,31003,C2
distillat,31004,C2
diurèse,31006,C2
ligotage,31016,C2
antipollution,31017,C2
inapplicable,31018,C2
laryngoscopie,31020,C2
dessertir,31022,C2
carte-lettre,31023,C2
exfoliant,31025,C2
antiviral,31026,C1
vergé,31028,C2
tricentenaire,31030,C2
raréfaction,31031,C2
gériatrique,31033,C2
rapin,31035,C2
diamanté,31036,C2
dual,31038,C2
nord-vietnamien,31040,C2
porphyrie,31041,C2
pompé,31045,C2
dynamitage,31046,C2
lugubrement,31049,C2
fougeraie,31050,C2
inemployable,31051,C2
lipothymie,31052,C2
bachique,31053,C2
edelweiss,31054,C2
badauderie,31055,C2
diptyque,31056,C2
sophora,31058,C2
hassidique,31061,C2
viriliser,31062,C2
pansu,31063,C2
postcombustion,31064,C2
épidural,31065,C2
discoureur,31069,C2
néonatal,31070,C2
taiseux,31071,C2
chiropraticien,31072,C2
redormir,31073,C2
dispersement,31074,C2
objectivation,31076,C2
fibroscope,31077,C2
corporatisme,31080,C2
balayure,31082,C2
tarse,31083,C2
ascendre,31084,C2
retsina,31086,C2
centralisme,31088,C2
spectrographie,31091,C2
inépuisablement,31092,C2
polychrome,31094,C2
fiscaliste,31097,C2
spic,31103,C2
véhémentement,31104,C2
évolutionniste,31106,C2
empilement,31107,C2
déductibilité,31109,C2
spiritualisme,31110,C2
proportionnalité,31111,C1
doucette,31112,C2
hydrochlorique,31116,C2
spéculoos,31117,C2
criminellement,31120,C2
malaire,31121,C2
toulousain,31122,C2
précuit,31123,C2
critiquable,31125,C1
youyou,31127,C2
basaltique,31128,C2
prorogation,31130,C2
inéligible,31131,C2
mastaba,31132,C2
chaud-froid,31133,C2
touer,31138,C2
déprogrammation,31140,C2
maquerellage,31142,C2
transborder,31144,C2
ovuler,31145,C2
ribouler,31149,C2
axillaire,31154,C2
désinviter,31156,C2
panaméricain,31158,C2
résonateur,31159,C2
immunologiste,31166,C2
réécriture,31169,C2
hêtraie,31171,C2
compétitivité,31173,C2
péricardique,31174,C2
zest,31177,C2
baleineau,31178,C2
rouspétance,31181,C2
bigle,31182,C2
surprime,31186,C2
migraineux,31187,C2
châlit,31188,C2
tumultueusement,31192,C2
dégazer,31195,C2
microseconde,31199,C1
bathyscaphe,31201,C2
systémique,31204,C2
égotiste,31205,C2
dégueulassement,31206,C2
saucée,31207,C2
moderniste,31208,B1
étuver,31210,C2
minimaliste,31211,C2
électrolytique,31213,C2
démaquillage,31214,C2
dilettantisme,31215,C2
dessèchement,31217,C2
bidouillage,31220,C2
volubilité,31221,C2
entropique,31222,C2
rétrocéder,31225,C2
variateur,31226,C2
morainique,31228,C2
bioluminescence,31231,C2
ergothérapie,31232,C2
gloser,31234,C2
rachis,31238,C2
esclavagisme,31239,C2
académisme,31240,C1
gypsophile,31243,C2
monolinguisme,31244,C2
équin,31245,C2
bolduc,31246,C2
inappréciable,31247,C2
godiller,31248,C2
liniment,31251,C2
domanial,31252,C2
tellure,31255,C2
incommodité,31257,C2
vol-au-vent,31258,C2
lobectomie,31259,C2
boitement,31261,C2
botteler,31263,C2
draisine,31264,C2
méplat,31265,C1
abuseur,31266,C2
tette,31268,C1
thallium,31270,C2
drageoir,31271,C2
multiculturel,31273,C2
drapier,31274,C2
exégète,31276,C2
bouilleur,31277,C2
achondroplasie,31279,C2
multipartite,31280,C2
dure-mère,31286,C2
cyanose,31287,C2
eczémateux,31288,C2
légitimation,31289,C1
dyspeptique,31291,C2
affriander,31292,C2
loisible,31293,C2
redéploiement,31301,C2
ménade,31302,C2
adénocarcinome,31303,C2
extravéhiculaire,31305,C2
septuagénaire,31306,C2
grasseyer,31307,C2
décan,31308,C2
embâcle,31309,C2
polissonner,31310,C2
boutonnage,31311,C2
décennal,31312,C2
emphatiquement,31315,C2
péroraison,31316,C2
empois,31318,C2
émasculation,31320,C2
décalque,31321,C2
demi-longueur,31323,C2
aiguail,31325,C2
concurremment,31326,C2
émoulu,31327,C2
lustrine,31329,C2
resserrement,31330,C2
mandement,31341,C2
décuple,31343,C2
défausser,31344,C2
étalonner,31346,C2
caldeira,31347,C2
alertement,31348,C2
revernir,31349,C2
revitalisation,31352,C2
diaphorétique,31354,C2
allegretto,31355,C2
éventration,31356,C2
finalisation,31357,C2
brimborion,31358,C2
déjuger,31359,C2
fissible,31363,C2
navarrais,31367,C2
almée,31368,C2
première-née,31369,C2
travestisme,31370,C2
démarier,31371,C2
brocheur,31372,C2
récessif,31373,C2
alvéolaire,31374,C2
défrichement,31378,C1
treuiller,31379,C2
réenregistrer,31380,C2
ammoniaqué,31381,C2
brugeois,31384,C2
sororal,31385,A2
entérite,31387,C2
noyautage,31389,C2
menon,31393,C2
déjeté,31398,C2
triphasé,31400,C2
prostatite,31401,C2
anaglyphe,31404,C2
formatage,31408,C2
anamorphose,31409,C2
acrobatiquement,31410,C2
protoxyde,31413,B1
protéique,31417,C2
actionnement,31418,C2
byzantinisme,31420,C2
anhydre,31421,C2
moderato,31422,C2
coquettement,31426,C2
sentencieusement,31432,C2
haïk,31435,C2
bénard,31436,C2
furtivité,31437,C2
surdimensionné,31439,C2
centaurée,31443,C2
légalisation,31444,C2
animalement,31446,C2
prévalence,31448,C2
télémarketing,31450,C2
cabaliste,31451,C2
officiant,31452,C2
jacquier,31453,C2
anthropométrie,31455,C2
oiselier,31456,C2
margouillat,31457,C2
cothurne,31458,C2
agapanthe,31461,C2
sataniser,31462,C2
tétraplégie,31464,C2
exclamatif,31465,C2
cacophonique,31466,C2
stéréophonie,31468,C2
punisseur,31470,C2
stéréoscope,31471,C2
exfolier,31473,C2
agioteur,31474,C2
touffeur,31475,C2
chicon,31476,C1
odomètre,31481,C2
interracial,31485,C2
déséquiper,31486,C2
urbanisation,31487,B1
décélérer,31488,C2
encrage,31489,C2
courtisanerie,31490,C2
encéphalographie,31493,C2
couventine,31495,C2
extenseur,31497,C2
intracardiaque,31499,C2
séquentiel,31501,C2
ouvroir,31502,C2
déglacer,31509,C2
tabard,31510,C2
dévotement,31513,C2
chromosphère,31516,C2
antichoc,31518,C2
cinglage,31526,C2
antigravitationnel,31527,C2
démotiver,31528,B2
allergène,31531,C2
fugacement,31534,C2
antihéros,31536,B2
orpiment,31537,C2
antimissile,31539,C2
grappillage,31541,C2
canaque,31545,A2
sylphide,31546,C2
déréglementation,31548,C2
erg,31549,C2
otospongiose,31550,C2
paltoquet,31551,C2
quiscale,31552,C2
fibrine,31554,C2
mondovision,31556,C2
plâtras,31558,C2
amoindrissement,31563,C2
vilement,31565,C2
guatémaltèque,31569,C1
pangermanisme,31571,C2
virologue,31572,C2
galiote,31575,C2
aquagym,31576,C2
capétien,31577,C2
thorine,31578,C2
analytiquement,31579,C2
sigillaire,31589,C2
parcimonieusement,31590,C2
talocher,31591,C2
ilote,31593,C2
simplissime,31597,C2
imbrication,31598,C2
paroxystique,31603,C2
toilettage,31604,C2
ascite,31605,C2
xiphoïde,31606,C2
cartonnier,31607,C2
sous-programme,31608,C2
monoparental,31609,C2
anosmique,31612,C2
myocardite,31615,C2
genevois,31616,B2
encodeur,31617,C2
myopathie,31619,C2
astrochimie,31620,C2
myxomatose,31622,C2
anthropomorphe,31623,C2
daguet,31624,C2
catarrheux,31626,C2
lepton,31627,C2
atrésie,31628,C2
impubère,31629,C2
dandysme,31631,C2
catéchumène,31634,C2
lilial,31637,C2
girondin,31638,C1
frisottis,31639,C2
enzymatique,31641,C2
ergothérapeute,31645,C2
autodérision,31647,C2
hydrique,31648,C2
petit-suisse,31650,C2
gloutonnement,31654,C2
totémique,31655,C2
ashkénaze,31656,C2
cornéen,31661,C2
demi-pensionnaire,31665,C2
squire,31668,C2
corrélatif,31669,C2
hyperbare,31670,C2
fustigation,31671,C2
autosuffisance,31673,C2
hypercalcémie,31674,C2
autosuffisant,31676,C1
trinitrine,31678,C2
hypertrophique,31684,C2
médiator,31685,C2
fertilisant,31687,C2
trypanosomiase,31692,C2
peureusement,31693,C2
goumier,31695,C2
charbonnière,31696,C2
simultanéité,31697,C2
hémolyse,31700,C2
antihygiénique,31701,C2
étirage,31703,C2
nécrologue,31705,C2
sublingual,31706,C2
nécromant,31709,C2
nécrophage,31710,C2
antiparasite,31711,C2
croustille,31712,C2
plan-séquence,31714,C2
réaligner,31716,C2
chaudronnerie,31718,C2
infatigablement,31720,C2
gazoline,31721,C2
antirabique,31723,C2
trompeusement,31725,C2
antistatique,31726,C1
germinal,31727,C2
tronconique,31728,C2
extra-sensoriel,31730,C2
impeachment,31732,C2
antitussif,31733,C2
mobilisable,31734,C2
plurinational,31737,C2
pluvial,31740,C2
réimplanter,31742,C2
basilaire,31743,C2
dièdre,31744,C2
neurologiste,31748,C2
prêt-à-porter,31755,B1
glougloutement,31758,C2
appoggiature,31760,C2
benzoate,31761,C2
badois,31762,C2
chouannerie,31766,C2
doucettement,31768,C2
montmartrois,31769,A1
guenilleux,31772,C2
céphalopode,31773,C2
non-prolifération,31778,C2
froufrouter,31779,C2
polygonal,31780,C2
arboriculture,31782,C2
internationalisme,31788,C2
innovateur,31790,C2
uniformisation,31791,B2
installateur,31794,C2
pontet,31797,C2
architecturalement,31798,C2
gabelle,31803,B2
interfacer,31806,C2
débarder,31808,C2
praxie,31809,C2
arithmétiquement,31810,C2
faîtage,31812,C2
bolcho,31814,C2
pairie,31816,C2
octane,31817,C2
diaphragmatique,31818,C2
barje,31821,C2
ferrage,31823,C2
artisanalement,31824,C2
ferraillant,31825,C2
décapuchonner,31827,C2
gazage,31829,C2
wallaby,31831,C2
propolis,31832,C2
iodler,31833,C2
omniscience,31835,C2
jacassant,31839,C2
baudelairien,31840,C2
décolonisation,31841,C2
vidangeur,31842,C2
asociabilité,31843,C2
giratoire,31844,C2
parallaxe,31845,C2
théâtralité,31846,C2
parapharmacie,31847,C2
parapsychologique,31849,C2
herboriser,31850,C2
clochardiser,31852,C2
dédicatoire,31858,C2
clownerie,31859,C2
hiératisme,31868,C2
judéen,31869,C2
provisionnel,31872,A2
bienheureusement,31874,C2
kamala,31875,C2
atténuation,31878,C2
hospodar,31880,C2
psychosociologue,31882,C2
bêtisier,31883,C2
dystrophie,31887,C2
bihoreau,31890,C2
prévôté,31892,C2
foirail,31896,C2
solénoïde,31903,C2
grèbe,31905,C2
autodidactique,31906,C2
perçage,31907,C2
silhouetter,31910,A1
sophistique,31912,C2
autographier,31913,C2
hyperboréen,31914,C2
autogène,31915,C2
décisionnel,31916,C2
parapsychologue,31917,C2
trichinose,31918,C2
guindeau,31920,C2
hopi,31921,C2
graffeur,31923,C2
pharmacothérapie,31926,C2
hypnogène,31929,C2
gyroscopique,31931,C2
puérilement,31932,C2
capital-risque,31936,C2
concavité,31937,C1
métastatique,31940,C2
bliaut,31941,C2
conciliable,31942,C2
quantitativement,31943,C2
francisque,31945,C2
trouvable,31946,C2
notabilité,31947,C2
carboxyhémoglobine,31948,C2
hydropneumatique,31949,C2
leptonique,31950,C2
hygromètre,31953,C2
percussionniste,31955,C2
élucubrer,31957,C2
tuyère,31959,C2
questure,31960,C2
harmattan,31961,C2
quinquennat,31963,C2
liminaire,31964,C2
émirat,31966,C2
identiquement,31967,C2
tétrachlorure,31969,C2
hysope,31970,C2
rachianesthésie,31971,C2
staphylocoque,31972,C1
statutaire,31977,C2
latérite,31980,C2
radiogoniométrique,31982,C2
ballottine,31983,C2
balsamier,31984,C2
sourdait,31987,C2
radiotéléphonie,31988,C2
boucharde,31990,C2
tubulure,31994,C2
handicapeur,31996,C2
radieusement,31999,C2
boulevardier,32000,C2
lyophiliser,32005,C2
bourgeonnement,32007,C2
rainurer,32010,C2
charpenterie,32012,C2
emperler,32014,C2
chauffagiste,32017,C2
recombiner,32018,C1
empierrer,32019,A2
batée,32022,C2
salsifis,32023,C2
baumier,32025,C2
rapiéçage,32028,C2
embrasseur,32029,C2
corrélativement,32030,C2
beaupré,32031,C2
box-calf,32033,C2
brabançon,32034,C2
bellissime,32035,C2
abyssin,32036,C2
océanologue,32037,C2
ravaudage,32038,C2
surqualifié,32040,C2
pneumonique,32041,C2
encéphalopathie,32043,C2
cholédoque,32044,C2
chorée,32046,C2
virologiste,32047,C2
okapi,32048,C2
gargoulette,32050,C2
plaintivement,32051,C2
accroupissement,32053,C2
idiomatique,32054,C2
symptomatologie,32055,C2
indifférenciation,32056,C2
ikebana,32059,C2
ludion,32061,C2
indélogeable,32064,C2
hypertonique,32067,C2
ségrégationniste,32068,C2
inentamable,32070,C2
enrouement,32071,C2
admirativement,32072,C2
immédiateté,32073,C2
inexactement,32074,C2
orgasmique,32075,C2
pacage,32076,C2
indolemment,32078,C2
séquenceur,32079,C2
implacabilité,32082,C2
bisannuel,32083,C2
bisexué,32085,C2
gibelotte,32086,C2
oscilloscope,32087,C2
affablement,32088,C2
affadissement,32089,C1
brouettée,32090,C2
indéracinable,32093,C2
inhabile,32095,C2
affichiste,32096,C2
brouillasse,32097,C2
palissandre,32099,C2
inorganique,32100,C2
rempailler,32102,C2
bréhaigne,32103,C2
idiopathique,32104,C2
coaccusé,32105,C2
inchangeable,32109,C2
esclavager,32110,C2
inclément,32112,C2
codeur,32113,C2
mahonia,32114,C2
microcircuit,32116,C2
publiable,32117,C2
pandit,32120,C2
pontonnier,32121,C2
bonneteur,32122,C2
colorisation,32125,C2
bégum,32126,C2
pyromanie,32128,C2
interpolation,32129,C2
exfiltrer,32130,C2
énonciation,32131,C2
bosselure,32132,C2
ajointer,32134,C2
interpénétration,32135,C2
commandite,32136,C2
protonique,32137,C2
eucharistique,32138,C2
ineffablement,32139,C2
protoplasme,32140,C2
cuistrerie,32142,C2
pédicule,32145,C2
moût,32148,C2
intransmissible,32151,C2
pénalement,32152,C2
manichéisme,32154,C1
extériorisation,32155,C2
cuveau,32157,C2
momification,32158,C2
bourrache,32161,C2
inopportunément,32162,C2
manzanilla,32165,C2
interlope,32169,C2
café-théâtre,32171,A2
monorail,32172,C2
insonorisation,32173,C2
quarante-deuxième,32174,C2
étiquetage,32175,C2
irréductiblement,32177,C2
poussier,32179,C2
ischion,32183,C2
amphigourique,32186,C2
branlement,32187,C2
fibroscopie,32188,C2
accessibilité,32192,C2
purpura,32193,C2
filariose,32194,C2
brindezingue,32195,C2
calfat,32196,C2
salicine,32199,C2
acellulaire,32200,C2
je-m'en-foutisme,32203,C2
andain,32204,C2
cordonner,32207,C2
andrinople,32209,C2
ratier,32210,B2
isard,32213,C2
bruiter,32215,C2
acétylsalicylique,32218,C2
sarcoïdose,32219,C2
demi-deuil,32220,C2
additif,32221,C1
adipique,32222,C2
quadriennal,32223,C1
narbonnais,32226,C2
folliculaire,32227,C2
gueuserie,32229,C2
fabliau,32231,C2
irrespectueusement,32233,C2
cantal,32234,C2
adéquatement,32236,C2
rénovateur,32240,C2
affaiblissant,32241,C2
affrètement,32245,C2
isolationniste,32248,C2
maître-autel,32249,C2
jansénisme,32251,C2
anthume,32253,C2
agrafage,32255,C2
médullaire,32256,C2
bélître,32259,C2
tritium,32263,C2
aguardiente,32264,C2
merrain,32265,C2
carambouille,32266,C2
crochetage,32267,C2
sadiquement,32268,C2
seaborgium,32269,C2
métabolite,32270,C2
hagiographe,32274,C2
cachexie,32275,C2
jovialement,32276,C2
alcalinité,32278,C2
alexithymie,32280,C2
anticipateur,32282,C2
galate,32283,C2
aligot,32284,C2
nanomètre,32285,C2
veinule,32286,C2
phrygien,32287,B1
allergologue,32289,C2
garde-feu,32295,C2
calligraphique,32302,C2
dithyrambe,32305,C2
dito,32306,C2
reptation,32307,C1
lactate,32309,C2
feutrage,32310,C2
cynophile,32311,C2
scolastique,32316,C2
cauchois,32318,C2
lance-roquette,32319,C2
cytotoxique,32320,C2
kyrie,32321,C2
librettiste,32322,C2
cépage,32328,C2
obligeamment,32330,C2
nitre,32331,C2
anaphase,32332,C2
socialisation,32335,B1
pécari,32341,C2
leishmaniose,32342,C2
lissage,32344,C2
antagonique,32347,C2
littérairement,32348,C2
chabichou,32349,C2
logogriphe,32354,C2
olivette,32355,C2
carillonneur,32357,C2
sexué,32359,B1
archangélique,32363,C2
leucémique,32366,C2
lunaison,32368,C2
plumeux,32369,C2
archiatre,32370,C2
luthéranisme,32371,C2
opalescent,32372,C2
architrave,32374,C2
diabolisme,32375,C2
rouan,32379,C2
long-métrage,32380,C2
catachrèse,32383,C2
océanographe,32386,C1
débrouillardise,32388,C2
fourme,32389,C2
livrable,32390,C2
diorite,32391,C2
chat-huant,32392,C2
décadi,32393,C2
prépubère,32394,C2
rumsteck,32395,C2
décalotter,32396,C2
arlésienne,32397,C2
réabonnement,32399,C2
disculpation,32401,C2
réactivation,32402,C2
roténone,32404,C2
lord-maire,32412,C2
arrière-ban,32413,C2
soldeur,32414,C2
arrière-grand-tante,32416,C2
pommadé,32419,C2
majolique,32421,C2
antibactérien,32422,C1
diverticulose,32423,C2
limitrophe,32424,C2
centriste,32425,C2
limonaire,32426,C2
stroboscopique,32428,C2
documentariste,32429,C2
ignominieusement,32430,C2
antifongique,32431,C2
tuméfier,32433,C2
mancenillier,32436,C2
malaisien,32437,C2
chlorotique,32443,C2
oscillographe,32446,C2
targette,32448,C2
dragster,32450,C2
mitré,32452,C2
réimplantation,32455,C2
antivenimeux,32458,C2
mariable,32459,C2
frottoir,32463,C2
spasmophilie,32464,C2
asymétriquement,32467,C2
christique,32471,C2
maharaja,32472,C2
ovarien,32473,C2
chiasma,32475,C2
délimitation,32478,C2
sureffectif,32483,C2
démailloter,32485,C2
masturbateur,32487,C2
imputrescible,32493,C2
chènevis,32494,C2
chitine,32495,C2
débridement,32496,C2
mangrove,32497,C2
merlu,32500,C2
dépendeur,32501,C2
chosifier,32503,C2
inapaisable,32505,C2
épiscopalien,32507,C2
équidistance,32511,C2
députation,32513,C2
hyponatrémie,32514,C2
dépérissement,32518,C2
masculiniser,32521,C2
incompréhensiblement,32522,C2
asseau,32523,C2
avarement,32524,C2
sublimité,32525,C2
ciselure,32526,C2
cité-dortoir,32527,C2
mastiff,32528,C2
microbiologiste,32532,C1
hématine,32533,C2
subsistant,32536,C2
déforestation,32539,B1
indiscrètement,32543,C2
minimalisme,32548,C2
cliquètement,32549,C2
attribuable,32550,B1
badigeonnage,32551,C2
déterminément,32553,C2
serre-livres,32555,C2
audioconférence,32558,C2
cloqué,32560,C2
bailliage,32565,C2
dévorateur,32568,C2
septum,32569,C2
shunter,32573,C2
misérabilisme,32576,C2
dépolluer,32577,C2
misérabiliste,32579,C1
inconditionnellement,32581,C2
symboliste,32585,C2
autopunition,32587,C2
dérégulation,32588,C2
phéochromocytome,32591,C2
embosser,32594,C2
bandonéon,32596,C2
inenvisageable,32597,C2
thrène,32603,C2
avion-citerne,32607,C2
monomanie,32608,C2
solanacée,32609,C2
pesage,32611,C2
avulsion,32613,C2
barbote,32614,C2
martiniquais,32622,C2
muesli,32623,C2
mascaret,32626,C2
interactivité,32628,C1
morphologique,32629,C2
ectopie,32633,C2
comtois,32634,C2
ectopique,32635,C2
maternellement,32636,C2
bateau-lavoir,32637,C2
motrice,32638,C2
embole,32639,C2
batellerie,32640,C2
matité,32641,C2
niable,32643,C2
encoller,32645,C2
tout-terrain,32648,C2
concomitance,32653,C2
encapsuler,32655,C2
conjugalité,32656,C2
miroiterie,32659,C2
spectrométrie,32667,C1
bateau-citerne,32668,C2
confusionnisme,32669,C2
enjambeur,32670,C2
mycénien,32671,C2
iodure,32672,C2
moindrement,32673,C2
ionisant,32674,C2
thalassothérapie,32675,B1
conjectural,32676,C2
mollarder,32677,C2
endométriose,32680,C2
nonnain,32681,C2
porte-aiguille,32684,C2
splénectomie,32685,C2
réinscrire,32686,B1
mécanisation,32689,C1
biaisé,32694,C1
répulsif,32695,B1
mégalithe,32697,C2
mégalomaniaque,32698,C2
bilatéralement,32700,C2
bigorne,32701,C2
entrelarder,32703,C2
grisette,32710,C2
moricaud,32713,C2
gros-grain,32715,C2
sulfite,32716,C2
biométrie,32717,C1
biscaïen,32718,C2
jargonner,32719,C2
pressage,32720,C2
trompeter,32721,B1
quetsche,32723,C2
métaphysiquement,32727,C2
superlatif,32729,A2
proactif,32731,C2
suppurant,32735,C2
keepsake,32736,C2
nicaraguayen,32737,C2
récollet,32739,C2
cordiforme,32741,C2
guinéen,32743,C2
estoquer,32747,C2
régalade,32748,C2
surpeuplement,32749,C2
euphonique,32751,C2
surrégime,32753,C2
bombeur,32754,C2
télétexte,32755,C2
traversier,32756,C2
scaphoïde,32758,C2
sycophante,32762,C2
cordé,32765,C2
bouffable,32766,C2
lagan,32768,C2
surentraîné,32769,C2
bombage,32771,C2
méthodologique,32774,C2
bousilleur,32777,C2
bonimenter,32779,C2
harki,32780,C2
extracteur,32783,C2
brisque,32787,C2
obturation,32790,C2
broutage,32793,C2
neurophysiologie,32795,C2
factoriser,32796,C2
laidement,32797,C2
crachotement,32801,C2
pupillaire,32804,C2
nuer,32806,C2
butadiène,32808,C2
numismatique,32811,C2
simien,32816,C2
sérologie,32818,C2
suint,32819,C2
lober,32821,C2
vice-recteur,32822,C2
potard,32823,C2
creuseur,32824,C2
cafre,32832,C2
fidéliser,32834,C1
cristallerie,32835,C2
caillasser,32836,C2
homme-sandwich,32837,C2
crosne,32841,C2
cake-walk,32842,C2
calcémie,32846,C2
obséquieusement,32848,C2
facétieusement,32849,C2
californium,32850,C2
fagne,32853,C2
octuor,32854,C2
crânerie,32855,C2
maccarthysme,32858,C2
obsolescence,32860,C2
braquet,32862,C2
libidinal,32863,C2
fardier,32865,C2
libéralement,32866,C2
radiobalise,32867,C2
vésiculaire,32868,C2
capsulaire,32869,C2
topique,32870,C2
fongible,32872,C2
fastueusement,32873,C2
oison,32875,C2
carbonisation,32877,C2
vanterie,32880,C2
prolégomènes,32883,C2
curial,32884,C2
malléole,32885,C2
spermaceti,32888,C2
vau,32889,C2
propitiatoire,32890,C2
cycliquement,32892,C2
yali,32893,C2
tourtière,32894,A1
cynégétique,32895,C2
ophidien,32896,C2
fellagha,32899,C2
fenaison,32901,C2
cyphose,32902,C2
fendeur,32905,C2
zonage,32906,C2
brochage,32907,C2
transaminase,32908,C2
broiement,32909,C2
cédant,32910,C2
fritter,32911,C2
lointainement,32913,C2
vesce,32914,C2
orthoptère,32916,C2
brouetter,32919,C2
oscillatoire,32920,C2
fullerène,32922,C2
orpailleur,32926,C2
ostréiculteur,32927,C2
éclampsie,32928,C2
dadaïste,32931,C2
orthographique,32932,C2
catégorisation,32933,C2
revêtu,32936,C2
éjecteur,32938,C2
buissonner,32939,C2
vitrioler,32941,C2
cerclage,32942,C2
gambit,32944,C2
trachéal,32945,C2
mesclun,32948,C2
filoselle,32949,C2
patchwork,32955,C2
bédane,32958,C2
palmaire,32967,C2
chauviniste,32968,C2
gentamicine,32971,C2
panais,32972,C2
chiroptère,32980,C2
descriptible,32981,C2
desquamation,32982,C2
foirade,32988,C2
chlorer,32989,C2
glioblastome,32990,C2
papilionacé,32991,C2
dessous-de-bras,32992,C2
cachectique,32996,C2
cacique,32999,C2
cholécystite,33000,C2
gluon,33001,C2
diachronique,33002,C2
triumvir,33004,C2
parachèvement,33005,C2
diagonalement,33008,C2
paramnésie,33010,C2
chronométreur,33011,C2
mémorialiste,33012,C2
diarrhéique,33014,C2
diastole,33015,C2
cagot,33017,C2
pariade,33018,C2
chéloïde,33020,C2
fouterie,33022,C2
gradient,33023,C2
éducable,33025,C2
calade,33026,C2
cinématique,33027,C2
sédation,33029,C2
circadien,33030,B2
calcination,33031,C2
dionysien,33033,C2
dissemblance,33036,C2
dissonant,33038,C2
inculture,33040,C2
pennon,33041,C2
dissymétrique,33042,C1
verseur,33045,C2
tétracycline,33046,C2
disharmonie,33047,C2
motivateur,33048,C2
frangipane,33049,C2
clitoridectomie,33050,C2
pathétisme,33051,C2
réexamen,33054,C2
clubiste,33055,C2
cluster,33058,C2
indéfectiblement,33060,C2
peul,33061,C2
guanine,33063,C2
épaulière,33064,C2
régressif,33065,C2
tangara,33066,C2
indémaillable,33067,C2
pemmican,33069,C2
frisure,33077,C2
dossière,33078,C2
génocidaire,33080,C2
cannage,33083,C2
géode,33084,C2
multirécidiviste,33086,C2
cantabrique,33089,C2
géostationnaire,33090,C2
vomitoire,33094,C2
douaire,33095,C2
frétillement,33096,C2
érotiser,33099,C2
vulvaire,33100,C2
phallocratie,33103,C2
sagittal,33104,C2
droitement,33107,C2
rabelaisien,33108,C2
dronte,33110,C2
caraque,33111,C2
matras,33113,C2
duralumin,33115,C2
yodler,33117,C2
piquage,33122,C2
comparateur,33123,C2
sample,33124,C2
duffel-coat,33127,C2
abbatiale,33128,C2
saphène,33133,C2
compulsivement,33134,C2
carolingien,33135,C2
mésopotamien,33136,C2
aboulie,33137,C2
débitant,33139,B1
programmable,33141,A2
dynastique,33142,C2
conductance,33144,C2
physionomique,33145,C2
dyspepsique,33147,C2
cartésianisme,33150,C2
méthyle,33151,C2
sans-filiste,33153,C2
galuchat,33156,C2
cassement,33158,C2
accelerando,33159,C2
nanoseconde,33160,C2
acclimatement,33163,C2
écrémage,33166,C2
ploutocrate,33168,C2
déchiquetage,33175,C2
achetable,33178,C2
catholicité,33179,C2
cathèdre,33180,C2
coopérateur,33181,C2
coordonnateur,33184,C2
piémont,33185,C2
hydrogéné,33187,C2
neurofibromatose,33188,C2
adamique,33192,C2
sensationnalisme,33193,C2
présélection,33194,C2
ionien,33195,C2
transverse,33197,C2
cauteleusement,33199,C2
polissoir,33201,C2
ondoiement,33203,C2
hyperplasie,33207,C2
décolorant,33209,C2
adoucissant,33210,C2
centrouse,33214,C2
étameur,33217,C2
affermissement,33219,C2
hypothermique,33220,C2
électroencéphalogramme,33222,C2
hypothyroïdie,33224,C2
affleurant,33229,C2
affouage,33230,C2
affouillement,33231,C2
noradrénaline,33232,C2
porte-à-faux,33236,B2
hémodialyse,33237,C2
covalent,33239,C1
pointeau,33241,C2
ostensible,33242,C2
abscisse,33244,C2
chantoung,33247,C2
polisseur,33250,C2
chapellerie,33252,C2
agrarien,33256,C2
criminaliser,33257,C2
nécropsie,33258,C2
chapska,33259,C2
nécrotique,33261,C2
agrégatif,33264,C2
croque-madame,33265,C2
dépiquer,33266,C2
polypropylène,33267,C2
pousse-au-crime,33270,C2
gommeux,33272,C2
immunodéficience,33273,C2
poussoir,33275,C2
polyvalence,33276,C2
dégrossissage,33279,C2
pommeraie,33281,C2
aiguade,33282,C2
téléprompteur,33285,C2
éthiquement,33287,C2
cryptographique,33289,C2
épistolaire,33292,C2
prismatique,33294,C2
pontificat,33296,C2
ponçage,33299,C2
adducteur,33300,C2
prestesse,33301,C2
cheddite,33303,C2
albigeois,33304,C2
désargenté,33305,C2
priapique,33306,C2
crêt,33309,C2
algébriste,33314,C2
olivine,33316,C2
affin,33318,C2
chicanier,33321,C2
spath,33322,C2
dénigrant,33323,C2
alliacé,33324,C2
prouvable,33326,C2
uréthane,33327,C2
vasière,33328,C2
cyanogène,33330,C2
dépigmentation,33331,C2
chiourme,33332,C2
cyclonique,33335,C2
alourdissement,33338,C2
dépoussiérage,33340,C2
aiguillat,33341,C2
infantiliser,33342,C2
inflammatoire,33351,C2
chlamyde,33352,C2
infographie,33354,C2
amenuisement,33357,C2
prétentaine,33359,C2
ricaneur,33360,C2
providentiellement,33362,C2
chou-rave,33363,C2
ammonitrate,33364,C2
alcaliniser,33365,C2
prenable,33366,C2
gravelle,33367,C2
alcalose,33368,C2
amollissant,33369,C2
amollissement,33371,C2
chromatisme,33374,C2
priseur,33376,C2
recombinaison,33380,C2
tilbury,33382,C2
vidéaste,33384,B2
anabase,33385,C2
profanateur,33386,C2
désinformer,33387,C2
préfiguration,33388,C2
anadyomène,33389,C2
emblavure,33390,C2
alphabétiser,33391,C2
oxydant,33392,C2
anaphoriquement,33394,C2
pylore,33395,C2
aléoutien,33397,C2
viguier,33398,C2
modillon,33399,C2
destructible,33400,C2
désoxyribonucléique,33401,C2
paléontologiste,33402,C2
chélidoine,33404,C2
proscenium,33405,C2
larigot,33407,C2
sténose,33408,C2
anecdotiquement,33415,C2
ronfleur,33418,C2
protéiforme,33419,C2
amygdalien,33420,C2
anglomane,33422,C2
amylique,33425,C2
proéminence,33428,C2
dévitalisation,33429,C2
angéliquement,33432,C2
dilation,33433,C2
périgée,33434,C2
anabolisant,33435,C2
animalcule,33437,C2
invalidant,33441,C2
diplopie,33443,C2
pétrel,33444,C2
paresthésie,33445,C2
leucose,33446,C2
effaçable,33448,C2
annamite,33449,C2
quadri,33450,C2
montueux,33453,C2
anoblissement,33455,C2
quadripartite,33458,C2
ioniser,33459,C2
clamecer,33461,C2
anthropopithèque,33463,C2
statère,33467,C2
diverticule,33470,C2
quarante-huitième,33472,C2
ligneux,33474,C2
clavaire,33475,C2
vélodrome,33477,C2
claveciniste,33478,C2
isotopique,33479,C1
zoophilie,33483,C2
pédantisme,33496,C2
en-avant,33497,C2
personnalisation,33498,C2
enrégimenter,33500,C2
putrescence,33501,C2
phalarope,33507,C2
cléricalisme,33508,C2
lombes,33510,C2
antichrétien,33511,C2
jéjunum,33514,C2
péremptoirement,33515,C2
hellénisme,33516,C2
coaltar,33517,C2
duodénal,33519,C2
cocassement,33522,C2
anti-inflammatoire,33523,C1
hennin,33525,C2
kanji,33527,C2
antinationaliste,33531,C2
supplicié,33532,C2
radinerie,33533,C2
antinaturel,33534,C2
herser,33535,C2
musiquette,33536,C2
radioguidage,33537,C2
antipodiste,33539,C2
ébonite,33541,C2
dystocie,33543,C2
péristaltique,33544,C2
collaborationniste,33547,C2
anti-sous-marin,33549,C2
phénoménalement,33551,C2
historiette,33553,C2
épéiste,33555,C2
médianoche,33561,C2
antialcoolique,33562,C2
antonyme,33563,C2
troïka,33564,C2
enregistrable,33565,C2
piaulement,33566,C2
déclaratoire,33571,C2
ensellé,33572,C2
telson,33573,C2
communisant,33574,C2
compacité,33575,C2
apologétique,33577,C2
ethnologique,33578,B1
ravigoter,33579,C2
antimigraineux,33580,C2
apostat,33581,C2
réticulaire,33585,C2
entomologique,33586,C2
appert,33589,C2
comtal,33594,C2
métropolite,33597,C2
appui-main,33598,C2
aptère,33603,C2
aquarelliste,33605,C2
thrombotique,33606,C2
dégazage,33607,C2
dégivrage,33608,C2
libretto,33609,C2
applaudimètre,33612,C2
reformation,33613,C2
applicabilité,33614,C2
congénitalement,33615,C2
théoriser,33616,B1
regrettablement,33619,C2
démodulateur,33621,C2
approfondissement,33622,C2
lingual,33623,C2
démontrable,33626,C2
démystificateur,33627,C2
consistorial,33629,C2
tire-lait,33631,C2
dénazification,33632,C2
remonte-pente,33636,C2
raidissement,33637,C2
dénoyauteur,33639,C2
lithiase,33640,C2
saunier,33641,C2
archonte,33642,C2
eugénique,33643,C2
polymérase,33644,C2
contemplateur,33645,C2
eurasien,33646,C1
dépollution,33647,C2
ardûment,33648,C2
exciper,33650,C2
polyuréthane,33651,C2
contradictoirement,33652,C2
argilière,33655,C2
tonicité,33658,C2
scare,33659,C2
poplité,33662,C2
repose-pied,33663,C2
aristarque,33666,C2
ariégeois,33674,C2
exogamique,33675,C2
arkose,33676,C2
rebander,33677,C2
rapetasser,33678,C2
aréflexie,33681,C2
désenvoûter,33682,C2
contrepèterie,33683,C2
arquebusade,33688,C2
marennes,33689,C2
luffa,33690,C2
convexité,33691,C2
arrière-automne,33693,C2
lyse,33699,C2
extravaguer,33701,C2
raucité,33704,C2
arrière-petite-nièce,33705,C2
déstockage,33706,C2
déstructuration,33707,C1
déségrégation,33709,C2
astronomiquement,33714,C2
cornecul,33720,C2
magmatique,33721,C2
rondache,33722,C2
rondeau,33725,C2
attentiste,33729,C1
impersonnalité,33732,C2
mailing,33733,C2
propylène,33735,C2
excellentissime,33736,C2
tricuspide,33737,C2
massicotier,33738,C2
malentendant,33742,C2
assourdissement,33743,C2
exigible,33746,C1
emmi,33747,C2
vicinal,33750,C2
remembrement,33754,C2
expansionnisme,33755,C2
exploseur,33763,C2
prédictif,33765,C2
expérimentalement,33768,C2
portraiturer,33770,C2
réassurer,33771,C2
renfrognement,33772,C2
inanalysable,33774,C2
récapitulatif,33775,C2
externat,33777,C2
préopératoire,33778,C2
aubère,33779,C2
réconciliateur,33780,C2
courtement,33782,C2
ferblanterie,33783,C2
rédactionnel,33784,C2
endoplasmique,33785,C2
sinuosité,33786,C2
pouillerie,33787,C2
aurige,33788,C2
couvaison,33790,C2
psilocybine,33793,C2
marteleur,33794,C2
psittacose,33796,C2
austèrement,33798,C2
faillibilité,33800,C2
crachiner,33801,C2
falciforme,33805,C2
fibrociment,33807,C2
voussure,33809,C2
autorail,33810,C2
rétinite,33815,C2
filateur,33817,C2
avalement,33819,C2
fauconnerie,33820,C2
faufil,33821,C2
mesmérisme,33822,C2
esbroufeur,33824,C2
avaricieusement,33828,C2
bachotage,33829,C2
réétudier,33830,C2
avers,33831,C2
bactéricide,33834,C2
risibilité,33838,C2
ethmoïdal,33844,C2
flammé,33845,C2
rochet,33846,C2
saigneur,33851,C2
aéromodélisme,33854,C2
fleurage,33855,C2
promenoir,33857,C2
festivalier,33858,C2
aître,33859,C2
crucifiement,33860,C2
micromètre,33862,C2
rigodon,33863,C2
quadra,33864,C2
microscopie,33865,C1
mildiou,33866,C2
militarisation,33868,C2
figurativement,33870,C2
filamenteux,33873,C2
millilitre,33874,C2
batardeau,33876,C2
balafon,33879,C2
fiscalement,33880,C2
satelliser,33881,C2
flaccide,33886,C2
flaccidité,33888,C2
vice-chancelier,33890,C2
flagelle,33894,C2
benzodiazépine,33895,C2
stégosaure,33897,C2
excitable,33898,C2
ballottement,33899,C2
prédicant,33900,C2
bestialement,33902,C2
ronde-bosse,33904,C2
pancrace,33905,C2
flemmardise,33906,C2
modélisation,33907,C2
exostose,33908,C2
insatiablement,33909,C2
cuvier,33910,C2
exothermique,33911,C2
bandagiste,33914,C2
viscéralement,33915,C2
bimoteur,33916,C2
radiologiste,33917,C2
biochimiquement,33918,C2
moly,33919,C2
supercalculateur,33921,C2
extrasystole,33922,C2
barbarement,33924,C2
monitorage,33925,C2
extrusion,33927,C2
biotique,33928,C2
facilitation,33930,C2
francophilie,33932,C2
bissel,33933,C2
parascève,33934,C2
ratite,33937,C2
fricandeau,33941,C2
morphique,33944,C2
foulant,33947,C2
réédifier,33948,C2
dauphinat,33958,C2
batik,33960,C2
moufette,33964,C2
bayadère,33965,C2
pâlement,33966,C2
signifié,33974,C2
filmographie,33977,C2
multifonction,33978,C2
échocardiogramme,33980,C2
finisseur,33981,C2
frilosité,33983,C2
fringillidé,33984,C2
multiplicateur,33989,C2
brachiosaure,33996,C2
tagueur,33998,C2
féeriquement,34000,C2
félibre,34002,C2
électrochimique,34004,C2
sabotier,34006,C2
renégociation,34009,C2
électromètre,34011,C2
fructidor,34015,C2
bibliophilie,34016,C2
myoglobine,34017,C2
frugalement,34019,C2
gabonais,34021,C2
pétainiste,34026,C2
brunissage,34031,C2
soufi,34034,C2
bull-terrier,34038,C2
jaunasse,34039,C2
diaconesse,34040,C2
vanadium,34041,C2
vanneau,34042,C2
bigue,34045,C2
mélanine,34046,C2
scénaristique,34047,C2
billon,34049,C2
terrarium,34050,C2
fétuque,34051,C2
dijonnais,34052,B2
bimétallisme,34053,C2
mésencéphale,34055,C2
franchisage,34058,C2
riboflavine,34059,C2
spasmophile,34060,C2
semi-circulaire,34061,C2
gaillet,34065,C2
mésozoïque,34066,C2
éthyle,34069,C2
métallographie,34071,C2
taenia,34072,C2
vaudois,34073,C2
kacha,34078,C2
spéléologie,34079,A2
router,34080,C2
fédéraliste,34081,C2
fédérateur,34084,C2
natron,34091,C2
blettir,34092,C2
gastralgie,34093,C2
blettissement,34095,C2
doigtier,34099,C2
blédard,34102,C2
blépharite,34103,C2
sténographique,34106,C2
sténotypiste,34107,C2
réexpédition,34108,C2
bobèche,34110,C2
torche-cul,34113,C2
neutralisant,34114,C2
caper,34115,C2
réinfecter,34120,C2
neutropénie,34121,C2
captage,34126,C2
touareg,34128,C2
raisonneur,34130,C2
mussolinien,34132,C2
socioculturel,34133,A1
toxicologue,34135,C2
non-alignement,34138,C2
soixante-huitard,34139,C2
voilage,34145,C2
transducteur,34148,C2
goitreux,34149,C2
piriforme,34151,C2
glycoprotéine,34154,C2
volubilement,34155,C2
bossellement,34156,C2
glénoïde,34157,C2
médicastre,34158,C2
goddam,34161,C2
pitchpin,34164,C2
bouchot,34167,C2
nuancier,34170,C2
débardage,34172,C2
mérovingien,34180,B1
nymphal,34182,C2
gorgerin,34185,C2
sans-faute,34188,C2
granulome,34189,C2
gougoutte,34192,C2
cautionnement,34193,C2
boulu,34194,C2
cavitation,34195,C2
néoplasique,34197,C2
décamètre,34198,C2
grenadage,34199,C2
nantais,34203,B2
grippal,34206,C2
décembriste,34208,C2
grand-duché,34209,C2
sérosité,34211,C2
licteur,34212,C2
bousin,34213,C2
déclassement,34215,C2
graphologique,34224,C2
gutta-percha,34225,C2
oisellerie,34227,C2
gynécomastie,34228,C2
décortiqué,34229,C2
à-peu-près,34230,C2
tamponnage,34235,C2
téléachat,34236,C2
grenache,34237,C2
chicaneur,34238,C2
géologiquement,34239,C2
géomagnétique,34240,C2
défavorablement,34241,C2
chiffreur,34243,C2
définissable,34245,C2
nivôse,34246,C2
écailleux,34249,C2
stérilisant,34250,C2
télévangéliste,34251,C2
taxation,34253,C2
taxiphone,34255,C2
bredouillage,34256,C2
orlon,34258,C2
losangé,34261,C2
orthodontie,34267,C2
brestois,34268,C2
bretonnant,34269,C2
breuil,34270,C2
chronophotographie,34272,C2
démailler,34275,C2
démancher,34278,C2
briquetage,34280,C2
herpétique,34281,C2
ostéosarcome,34283,C2
suppuration,34284,C2
heuristique,34286,C2
supraterrestre,34289,C2
gélose,34290,C2
bronchitique,34292,C2
gémonies,34293,C2
histaminique,34296,C2
dénoyauter,34297,B1
oxymore,34299,C2
géomancie,34300,C2
gérontologue,34302,C2
hiéroglyphique,34304,C2
paillis,34306,C2
climatologue,34307,C1
légitimiste,34309,C2
spoliation,34313,C2
torréfaction,34314,C2
obsidional,34318,C2
buccin,34319,C2
buissonnant,34322,C2
tournebroche,34326,C2
suzeraineté,34329,C2
humidification,34336,C2
ogival,34338,C2
béatifique,34339,C2
parapsychique,34340,C2
roboratif,34343,C2
hydrocortisone,34344,C2
déshérence,34347,C2
désinence,34349,C2
colistier,34353,C2
rogomme,34355,C2
spatiotemporel,34358,C2
spectrographe,34360,C2
hygroma,34362,C2
béninois,34363,C2
prodrome,34365,C2
passing,34366,C2
hypercholestérolémie,34368,C2
hypercoagulabilité,34370,C2
pastenague,34371,C2
prognathe,34372,C2
hyperkaliémie,34373,C2
pataugeoire,34374,C2
bétonnage,34375,C2
commercialisable,34376,A1
sénescence,34378,C2
hypersomnie,34379,C2
hypertrichose,34381,C2
cabosse,34383,C2
hypocalcémie,34385,C2
pellagre,34387,C2
oranais,34388,C2
mandorle,34390,C2
sulpicien,34393,C2
prosaïquement,34394,C2
hypotendu,34397,C2
effarouchement,34399,C2
hypotensif,34400,C2
maniaquerie,34401,C2
perchlorate,34402,C2
homonymie,34407,C2
surabondant,34409,C2
huilier,34413,C2
maoïste,34416,C2
emblaver,34417,C2
hétérochromie,34422,C2
embouquer,34424,C2
marginalité,34429,C2
constitutionnalité,34431,C2
icosaèdre,34432,C2
cahors,34434,C2
stroboscope,34436,C2
structurellement,34437,C2
zygote,34441,C2
tautologie,34444,C2
contrapuntique,34445,C2
huchet,34448,C2
hygiéniquement,34450,C2
sveltesse,34456,C2
immunodéficitaire,34457,C2
photophobie,34458,C2
contributeur,34460,C2
photosensibilité,34461,C2
submersion,34462,C1
calotin,34463,C2
impoliment,34467,C2
paillon,34468,C2
camarguais,34472,C2
improuvable,34473,C2
hypophysaire,34474,C2
hypernerveux,34475,C2
coprophilie,34476,C2
palestre,34477,C2
thermodynamique,34478,C2
encalminé,34480,C2
hypostase,34481,C2
cambrement,34482,C2
coqueron,34483,C2
camphrier,34486,C2
hélicoïdal,34490,C2
camélidé,34491,C2
hâbleur,34493,C2
pamphlétaire,34494,B2
hébertisme,34496,C2
cosmiquement,34498,C2
matutinal,34499,C2
cosmétologue,34500,C2
indisponibilité,34501,C2
hémiplégique,34502,C2
suricate,34503,C2
maussaderie,34505,C2
varan,34506,C2
placentaire,34510,C2
hétérozygote,34511,C2
courailler,34512,C2
vaseliner,34513,C2
mechta,34514,C2
infibulation,34515,C2
hétaïre,34516,C2
plantage,34517,C2
infliction,34518,C2
planétoïde,34519,C2
symphyse,34521,C2
captation,34522,C2
synchroniseur,34524,C2
capucinade,34525,C2
plausibilité,34528,C2
ensablement,34531,C2
pédanterie,34533,C2
meurette,34535,C2
plutonien,34539,C2
cardage,34540,C2
immodestie,34541,C2
transformable,34542,C2
sélectivement,34545,C2
caret,34546,C2
transhumance,34547,C2
intercommunication,34548,C2
cryptographe,34549,C2
intergouvernemental,34554,B1
vocaliste,34558,C2
traversable,34561,C2
ergastule,34562,C2
intersaison,34564,C2
impotence,34565,C2
quadrichromie,34567,C1
polykystique,34568,C2
casaquin,34570,C2
escopette,34571,C2
trente-neuvième,34572,C2
cascatelle,34574,C2
intradermique,34575,C2
curette,34578,C2
intussusception,34579,C2
imprévoyant,34582,C2
invagination,34583,C2
catastrophiquement,34584,C2
impécunieux,34585,C2
inadéquation,34589,C2
catholiquement,34592,C2
ippon,34596,C2
ethnographie,34597,C2
territorialité,34602,C2
incitatif,34603,C1
câblerie,34604,C2
câblogramme,34606,C2
inappétence,34607,C2
thalidomide,34610,C2
inassouvissable,34611,C2
postdater,34613,C2
zoreille,34614,C2
inclémence,34617,C2
censitaire,34619,C2
indiciaire,34622,C2
jonglage,34628,C2
deltoïde,34632,C2
raccroc,34634,C2
perré,34635,C2
inductif,34636,C2
incultivable,34639,C2
typé,34641,B2
indécollable,34642,C2
tyranneau,34644,C2
tyrannicide,34645,C2
indéterminable,34647,C2
dengue,34648,C1
prométhéen,34650,C2
ébrancher,34651,C2
indécidable,34653,C2
kinase,34657,C2
phalanstère,34658,C2
excursionner,34659,C2
prothrombine,34662,C2
inflorescence,34663,C2
torque,34664,C2
énurésie,34666,C2
inexplosible,34672,C2
protéinurie,34673,C2
kystique,34677,C2
inimaginablement,34678,C2
prédation,34684,C2
préexistant,34688,C2
insortable,34689,C2
mimique,34693,C2
dixièmement,34694,C2
étiologique,34695,C2
préretraite,34696,C2
minitel,34699,C2
valétudinaire,34700,C2
innervation,34703,C2
prévisibilité,34704,C2
intangibilité,34705,C2
chicoter,34708,C2
domotique,34709,C2
abducteur,34711,C2
insalubrité,34712,C2
interculturel,34715,C1
lettrage,34716,C2
leucocytose,34718,C2
absentéiste,34720,C2
interjeter,34721,C2
drastiquement,34724,B2
interlocutoire,34725,C2
liberticide,34728,C2
acadien,34730,C2
libre-échangiste,34731,C2
fashionable,34732,C2
insulteur,34738,C2
acculturation,34739,C2
vertugadin,34742,C2
accusatoire,34743,C2
intarissablement,34744,C2
achaler,34746,C2
monarchique,34748,C1
pénaliste,34750,C2
pénien,34751,C2
acmé,34754,C2
chtimi,34756,C2
dysphorie,34758,C2
lithosphère,34760,C2
interpellateur,34761,C2
lithotripsie,34763,C2
débarbouillette,34765,C2
actionnariat,34767,C2
chyle,34768,C2
débaucheur,34769,C2
tropisme,34771,C2
actionneur,34772,C2
débilement,34773,C2
pétrochimique,34775,C2
rembarquement,34776,C2
visagiste,34778,C2
châtelet,34779,A1
débranchement,34783,C2
iodoforme,34785,C2
morcellement,34786,C2
adent,34787,C2
feuilletage,34793,C2
adon,34794,C2
pléthorique,34797,C2
adressage,34798,C2
tératome,34799,C2
irraisonnable,34800,C2
fibré,34803,C2
irrationnellement,34805,C2
adénopathie,34806,C2
fictivement,34807,C2
adénovirus,34808,C2
volter,34810,C2
affacturage,34811,C2
décoffrage,34812,C2
islamiser,34816,C2
légionellose,34818,C2
filialement,34820,C2
poitevin,34823,C2
ismaélien,34825,C2
irréversibilité,34832,C2
vulgariser,34833,C2
afro-asiatique,34835,C2
finitude,34836,C2
circonvallation,34837,C2
usinage,34839,C2
circularité,34841,C2
décrédibiliser,34842,C2
ivrognesse,34845,C2
véridiquement,34846,C2
vacataire,34847,C2
maganer,34848,C2
cisaillant,34849,C2
agonique,34851,C2
stylomine,34853,C2
agranulocytose,34855,C2
agroalimentaire,34858,C1
déflationniste,34860,C2
jaquemart,34863,C2
rhéteur,34866,C2
rajeunissant,34868,C2
jaunissement,34869,C2
classiquement,34870,C1
yearling,34871,C2
malléolaire,34873,C2
floréal,34877,C2
airedale,34878,C2
aisseau,34879,C2
mam'zelle,34880,C2
zozotement,34884,C2
albanophone,34886,C2
jeunement,34887,C2
maniabilité,34891,C2
dénaturation,34897,C2
rechargement,34898,C2
manubrium,34899,C2
jumelage,34901,C1
cluse,34902,C2
méditativement,34903,C2
vidéoconférence,34904,C2
dépersonnalisation,34905,C2
alitement,34907,C2
allitératif,34909,C2
allochtone,34912,C2
allostérique,34915,C2
déroulant,34916,C2
kantien,34921,C2
désalinisation,34922,C2
élastomère,34923,C2
refinancement,34924,C2
désarrimage,34926,C2
altérable,34928,C2
maximaliser,34929,C2
suédine,34930,C2
méticulosité,34931,C2
aluette,34933,C2
refroidissant,34935,C2
colletin,34938,C2
collégialité,34941,C2
poétiser,34944,C2
détartrant,34949,C2
verdissant,34951,C2
windsurf,34952,C2
détaxe,34953,C2
francophonie,34954,C2
primordialement,34958,C2
franglais,34964,B1
l'une,34966,C2
kéfir,34971,C2
fricatif,34975,C2
séraphique,34978,C2
laisser-faire,34980,C2
complémentairement,34981,C2
anarchisant,34982,C2
eidétique,34983,C2
zirconium,34985,C2
microchimie,34987,C2
angiocholite,34989,C2
revitalisant,34992,C1
laminage,34994,C2
comput,34998,C2
anglophobe,35000,C2
angor,35002,C2
empalement,35003,C2
angéite,35006,C2
rhodium,35007,C2
écholocalisation,35009,C2
rhumatologue,35011,C2
anionique,35012,C2
rial,35015,C2
landwehr,35016,C2
anophèle,35017,C2
égaliseur,35019,C2
anthonome,35021,C2
rimeur,35024,C2
anthracose,35025,C2
lapement,35026,C2
anthracène,35027,C2
anthraquinone,35029,C2
mitochondrial,35030,C2
abandonnique,35031,C2
confédéral,35032,C2
anthropologiquement,35033,C2
mitotique,35036,C2
anthropomorphiser,35037,C2
endommagement,35038,C2
fusiforme,35041,C2
mnémotechnique,35043,C2
numide,35045,C2
leucoplasie,35048,C2
leucopénie,35051,C2
consistoire,35053,C2
abornement,35054,C2
modélisme,35056,B1
nymphéa,35057,A1
émetteur-récepteur,35058,C2
aboulique,35059,C2
féminiser,35060,C1
abricotine,35067,C2
enrayement,35068,C2
abréviatif,35073,C2
abscission,35076,C2
sacramentel,35078,C2
absidiole,35081,C2
vénerie,35086,C2
galalithe,35089,C2
linguistiquement,35096,C2
épiphyte,35098,C2
épisiotomie,35102,C2
accolement,35105,C2
contre-mine,35106,C2
ergotamine,35107,C2
monumentalement,35108,C2
liquoriste,35115,C2
erpétologiste,35116,C2
érythrophobie,35123,C2
accrue,35124,C1
ganaderia,35128,C2
odéon,35133,C2
essuyeur,35135,C2
éthylotest,35136,C2
estampage,35141,C2
acrimonieusement,35145,C2
zigzagant,35147,C2
locomoteur,35150,C2
offertoire,35152,C2
liquoreux,35154,C2
acrotère,35157,C2
gardian,35158,C2
coq-à-l'âne,35165,C2
lorette,35167,C2
livarot,35170,C2
gauchisme,35174,C2
thermogène,35175,C2
réticulé,35177,C2
adiposité,35178,C2
corderie,35184,C2
admixtion,35191,C2
gazier,35192,C2
corindon,35193,C2
adoptable,35205,C2
saccharose,35206,C2
germanisme,35210,C2
adret,35211,C2
saie,35216,C2
antibruit,35220,C2
opéra-comique,35221,B1
saumoné,35223,C2
corvéable,35224,C2
anticholinergique,35226,C2
mutabilité,35229,C2
gibbeux,35231,C2
anticonstitutionnellement,35232,C2
oratorien,35234,C2
anticyclique,35235,C2
affinage,35236,C2
cosmographie,35239,C2
antidopage,35240,C2
excentrer,35244,C2
antiesclavagiste,35247,C2
exobiologie,35251,C2
antigravité,35255,C2
églantier,35256,C2
agami,35258,C2
expansible,35260,C2
antilogique,35263,C2
expansionniste,35264,C2
agglo,35265,C2
antimicrobien,35266,C1
coulissier,35270,C2
magnétiseur,35272,C2
médiumnité,35276,C2
extorqueur,35278,C2
antipelliculaire,35279,C2
agnelage,35282,C2
extragalactique,35285,C2
scalène,35287,C2
agneline,35288,C2
antiquark,35291,C2
agoniste,35293,C2
agrainage,35295,C2
antisportif,35296,C2
épaissement,35297,C2
lémure,35298,C2
antiterrorisme,35302,C2
antivariolique,35306,C2
malvoisie,35308,C2
farter,35309,C2
gonfalon,35310,C2
antiémeute,35311,C2
gonfanon,35313,C2
antiémétique,35314,C2
gonfleur,35319,C2
sconse,35322,C2
crapuleusement,35323,C2
gordien,35325,C2
aplasie,35328,C2
façonnable,35329,C2
scrutation,35331,C2
aixois,35332,C2
apocope,35334,C2
madrépore,35335,C2
feinteur,35337,C2
aponévrotique,35338,C2
goudronneux,35341,C2
gougère,35344,C2
nasopharynx,35345,C2
crayonneur,35346,C2
applaudisseur,35347,C2
alarmisme,35348,C2
maigrement,35349,C2
cressonnière,35350,C2
natrémie,35351,C2
serpette,35352,C2
naturopathe,35354,C2
appui-tête,35363,C2
alcoomètre,35364,C2
septicémique,35365,C2
fictionnel,35366,C2
aquaculture,35372,C2
algébriquement,35373,C2
neurochimie,35375,C2
filmage,35377,C2
grainer,35379,C2
graineterie,35381,C2
aragonite,35382,C2
alisier,35383,C2
araire,35384,C2
neuronique,35386,C2
fissionner,35392,C2
neuropsychiatrie,35394,C2
allumoir,35395,C2
arboricole,35396,B1
arboriculteur,35399,C2
pantagruélique,35400,C2
manade,35403,C2
cruciverbiste,35405,C2
fliquesse,35409,C2
altièrement,35410,C2
granulé,35413,C2
matraqueur,35415,C2
crépinette,35417,C2
argumentateur,35421,C2
amaurose,35423,C2
nombrilisme,35424,C2
ambon,35428,C2
armon,35429,C2
cuisinette,35433,C2
mantelet,35437,C2
arthropathie,35440,C2
parcellaire,35441,C2
arthroplastie,35444,C2
arthroscopie,35445,C2
manécanterie,35446,C2
fondamentalisme,35447,C2
cul-de-poule,35448,C2
artificialité,35449,C2
smegma,35450,C2
marger,35459,C2
sociopathie,35465,C2
ampélopsis,35467,C2
améliorable,35469,C2
grivèlerie,35470,C2
américanité,35471,C2
ascorbique,35473,C2
custode,35475,C2
solipsiste,35477,C2
asexualité,35478,C2
anachroniquement,35479,C2
cymbalum,35481,C2
parturiente,35485,C2
cyprinidé,35488,C2
marquisat,35489,C2
soudage,35490,C2
cypriote,35492,C2
marrane,35493,C2
anatomiser,35494,C2
câlinement,35497,C2
frugivore,35499,C2
cédulaire,35502,C2
gueuletonner,35504,C2
assujettissant,35506,C2
cégétiste,35507,C2
assurable,35510,C2
néphrectomie,35512,C2
ancolie,35513,C2
maréchalerie,35514,C2
sous-qualifié,35515,C2
néphrologue,35516,C2
assurance-chômage,35517,C2
andante,35518,C2
guignolet,35519,C2
néroli,35520,C2
céruse,35522,C2
sous-système,35523,C2
androgynie,35525,C2
sous-bibliothécaire,35527,C2
sous-traitance,35529,C2
observable,35530,C2
obstructif,35533,C2
astrologiquement,35537,C2
patrimonial,35539,B2
astrométrie,35540,C2
patriotard,35541,C2
anglomanie,35546,C2
mi-février,35547,C2
galago,35548,C2
anglophobie,35549,C2
asynchrone,35550,C2
dakarois,35551,C2
ataxie,35552,C2
athéiste,35556,C2
athénée,35559,C2
galvanisme,35560,C2
attaquable,35565,C2
maussadement,35568,C2
atteignable,35571,C2
attendrisseur,35574,C2
mi-juin,35577,C2
oléfine,35583,C2
omnidirectionnel,35588,C2
gazométrie,35593,C2
gazéifier,35594,C2
haillonneux,35595,C2
audiogramme,35597,C2
haire,35599,C2
audiométrie,35600,C2
auditer,35605,C2
vacherin,35609,C2
germanité,35613,C2
vairon,35615,C2
haquet,35616,C2
autodrome,35630,C2
haut-de-chausses,35632,C2
autofinancement,35637,C2
stridor,35639,C2
autoguidé,35643,C2
styrène,35650,C2
ostéomyélite,35652,C2
autoplastie,35656,C2
dermatose,35662,C2
microscopiquement,35665,C2
vendangeur,35666,C2
autoritairement,35668,C2
subconsciemment,35672,C2
autorégulateur,35673,C2
ressemelage,35675,C2
subduction,35677,C2
mijoteuse,35686,C2
avant-bec,35687,C2
dextrement,35688,C2
oxymétrie,35689,C2
antibrouillard,35691,C2
anticalcaire,35695,C2
anticatholique,35696,C2
avicole,35697,C2
minage,35698,C2
diatonique,35702,C2
anticipatoire,35704,C2
anticolonialisme,35706,C2
avitailler,35709,C2
anticonformisme,35710,C2
supposément,35712,C2
dilatable,35713,C2
antifascisme,35718,C2
azimutal,35720,C2
antiféminisme,35721,C2
azoospermie,35722,C2
horizontalité,35725,C2
azoïque,35726,C2
antimarxiste,35727,C2
gros-porteur,35729,C2
dirimant,35731,C2
aérologie,35733,C2
hostilement,35737,C2
modérateur,35738,C2
disjonction,35741,C2
surfacturation,35743,C2
antipoliomyélitique,35745,C2
antirépublicain,35753,C2
antisepsie,35755,C2
guède,35756,C2
bactériémie,35759,C2
bafouilleur,35762,C2
surtaxer,35763,C1
hussite,35765,C2
antispasmodique,35766,C2
génératif,35768,C2
rocambole,35772,B2
antonomase,35776,C2
pithécanthrope,35777,C2
monomoteur,35778,C2
syndicalisation,35780,C2
antérograde,35781,C2
dogaresse,35782,C2
anémométrique,35783,C2
aoûtien,35788,C2
domptage,35797,C2
baragouineur,35799,C2
aphérèse,35800,C2
baraterie,35803,C2
apion,35804,C2
hypocras,35805,C2
halte-garderie,35806,C2
apivore,35807,C2
moralisation,35808,C2
apodictique,35810,C2
dormition,35811,C2
morbidement,35812,C2
apolitisme,35814,C2
peptide,35815,C2
hyposulfite,35816,C2
peptique,35817,C2
bardage,35818,C2
apostume,35819,C2
apothicairerie,35821,C2
barotraumatisme,35822,C2
mornement,35823,C2
sémiotique,35824,C2
barye,35827,C2
baryon,35829,C2
baryté,35831,C2
appesantissement,35833,C2
haussier,35834,C2
perspiration,35836,C2
approbatif,35837,C2
tachyarythmie,35839,C2
approbativement,35840,C2
tacler,35842,C2
héréditairement,35844,C2
dribbleur,35847,C2
hérésiarque,35848,C2
hilaire,35850,C2
bathymétrique,35851,C2
bathysphère,35852,C2
aquitain,35853,C2
hippisme,35854,C2
baud,35857,C2
hirsutisme,35858,C2
dubitativement,35859,C2
hispanophone,35863,C2
iconostase,35871,C2
microcéphale,35872,C2
microsillon,35874,C2
multidisciplinaire,35875,A2
bellot,35880,C2
archaïsant,35884,C2
benthique,35887,C2
muriatique,35889,C2
benzidine,35890,C2
phrénologie,35891,C2
ânier,35892,C2
phtaléine,35894,C2
tartarin,35897,C2
illustrement,35899,C2
benzylique,35900,C2
débilitation,35906,C2
archiconnu,35910,C2
débrouillage,35915,C2
archiépiscopal,35916,C2
immodérément,35917,C2
immoralisme,35918,C2
décaisser,35919,C2
thermite,35924,C2
bimestre,35928,C2
thermographie,35930,C2
moelleusement,35934,C2
biogénique,35937,C2
thiamine,35939,C2
arianisme,35942,C2
décervelage,35944,C2
médico-social,35946,C2
aristocratiquement,35948,C2
piètrement,35949,C2
révérendissime,35950,C2
aristocratisme,35951,C2
thymine,35953,C2
bioélectrique,35956,C2
thyroïdien,35957,C2
mélodieusement,35960,C2
armadille,35961,C2
armorial,35964,C2
biphényle,35965,C2
théophylline,35968,C2
biréfringence,35971,C2
décorticage,35972,C2
décours,35974,C2
arrache-clou,35976,C2
bitoniau,35977,C2
impénétrabilité,35979,C2
impéritie,35982,C2
hébéphrénique,35984,C2
arrière-main,35988,C2
blastula,35989,C2
métapsychologie,35990,C2
hématurie,35993,C2
métayage,35994,C2
moqueusement,35996,C2
bloc-cylindres,35999,C2
bloc-moteur,36000,C2
toiletteur,36001,C2
météoriquement,36002,C2
bloomer,36003,C2
tokamak,36004,C2
héroïnomane,36006,C2
météoritique,36007,C2
toluène,36010,C2
défrichage,36011,C2
arsénieux,36016,C2
nanard,36019,C2
ichtyologiste,36024,C2
dégorgement,36025,C2
incivil,36027,C2
artériectomie,36028,C2
pollinisateur,36029,C2
incoerciblement,36030,C2
natatoire,36032,C2
aréopagite,36034,C2
polyarthrite,36035,C2
incomplètement,36037,C2
déicide,36040,C2
illégitimement,36041,C2
sanhédrin,36042,C2
inconditionné,36044,C2
nettoyable,36045,C2
bossage,36047,C2
presbytie,36049,C2
immunodéprimé,36050,C2
asilaire,36051,C2
botaniquement,36052,C2
immunologie,36053,C2
polyvinylique,36054,C2
incrédibilité,36058,C2
neutralisateur,36061,C2
impassable,36062,C2
nictitant,36068,C2
moutonnier,36069,C2
principat,36071,C2
bougonnement,36073,C2
démotique,36075,C2
astic,36077,C2
satinette,36079,C2
boulonnage,36081,C2
municipe,36082,C2
transgresseur,36085,C2
dénivelé,36086,C2
nixe,36089,C2
industriellement,36092,B2
transitionnel,36093,C2
étymologique,36094,C2
déparler,36095,C2
tout-à-l'égout,36103,C2
brachiocéphalique,36105,C2
incombustible,36106,C2
attisement,36109,C2
indépassable,36110,C2
tragi-comique,36111,C2
brancarder,36114,C2
brandevin,36115,C2
bregma,36120,C2
inexprimablement,36121,C2
brette,36126,C2
déraisonnablement,36127,C2
augustinien,36128,C2
aulique,36129,C2
protonotaire,36132,C2
infernalement,36135,C2
auner,36140,C2
désarticulation,36145,C2
procédural,36146,C2
aurone,36147,C2
scintillation,36148,C2
inexploitable,36149,C2
bronchoscope,36150,C2
auréomycine,36152,C2
triplex,36156,C2
inflammabilité,36157,C2
désensorceler,36159,C2
autan,36160,C2
budgétisation,36162,C2
innocuité,36170,C2
semoncer,36172,C2
injouable,36174,C2
mévente,36179,C2
burkinabé,36180,C2
insectivore,36181,C2
tumescence,36182,C2
préventivement,36186,C2
néoclassique,36195,C2
tél,36197,C2
déviationnisme,36198,C2
bécher,36199,C2
narquoisement,36200,C2
avant-port,36201,C2
interdépendant,36205,C1
nautonier,36206,C2
dévotieusement,36208,C2
objectal,36209,C2
bétoine,36210,C2
avitaminose,36211,C2
obliquité,36212,C2
bézoard,36216,C2
bêtatron,36219,C2
intellectualiser,36220,C2
avunculat,36224,C2
axiomatisation,36226,C2
axonge,36228,C2
intercalaire,36229,C2
siennois,36233,C2
psychopharmacologie,36238,C2
pusillanimité,36239,C2
ufologie,36243,C2
odelette,36244,C2
cagou,36250,C2
publireportage,36251,C2
bachi-bouzouk,36253,C2
caillette,36255,C2
unitarien,36257,C2
badigeonneur,36259,C2
calao,36260,C2
invalidation,36261,C2
introït,36266,C2
pylorique,36267,C2
uretère,36268,C2
calendaire,36269,C2
pyroclastique,36272,C2
baillive,36273,C2
urétrite,36274,C2
baisement,36277,C2
pyréthrine,36279,C2
pédieux,36284,C2
cambiste,36285,C2
isométrique,36292,C2
balistiquement,36293,C2
opercule,36295,C2
canche,36298,C2
ballote,36299,C2
irréellement,36303,C2
oppositionnel,36304,C2
irréprochablement,36309,C2
ululement,36310,C2
oralité,36311,C2
quadrangle,36312,C2
encaver,36316,C2
uniment,36318,C2
verbalisation,36319,C2
ordo,36321,C2
capilliculteur,36324,C2
capitanat,36326,C2
capitulard,36328,C2
orientaliste,36333,C2
judéité,36337,C2
caractérisation,36339,C2
névé,36340,C2
carboné,36345,C2
vidéophone,36347,C2
englobant,36349,C2
oscillomètre,36350,C2
barbotière,36351,C2
cardia,36352,C2
vinicole,36356,A1
ostéopathie,36357,C2
cardiographe,36359,C2
cardiographie,36361,C2
variqueux,36364,C2
cardite,36366,C2
baryte,36369,C2
viticole,36371,C2
oflag,36375,C2
vaticination,36378,C2
basin,36379,C2
carotène,36382,C2
radiotéléphone,36387,C2
volatilité,36388,C2
carriérisme,36389,C2
jonchaie,36391,C2
raffineur,36394,C2
cartomancie,36398,C2
pagination,36401,C2
jouteur,36402,A1
vélar,36403,C2
quiétisme,36404,C2
jubé,36407,C2
bavocher,36408,C2
véronal,36410,C2
juvénilité,36420,C2
beethovénien,36423,C2
oppidum,36424,C2
wombat,36426,C2
belliqueusement,36429,C2
woofer,36430,C2
eschatologie,36433,C2
xylophoniste,36436,C2
cathétérisme,36437,C2
kantisme,36439,C2
recenseur,36441,C2
catécholamine,36447,C2
bercelonnette,36448,C2
katangais,36449,C2
lance-grenade,36450,C2
khamsin,36452,C2
espingole,36454,C2
largable,36456,C2
recorder,36459,C2
besaiguë,36460,C2
beurrage,36467,C2
laxité,36469,C2
redimensionner,36471,C2
knout,36473,C2
bibliographe,36474,C2
bibliophilique,36477,C2
challengeur,36478,C2
bidimensionnel,36483,C2
chancel,36484,C2
labre,36487,C2
ramée,36488,C2
chansonner,36490,C2
biface,36493,C2
relancement,36494,C2
ligamentaire,36495,C2
bigarreau,36496,C2
ladrerie,36497,C2
lagunaire,36499,C2
limiteur,36500,C2
lainier,36503,C2
lingala,36505,C2
surajouter,36509,C2
bilinguisme,36511,B2
paroxysmique,36518,C2
chiasme,36521,C2
ex-libris,36522,C2
partageable,36525,C2
bisette,36528,C2
palmipède,36531,C2
chiffrable,36534,C2
palmiste,36535,C2
logarithmique,36540,C2
épidémiologique,36541,C1
épithélial,36552,C2
latinité,36553,C2
panetier,36554,C2
chlorique,36556,C2
patagon,36557,C2
chloroplaste,36558,C2
panka,36560,C2
louisianais,36563,C2
laurier-cerise,36565,C2
lucilie,36569,C2
cholique,36570,C2
pantalonnade,36573,C2
recrépir,36574,C2
exhalant,36578,C2
chromage,36582,C2
exhaustivement,36583,C2
chromatogramme,36585,C2
chronographe,36590,C2
létalité,36594,C2
lévitique,36598,C2
relaps,36604,C2
événementiel,36606,C2
machmètre,36608,C2
îlotier,36609,C2
chélate,36610,C2
boc,36614,C2
extatiquement,36615,C2
cidrerie,36616,C2
liche,36617,C2
bocard,36618,C2
rotulien,36619,C2
madrague,36620,C2
cigarettier,36621,C2
cintrage,36626,C2
ligure,36631,C2
parousie,36632,C2
parpaillot,36635,C2
réabonner,36636,C2
renouée,36637,C2
réabsorption,36638,C2
bonassement,36639,C2
bonasserie,36640,C2
bonification,36641,C2
replâtrage,36643,C2
mammectomie,36647,C2
pascalien,36648,C2
faluche,36649,C2
réarrangement,36650,C2
bordier,36652,C2
réassignation,36653,C2
mandibulaire,36654,C2
fantasmagorique,36663,C2
fantasmatiquement,36665,C2
récursif,36668,C2
retisser,36670,C2
réductionnisme,36671,C2
bostonner,36672,C2
longeron,36676,C2
revancher,36678,C2
bouchage,36680,C2
fauchard,36681,C2
faunesque,36683,C2
énigmatiquement,36684,C2
marimba,36685,C2
bouchonné,36686,C2
louangeur,36687,C2
réhydratation,36688,C2
fauverie,36691,C2
coati,36693,C2
paupérisation,36694,C2
bouffonnement,36697,C2
faîtière,36699,C2
masquage,36702,C2
faïencier,36705,C2
rhéostat,36706,C2
mastère,36710,C2
louvoyant,36711,C2
résoluble,36713,C2
boulangisme,36714,C2
codon,36715,C2
coeliaque,36716,C2
boulodrome,36718,C2
fendillement,36719,C2
boulonnais,36720,C2
boulonnerie,36722,C2
rétropropulsion,36724,C2
cofinancement,36725,C2
rétrospection,36727,C2
pie-mère,36729,C2
bouqueté,36730,C2
rééligible,36736,C2
feuillaison,36742,C2
colectomie,36744,C2
sacculine,36746,C2
colleuse,36753,C2
boursicotage,36757,C2
boursouflement,36760,C2
piquier,36764,C2
colorectal,36765,C2
pisciculteur,36768,C2
boutargue,36770,C2
fier-à-bras,36772,C2
colposcopie,36773,C2
lépidoptère,36774,C2
lésine,36776,C2
pituite,36777,C2
comestibilité,36778,C2
bouvet,36780,C2
sanderling,36781,C2
commandité,36782,C2
pivotement,36783,C2
microanalyse,36785,C2
compactage,36786,C2
microgramme,36790,C2
comparabilité,36792,C2
madapolam,36794,C2
comparoir,36795,C2
fixage,36796,C2
brachycéphale,36799,C2
tintinnabulant,36802,C2
brahmanique,36804,C2
milliardième,36805,C2
millénariste,36807,C2
compromissoire,36808,C2
phosphène,36809,C2
concaténation,36811,C2
mini-ordinateur,36812,C2
brasage,36814,C2
braser,36816,C2
fleurissement,36817,B1
conceptuellement,36818,C2
majorat,36821,C2
togolais,36823,C2
mal-baisé,36824,C2
flip-flap,36826,C2
condenseur,36829,C2
florissait,36832,C2
conductibilité,36833,C2
fluidement,36835,C2
picrique,36840,C2
brigantine,36841,C2
pluviosité,36846,C2
conjurateur,36847,C2
pneumocoque,36850,C1
briquetier,36851,C2
scénographe,36853,C2
constructivisme,36855,C2
brocatelle,36856,C2
segmentaire,36857,C2
monoclonal,36861,C2
contextualiser,36862,C2
contextuel,36864,C2
contingentement,36866,C2
polarisant,36868,C2
bronzier,36869,C2
contractile,36871,C2
septicité,36872,C2
brossier,36874,C2
contre-emploi,36875,C2
brouillade,36877,C2
polycopie,36880,C2
morave,36881,C2
servofrein,36883,C2
fractionnel,36887,C2
contre-transfert,36888,C2
brunissoir,36889,C2
shampooiner,36891,C2
buccinateur,36895,C2
budgétairement,36897,C2
motilité,36899,C2
shogunal,36900,C2
francisation,36902,C2
maronite,36904,C2
motocyclisme,36905,C2
coopératisme,36915,C2
bureaucratiquement,36917,C2
copal,36922,C2
copiable,36923,C2
martyrologe,36926,C2
coppa,36927,C2
byronien,36928,C2
multicellulaire,36932,C2
sittelle,36939,C2
porte-papier,36948,C2
pluralité,36949,B1
multiplexer,36950,C2
cornemuseur,36952,C2
béguinage,36953,C2
correspondancier,36956,C2
smurf,36957,C2
bélinogramme,36958,C2
musicologique,36960,C2
corréler,36962,C2
bénignement,36963,C2
poche-revolver,36964,C2
matrilinéaire,36968,C2
mutagène,36969,C2
bénévolence,36970,C2
costaricain,36973,C2
cotonnière,36978,C2
mauvaiseté,36980,C2
postmodernisme,36981,C2
fructification,36984,C2
coumarine,36985,C1
méforme,37002,C2
court-courrier,37003,C2
mensongèrement,37004,C2
pouillot,37005,C2
sorbitol,37006,C2
polychromie,37009,C2
mégalopole,37011,C2
couvade,37013,C2
sous-couche,37014,C2
mémorisation,37016,C2
cacodylate,37017,C2
furonculose,37019,C2
caducité,37022,C2
mésomorphe,37025,C2
futilement,37029,C2
mésosphère,37030,C2
sauciflard,37032,C2
meursault,37033,C2
crapoter,37034,C2
métaboliser,37035,C2
crase,37039,C2
primerose,37041,C2
spasticité,37044,C2
mi-août,37045,C2
gaillardise,37049,C2
cairote,37051,C2
scansion,37054,C2
crossman,37055,C2
caldarium,37059,C2
gallicanisme,37060,C2
calebassier,37062,C2
gallo-romain,37065,A2
spirographe,37067,C2
cryptogamique,37072,C2
spongiforme,37074,C2
calligraphiquement,37078,C2
sprinteur,37080,C2
callipyge,37081,C2
neurobiologiste,37084,C2
calus,37085,C2
crésol,37088,C2
protège-cahier,37089,C2
camarilla,37091,C2
neurologiquement,37093,C2
urbanité,37094,C2
garde-voie,37096,C2
neuroplégique,37098,C2
cueillaison,37100,C2
neuropsychologue,37101,C2
semainier,37103,C2
cananéen,37108,C2
cumulard,37109,C2
cancériser,37110,C2
cureter,37116,C2
cangue,37118,C2
préhensile,37119,C2
canoniquement,37122,C2
seringuer,37123,C2
subaquatique,37125,C2
cybermonde,37128,C2
successoral,37135,C2
capitalement,37136,C2
capitulaire,37142,C2
gibbosité,37147,C2
sulfuré,37148,C2
psychopathologique,37149,C2
cystotomie,37150,C2
cytoplasmique,37154,C2
nucléique,37155,C2
verbalisme,37158,C2
caquelon,37159,C2
superordinateur,37160,C2
prononçable,37161,C2
câblier,37164,C2
supertanker,37165,C2
gigantomachie,37166,C2
caracole,37168,C2
caractérologie,37171,C2
céphaline,37177,C2
surcapacité,37180,C2
cardioïde,37184,C2
dadaïsme,37187,C2
glane,37188,C2
néoréalisme,37189,C2
damasquinage,37191,C2
surgénérateur,37195,C2
dateur,37198,C2
vicomté,37199,C2
prytanée,37201,C2
daubière,37203,C2
octuple,37207,C2
oculus,37208,C2
cartoucherie,37211,C2
demi-finaliste,37212,C2
caréné,37213,C2
sodomisation,37214,C2
surélévation,37215,C2
violoneux,37218,C2
péjorativement,37222,C2
soldatesque,37224,C2
oisivement,37225,C2
midship,37229,C2
cassitérite,37233,C2
synergétique,37234,C2
périodicité,37238,C2
prête-nom,37241,C2
ondatra,37244,C2
minaudière,37246,C2
dermeste,37247,C2
goudronnage,37248,C2
catarrhal,37250,C2
ontologiquement,37251,C2
sécessionniste,37252,C2
pétitionner,37254,C2
ophtalmologique,37257,C2
gouleyant,37258,C2
ophtalmoscope,37259,C2
catherinette,37260,C2
séléniure,37263,C2
cathédral,37264,C2
catoblépas,37269,C2
dexaméthasone,37270,C2
catéchèse,37273,C2
caudillo,37277,C2
quarté,37282,C2
orphie,37283,C2
dialogique,37285,C2
modicité,37287,C2
diamine,37289,C2
puîné,37291,C2
pyromètre,37294,C2
osmium,37295,C2
dichroïque,37296,C2
osmonde,37298,C2
grandiosement,37303,C2
cellulairement,37304,C2
ostéogenèse,37308,C2
diligenter,37310,C2
dimensionnement,37312,C2
censier,37313,C2
oto-rhino-laryngologiste,37314,C2
gratte-cul,37320,C2
dipsomanie,37322,C2
directorat,37326,C2
ovipare,37327,C2
discographie,37328,C2
chaconne,37331,C2
rabaissement,37332,C2
gribiche,37333,C1
dispensable,37334,C2
pédérastique,37335,C2
dispersif,37337,C2
raboteur,37341,C2
dissimiler,37346,C2
distanciation,37352,C2
radicule,37353,C2
diététiste,37358,C2
thermosensible,37359,C2
ébénisterie,37360,C2
chaotiquement,37361,C2
thessalien,37362,C2
paqueté,37364,C2
radiomètre,37365,C2
radiophare,37367,C2
dolique,37369,C2
radioscopique,37370,C2
donquichottisme,37374,C2
thyroïdectomie,37375,C2
écrase-merde,37378,C2
raffinage,37379,C2
théologiquement,37381,C2
chartiste,37382,C2
théosophie,37386,C2
double-fond,37387,C2
superstitieusement,37390,C2
tictaquer,37391,C2
gustation,37398,C2
dressing-room,37402,C2
musard,37405,C2
gymnique,37406,C2
gymnosophiste,37409,C2
gypseux,37410,C2
droséra,37412,C2
chevaleresquement,37413,C2
chevillage,37418,C2
mutité,37424,C2
rassortir,37425,C2
surmulot,37426,C2
émollient,37428,C2
tonka,37429,C1
myriophylle,37431,C2
duopole,37432,C2
dupeur,37433,C2
myéloblaste,37438,C2
chimériquement,37443,C2
dynamométrique,37445,C2
reborder,37446,C2
chinchard,37447,C2
dyscrasie,37451,C2
dysménorrhée,37455,C2
chiraquien,37456,C2
médiéviste,37459,B2
dysphonie,37460,C2
philatélie,37461,C2
chitineux,37462,C2
chiton,37463,C2
dysurie,37464,C2
chlorophyllien,37468,C1
radical-socialisme,37472,C2
photojournalisme,37476,C2
débogage,37477,C2
transcutané,37478,C2
radiophonie,37481,C2
déboisement,37482,C2
transduction,37484,C2
débouchage,37486,C2
déboursement,37490,C2
phototaxie,37491,C2
déboîtement,37492,C2
photoélectrique,37493,C2
chouettement,37494,C2
transsudat,37498,C2
heptagone,37500,C2
décaissement,37502,C2
décalcification,37503,C2
chroniquement,37507,B1
phénoménologique,37509,C2
décanteur,37512,C2
hercynien,37513,C2
nacarat,37514,C2
décapage,37515,C2
trekking,37521,C1
hessois,37522,C2
churrigueresque,37523,C2
déchouer,37524,C2
déci,37525,C2
décimalisation,37531,C2
hippocratique,37532,C2
décimateur,37535,C2
hippophagique,37536,C2
châtellenie,37537,C2
pinailleur,37541,C2
historicité,37542,C2
nerprun,37544,C2
décompensation,37546,C2
chétivement,37547,C2
décomposeur,37551,C2
hochepot,37552,C2
décomprimer,37556,C2
déconditionner,37558,C2
cicatrisable,37562,C2
décongestion,37563,C2
déconsidération,37565,C2
décortication,37570,C2
découplage,37573,C2
nivellement,37576,C2
renflouement,37580,C2
cinéraire,37585,C2
cinérama,37586,C2
houiller,37587,C2
non-conformisme,37590,C2
cipolin,37591,C2
repaver,37592,C2
défens,37593,C2
circulairement,37595,C2
hoyau,37596,C2
hugolien,37601,C2
republier,37604,C2
humanisation,37606,C2
ciselet,37607,C2
nostalgiquement,37610,C2
télédiffuser,37614,C2
notariat,37616,C2
pluviométrie,37617,C2
hydroquinone,37624,C2
hygrométrique,37627,C2
dégonflement,37629,C2
dégradable,37633,C2
tétramètre,37643,C2
polarisé,37645,C2
hyperréaliste,37646,C2
hypnotiquement,37653,C2
néo-colonialisme,37654,C2
hypocondre,37656,C2
cliquettement,37657,C2
néo-gothique,37658,C2
polliniser,37659,C2
dématérialisation,37662,B1
démonomanie,37666,C2
démotivation,37670,B2
polymérique,37671,C2
néréide,37672,C2
thuriféraire,37674,C2
dénatalité,37678,C2
oblatif,37679,C2
clubman,37680,C2
dénazifier,37681,C2
oblation,37682,C2
rimailleur,37683,C2
clunisien,37684,C2
théorbe,37685,C2
déneigement,37686,C2
cléricature,37688,C2
dénominatif,37690,C2
vaginite,37691,C2
obérer,37692,C2
porte-bébé,37694,C2
coadjuteur,37696,C2
hétérogénéité,37697,C2
variance,37698,C2
dépoudrer,37699,C2
posemètre,37701,C2
ibère,37704,C2
vasoconstriction,37706,C2
dépénaliser,37711,C2
officialité,37712,C2
tirebouchonner,37716,C2
dérogatoire,37718,B1
velum,37719,C2
postnatal,37724,C2
iguanodon,37725,C2
rosicrucien,37726,C2
déréguler,37727,C2
colcotar,37729,C2
illusoirement,37731,C2
roséole,37736,C2
rotatoire,37739,C2
désaminase,37740,C2
imaginairement,37742,C2
collimation,37743,C2
revendicatif,37744,C2
désastreusement,37745,C2
colloïde,37747,C2
omnium,37749,C2
imitable,37752,C2
presse-citron,37753,C2
one-step,37754,C2
immensurable,37757,C2
rousseauiste,37758,C2
royalty,37764,C2
immunogène,37765,C2
optatif,37770,C2
impassiblement,37777,C2
désoxygénation,37779,C2
commensalisme,37780,C2
viticulture,37782,C2
imperméabilité,37783,C2
désynchronisation,37784,C2
ordonnancer,37785,C2
communicabilité,37786,C2
prophase,37788,C2
orléanisme,37793,C2
oronge,37795,C2
détrônement,37796,C2
impréparation,37797,C2
déventer,37799,C2
végétarisme,37803,C2
dévissable,37805,C2
wagon-bar,37807,C2
inabouti,37812,C2
précambrien,37813,C2
conclaviste,37814,C2
préchauffage,37816,C2
régalien,37817,B1
concordat,37818,C2
ectasie,37820,C2
ectodermique,37822,C2
ouvriériste,37823,C2
conditionnellement,37826,C2
inassimilable,37827,C2
rongeant,37830,C2
xylène,37831,C2
effluent,37832,C2
confluent,37833,A1
incarnat,37836,C2
confraternellement,37838,C2
résiliable,37840,C2
embolique,37843,C2
incomestible,37847,C2
incommensurablement,37850,C2
congrûment,37851,C2
préélectoral,37853,C2
rouf,37854,C2
conjugalement,37855,C2
embryologie,37856,C2
embryologiste,37857,C2
psychochirurgie,37860,C2
emmental,37861,C2
inconsommable,37864,C2
emmurement,37866,C2
palimpseste,37867,C2
psychométrique,37868,C2
psychopathie,37871,C2
écaillage,37872,C2
empenne,37873,C2
rééquilibrage,37874,C2
consoude,37875,C2
palmette,37876,C2
psychorigide,37877,C2
rônier,37879,C2
indestructibilité,37883,C2
encaissable,37886,C2
encastrement,37888,C2
enceinter,37891,C2
puncheur,37892,C2
consécution,37894,C2
encensement,37895,C2
contemplativement,37897,C2
contiguïté,37899,C2
trémoussement,37902,C2
trémulation,37904,C2
salivation,37906,C2
endocarde,37907,C2
tsarisme,37911,C2
contre-exemple,37914,C2
endomorphine,37918,C2
indémontrable,37919,C2
tuffeau,37923,C2
endoscopique,37926,C2
sanctification,37927,C2
éliminateur,37928,C2
papetier,37932,C2
pénologie,37936,C2
enjuiver,37940,C2
enkyster,37941,C2
sarriette,37945,C2
parallélépipédique,37946,C2
infinitude,37948,C2
conventuellement,37949,C2
épilatoire,37951,C2
inflexiblement,37952,C2
ente,37954,C2
tératologique,37957,C2
tétanique,37961,C2
quadrimoteur,37962,C2
parlementarisme,37963,C2
inglorieux,37968,C2
révulsif,37969,C2
révérencieusement,37972,C2
coprologie,37973,C2
inguinal,37974,C2
ingurgitation,37975,C2
quart-monde,37976,C2
coprophage,37977,C2
érythémateux,37982,C2
copte,37983,C2
inintelligence,37987,C2
étatisation,37988,C2
entérique,37990,C2
coquemar,37994,C2
entérocolite,37995,C2
sabretache,37996,C2
pas-de-porte,38001,C2
scirpe,38003,C2
ergol,38005,C2
coquinement,38007,C2
ergotage,38008,C2
scolarisation,38011,C2
cordouan,38013,C2
insincère,38017,C2
insipidité,38019,C2
espionite,38020,C2
insondablement,38021,C2
salariat,38022,C2
radicaliser,38026,C2
sectionnement,38028,C2
radiocassette,38031,C2
inséparablement,38032,C2
ethniquement,38033,C2
pauchouse,38036,C2
ethnobotaniste,38037,C2
coryphée,38038,C2
paupérisme,38040,C2
intemporalité,38041,C2
eurodollar,38042,C2
paveur,38043,C2
cosmogonique,38044,C2
sandow,38045,C2
interethnique,38048,B1
semi-rigide,38049,C2
sempiternellement,38052,B2
peinardement,38054,C2
cotonnier,38060,C2
cotriade,38061,C2
pendulaire,38067,C2
vendéen,38069,B1
vendémiaire,38072,C2
vergne,38087,C2
coupablement,38088,C2
intromission,38090,C2
intrépidement,38093,C2
vermoulure,38094,C2
sextuple,38097,C2
versaillais,38103,B2
inviteur,38105,C2
rechargeable,38108,C2
involutif,38110,C2
personnalisme,38111,C2
invraisemblablement,38114,C2
pertuisane,38116,C2
inéluctabilité,38120,C2
reconfiguration,38123,C2
coxalgie,38124,C2
coxalgique,38126,C2
sigmoïde,38128,C2
coûteusement,38129,C2
reconvoquer,38131,C2
ironiste,38133,C2
siliceux,38134,C2
similor,38138,C2
scialytique,38140,C2
irréparablement,38143,B2
irrévérencieusement,38145,C2
exemplarité,38147,C1
isorel,38149,C2
exhalation,38150,C2
italianisme,38152,C2
secondairement,38153,C2
exocet,38154,C2
exogène,38157,C2
phimosis,38158,C2
exosphère,38160,C2
ithyphallique,38161,C2
ivoirien,38164,C1
relayeur,38166,C2
expectorant,38168,C2
remixer,38172,C2
exprimable,38175,C2
exsudation,38176,C2
piaffement,38177,C2
remémoration,38178,C2
socialo,38179,C2
externalité,38180,C2
extirpation,38185,C2
sociétaire,38187,C2
extravasation,38194,C2
repoussage,38196,C2
croulement,38197,C2
solenniser,38199,C2
crucialement,38202,C2
factorisation,38203,C2
pierrier,38205,C2
facturette,38206,C2
jivaro,38208,C2
pinacothèque,38211,C2
jolibois,38213,C2
crépissage,38214,C2
créquier,38216,C2
souchet,38219,C2
fauvisme,38222,B2
judaïser,38225,C2
fedayin,38234,C2
jurassien,38235,C2
sous-dominante,38239,C2
fermi,38247,C2
cupidement,38248,C2
fermium,38249,C2
curage,38252,C2
sovkhoze,38255,C2
curcuma,38258,C2
feuj,38259,C2
rotateur,38266,C2
plateresque,38267,C2
cycloïdal,38269,C2
filaire,38272,C1
rupteur,38277,C2
filmothèque,38279,C2
solidariser,38286,C2
célérifère,38290,C2
plumetis,38292,C2
labbe,38293,C2
cérébralité,38294,C2
flagellateur,38295,C2
flagrance,38297,C2
lactescent,38299,C2
flamine,38302,C2
daine,38306,C2
lambswool,38310,C2
floculation,38312,C2
réf,38314,C2
flottation,38316,C2
polder,38317,C2
réflexologie,38318,C2
polissonnerie,38322,C2
fluorescéine,38325,C2
fluorhydrique,38328,C2
polyamide,38329,C2
flâneuse,38331,C2
égrotant,38332,C2
datable,38335,C2
focalisation,38337,C2
réinjecter,38338,C2
souterrainement,38340,C2
structuraliste,38342,C2
réinstaurer,38343,C2
folasse,38347,C2
polyèdre,38348,C2
rémora,38350,C2
foncteur,38356,C2
fongicide,38361,C2
pondoir,38362,C2
pondérable,38364,C2
laryngologiste,38373,C2
fossoyeuse,38376,C2
demi-millimètre,38384,C2
subrécargue,38386,C2
fouleur,38389,C2
stoïquement,38395,C2
sadomasochisme,38396,C2
sulfhydrique,38397,C2
superchampion,38405,C2
studieusement,38407,C2
levreau,38408,C2
fresquiste,38409,C2
stylite,38410,C2
frigorigène,38412,C2
salmonellose,38413,C2
potlatch,38419,C2
étiage,38420,C2
étier,38422,C2
demi-volée,38423,C2
fritte,38424,C2
sandiniste,38426,C2
substratum,38432,C2
satellitaire,38436,C2
surinvestissement,38437,C1
fumigateur,38438,C2
lisseur,38441,C2
dextre,38443,C2
fusionnement,38444,C2
lithographe,38449,C2
prairial,38451,C2
diamantifère,38452,C2
fécalome,38453,C2
surévaluation,38454,C2
félinité,38456,C2
suspenseur,38457,C2
liégeois,38458,C2
féminisation,38459,C1
suspensif,38460,C2
dichroïsme,38461,C2
dicible,38462,C2
didactiquement,38466,C2
gabbro,38468,C2
logomachie,38470,C2
difficultueux,38472,C2
galactophore,38477,C2
syllogistique,38478,C2
scientisme,38479,B2
longanimité,38482,C2
galiléen,38483,C2
sympathectomie,38484,C2
dinanderie,38485,C2
galoubet,38486,C2
syncopal,38487,C2
scopolamine,38488,C2
diphényle,38491,C2
prolixité,38492,C2
synoptique,38494,C2
pronominal,38497,C2
suçoir,38499,C2
disgracieusement,38500,C2
dispendieusement,38508,C2
prosateur,38509,C2
gastrectomie,38511,C2
semi-lunaire,38513,C2
séculariser,38514,C2
disputeur,38515,C2
sélectivité,38519,C2
gemmologie,38525,C2
divisionnisme,38526,C2
servomoteur,38528,C2
sédentarité,38532,C2
sexualiser,38534,C2
germanisation,38535,C2
dodécagone,38536,C2
dodécaphoniste,38539,C2
germanophone,38540,C2
tabulateur,38543,C2
précession,38544,C2
légaliste,38546,C2
dolichocéphalie,38547,C2
légender,38548,C2
sicle,38549,C2
tafia,38550,C2
domestiquement,38558,C2
domiciliation,38559,C2
girafeau,38560,C2
girafon,38561,C2
givrage,38564,C2
tableautin,38565,C2
glabelle,38566,C2
dorage,38567,C2
macaronique,38568,C2
dosseret,38570,C2
présocratique,38571,C2
macassar,38572,C2
macrocosme,38575,C2
globuline,38576,C2
gluconique,38579,C2
douteusement,38580,C2
douçâtre,38581,C2
glycérol,38582,C2
doyenné,38583,C2
tasmanien,38585,C2
psychotechnicien,38586,B2
tambourinaire,38589,C2
maigriot,38592,C2
mail-coach,38594,C2
sodique,38596,C2
maillechort,38597,C2
gonadotrophine,38600,C2
tankiste,38602,C2
mainteneur,38603,C2
tannant,38604,C2
punais,38606,C2
punique,38609,C2
gouvernable,38615,C2
gouvernance,38616,C2
putrescible,38617,C2
dumping,38619,C2
sous-genre,38621,C2
duodi,38622,C2
tarissement,38623,C2
mamamouchi,38624,C2
pythonisse,38626,C2
dytique,38628,C2
granulaire,38629,C2
pâteusement,38630,C2
granulie,38632,C2
taurillon,38636,C2
débatteur,38639,C2
débitage,38645,C2
gravidité,38646,C2
spermicide,38647,C2
greffage,38648,C2
sphygmomanomètre,38654,C2
grenouille-taureau,38657,C2
débourrage,38658,C2
marbrerie,38660,C2
débucher,38662,C2
spirochète,38663,C2
décadentisme,38664,C2
péquin,38665,C2
grison,38666,C2
sportivité,38669,C2
périlleusement,38670,C2
décapeur,38671,C2
décapode,38673,C2
péréquation,38678,C2
thuya,38687,C2
décomposable,38690,C2
martelage,38691,C2
gélifiant,38696,C2
mascaron,38697,C2
géophysique,38703,C2
géothermie,38706,C2
transocéanique,38707,C2
matinalement,38709,C2
titillation,38710,C2
matineux,38711,C2
transversalement,38714,C2
habanera,38715,C2
subcellulaire,38718,C2
défectueusement,38721,C2
subculture,38723,C2
quillon,38724,C2
tonkinois,38728,C2
quinqua,38731,C2
hakka,38732,C2
subrogation,38733,C2
halogénure,38735,C2
maximalisme,38736,C2
suggestibilité,38738,C2
torpide,38742,C2
hamadryade,38743,C2
supercarburant,38750,C2
rabbinat,38754,C2
menstrues,38755,C2
trilingue,38757,C2
harenguet,38758,C2
déification,38759,C2
dékoulakisation,38761,C2
harmoniquement,38762,C2
menuiser,38763,C2
surconsommation,38765,C2
harpagon,38766,C2
surcoût,38768,C1
délustrer,38770,C2
mesquinement,38772,C2
surexposition,38773,C2
trivialement,38778,C2
herméneutique,38779,C1
démographiquement,38781,C2
démoniaquement,38783,C2
troglodytique,38785,C2
démultiplication,38788,C2
démuseler,38791,C2
historiographe,38797,C2
trayon,38799,C2
dépaver,38803,C2
syndicaliser,38805,C2
dépiler,38807,C2
synergique,38808,C2
dépopulation,38811,C2
tricéphale,38813,C2
rancio,38817,C2
homéostatique,38818,C2
turbotière,38819,C2
homéothermie,38821,C2
hondurien,38823,C2
hopak,38824,C2
hornblende,38825,C2
tripier,38827,C2
horticultrice,38831,C2
télématique,38837,C2
humectage,38842,C2
ratonner,38844,C2
hydraulicien,38854,B1
désenclavement,38855,C2
hydrocéphalie,38856,C2
tétragramme,38859,C2
hydrodynamique,38860,C1
tétralogie,38861,C2
désensabler,38863,C2
truculence,38867,C2
désharmonie,38868,C2
hydrophobe,38870,C2
tangon,38872,C2
désirabilité,38876,C2
tapenade,38878,C2
tarification,38881,C2
désordonnément,38883,C2
hyperacidité,38884,C2
tréponème,38888,C2
déstalinisation,38891,C2
hyperlipémie,38892,C2
hyperplan,38894,C2
détestablement,38897,C2
hypersonique,38898,C2
hypersustentateur,38899,C2
hypocapnie,38903,C2
hypocentre,38906,C2
tuyauteur,38907,C2
déviationniste,38909,C2
hypochlorite,38910,C2
dévideur,38911,C2
terminateur,38912,C2
dévissage,38914,C2
dévolution,38918,C2
hypotonie,38921,C2
témérairement,38923,C2
ecthyma,38924,C2
héliographe,38926,C2
hélitreuiller,38929,C2
hématologique,38931,C2
effleurage,38935,C2
remploi,38938,C2
thyroxine,38939,C2
ellipsoïde,38940,C2
hémorroïdaire,38941,C2
hépatomégalie,38944,C2
théiste,38945,C2
embabouiner,38946,C2
velouteux,38947,C2
embauchage,38948,C2
rennais,38949,C2
uninominal,38953,C2
ictérique,38955,C2
emboîtement,38962,C2
michetonneuse,38965,C2
idéel,38967,C2
repétrir,38968,C2
idéographie,38969,C2
ignifugeant,38971,C2
ilium,38973,C2
illicitement,38974,C2
valablement,38977,C2
mignonnement,38979,C2
immunothérapie,38986,C2
vannier,38987,C2
empiriquement,38988,C2
imperfectible,38991,C2
mistigri,38997,C2
implantable,38998,C2
encanaillement,39001,C2
mithriaque,39002,C2
impraticabilité,39003,C2
imprimable,39006,C2
encaserner,39007,C2
enclouer,39013,C2
vocalement,39019,C2
rigorisme,39020,C2
inactivation,39022,C2
inactivé,39023,C2
transférable,39026,C2
inchavirable,39029,C2
endimanchement,39030,C2
transnational,39031,B1
endosseur,39033,C2
molletonné,39035,C2
endurable,39036,C2
endêver,39037,C2
transvestisme,39038,C2
enfonceur,39041,C2
mondainement,39042,C2
traumatologue,39043,C2
vertueusement,39044,C2
mongolique,39046,C2
incoordination,39047,C2
incorporable,39049,C2
moniale,39050,C2
incrimination,39052,C2
traçabilité,39053,C1
incrochetable,39054,C2
vrillette,39055,C2
vulcaniser,39063,C2
indemnisable,39064,C2
engraissement,39065,C2
engrangement,39066,C2
triasique,39068,C2
engraver,39070,C2
monothéiste,39071,C2
trichloréthylène,39074,C2
enjôlement,39075,C2
enliasser,39077,C2
indole,39078,C2
ennoblissement,39081,C2
rorqual,39082,C2
trilobite,39083,C2
mordançage,39090,C2
infalsifiable,39097,C2
rouge-brun,39098,C2
morganatique,39099,C2
ensouple,39100,C2
entablement,39101,C2
enterreur,39106,C2
mosaïste,39108,C2
motoculteur,39112,C2
infrason,39114,C2
tryptophane,39115,C2
voyoucratie,39123,C2
entrisme,39126,C2
entérinement,39130,C2
envasement,39132,C2
moutardier,39133,C2
réaccoutumer,39135,C2
inspirateur,39136,C2
réassortir,39138,C2
téléavertisseur,39139,C2
vésanie,39143,C2
vétiver,39145,C2
télégénique,39146,C2
walkyrie,39148,C2
réemployer,39149,C2
espar,39150,C2
intentionnalité,39152,C2
espièglement,39153,C2
intercellulaire,39154,C2
référendaire,39155,C2
téléski,39156,C2
wigwam,39158,C2
interclubs,39159,C2
espérantiste,39160,C2
intercommunal,39161,C1
intercommunautaire,39163,C2
interconnexion,39165,C2
interférent,39169,C2
mystagogie,39171,C2
interférométrie,39172,C2
mythifier,39176,C2
mythologue,39177,C2
estouffade,39178,C2
résorption,39180,C2
interphase,39181,C2
interpolateur,39182,C2
méat,39183,C2
interprétable,39184,C2
uraniste,39186,C2
euphonie,39190,C2
interscolaire,39191,C2
euphoniquement,39195,C2
urémique,39198,C2
euromarché,39199,C2
interventionnisme,39200,C2
mégalithique,39201,C2
interétatique,39206,C2
énucléation,39209,C2
intimidateur,39213,C2
intimé,39215,C2
mélinite,39216,C2
valgus,39222,C2
mésinterpréter,39229,C2
vascularisé,39234,C2
épidémiologiste,39235,C1
méthodisme,39240,C2
invariance,39242,C2
saintement,39244,C2
écrabouillement,39247,C2
épinglage,39248,C2
salacité,39255,C2
vergence,39259,C2
nanar,39268,C2
iridologie,39270,C2
épucer,39271,C2
narcose,39274,C2
irrétrécissable,39279,C2
nasard,39280,C2
nationalement,39290,C2
étatisme,39296,C2
isochronisme,39297,C2
sapide,39301,C2
isoniazide,39303,C2
isothermique,39306,C2
sapinette,39307,C2
isthmique,39311,C2
sarcastiquement,39312,C2
nicet,39319,C2
jaguarondi,39322,C2
japoniser,39326,C2
sarrois,39329,C2
exacerbation,39330,C2
sassanide,39331,C2
exarque,39332,C2
exaucement,39333,C2
saturnien,39336,C2
épicurisme,39337,B1
saulaie,39342,C2
volumétrique,39348,C2
épiscopat,39349,C2
noctambulisme,39354,C2
exhaustivité,39355,C2
exophtalmique,39360,C2
exotiquement,39363,C2
non-résistance,39365,C2
expansé,39366,C2
judaïcité,39367,C2
expatriation,39368,C1
expatrié,39370,C2
éreintement,39371,C2
expectatif,39372,C2
judéo-christianisme,39373,C2
expertement,39374,C2
schismatique,39376,C2
expressivement,39381,C2
exsudat,39382,C2
notonecte,39383,C2
exterritorialité,39384,C2
kaliémie,39386,C2
nubilité,39391,C2
évanescence,39392,C2
kapokier,39393,C2
évangéliaire,39394,C2
fabulateur,39396,C2
zapping,39398,C2
fabuliste,39399,C2
kava,39402,C2
kayakiste,39406,C2
keffieh,39409,C2
nécrologe,39410,C2
fadement,39411,C2
khat,39414,C2
faena,39415,C2
falerne,39424,C2
familistère,39427,C2
fantasquement,39432,C2
krak,39433,C2
éjaculateur,39441,C2
fare,39442,C2
obvier,39444,C2
fariboler,39445,C2
kératose,39446,C2
fastidieusement,39450,C2
octant,39452,C2
lactifère,39456,C2
faunesse,39459,C2
sigisbée,39460,C2
laminectomie,39465,C2
simplesse,39466,C2
okoumé,39467,C2
sinapisme,39468,C2
sinciput,39470,C2
olographe,39472,C2
épandeur,39473,C2
épargnant,39475,C2
lanthane,39478,C2
lapalissade,39480,C1
lapinière,39482,C2
larvicide,39485,C2
ferrocyanure,39488,C2
ferrocérium,39489,C2
fertilisable,39491,C2
lek,39495,C2
feudataire,39497,C2
leucocytaire,39499,C2
feuille-morte,39500,C2
feurre,39502,C2
orbiculaire,39503,C2
libérien,39506,C2
libéro,39507,C2
fibule,39508,C2
orgastique,39509,C2
solidairement,39510,C2
orgiastique,39511,C2
fielleusement,39512,C2
soliflore,39513,C2
originairement,39516,C2
limoselle,39521,C2
songeusement,39522,C2
orphique,39523,C2
orphéoniste,39526,C2
orpin,39528,C2
linéairement,39531,C2
lipase,39532,C2
finlandisation,39534,C2
oseraie,39539,C2
ossification,39540,C2
ostentatoirement,39542,C2
lisibilité,39544,C1
lisier,39545,C2
ouateux,39546,C2
sourdaient,39547,C2
lithique,39550,C2
flanchet,39553,C2
lithotriteur,39554,C2
lobaire,39558,C2
flegmatiquement,39560,C2
oxfordien,39563,C2
logisticien,39565,C2
lombalgie,39567,C2
fliquer,39568,C2
lompe,39569,C2
florissaient,39571,C2
loquacité,39572,C2
flottage,39574,C2
sphinge,39575,C2
lucite,39582,C2
sportivement,39583,C2
fluviatile,39584,C2
luddite,39585,C2
lymphocytose,39588,C2
lymphoïde,39590,C2
fonctionnaliste,39593,C1
statuaire,39594,C2
fonctionnellement,39595,C2
fondouk,39597,C2
pamplemoussier,39599,C2
léprologie,39600,C2
formage,39601,C2
lésionnaire,39602,C2
pandanus,39604,C2
striduler,39605,C2
panification,39607,C2
foulage,39608,C2
panosse,39613,C2
pansage,39615,C2
stérilement,39618,C2
subjectivisme,39621,C2
papayer,39622,C2
magnétron,39623,C2
foëne,39625,C2
magret,39626,C2
papier-monnaie,39627,C2
sublunaire,39628,C2
fragilement,39630,C2
substantifique,39635,C2
fraisil,39638,C2
maladrerie,39639,C2
franc-comtois,39640,C2
superfluité,39646,C2
superposable,39649,C2
francophobie,39650,C2
mammoplastie,39651,C2
mandingue,39655,C2
surabondamment,39657,C2
parodiquement,39661,C2
surah,39664,C2
maniériste,39665,C2
parquetage,39666,C2
parqueteur,39668,C2
frimaire,39669,C2
marginalement,39678,C2
fronteau,39687,C2
pasticheur,39690,C2
pastophore,39692,C2
matricide,39697,C2
maximisation,39700,C2
fumaison,39703,C2
syzygie,39704,C2
fumure,39707,C2
membranaire,39708,C2
funestement,39711,C2
fustanelle,39717,C2
mercaptan,39718,C2
futurisme,39720,C2
merveillosité,39723,C2
mes,39724,C2
félidé,39725,C2
féminitude,39728,C2
tabulaire,39736,C2
perfectible,39738,C2
permissivité,39742,C2
taille-douce,39744,C2
gallique,39746,C2
mi-mai,39747,C2
galvanique,39756,C2
perversement,39757,C2
gamay,39764,C2
miauleur,39768,C2
gangstérisme,39775,C2
micro-trottoir,39776,C2
ganterie,39777,C2
phagocyter,39778,C2
microgravité,39782,C2
phallocratique,39783,C2
phallologie,39784,C2
phallophore,39787,C2
pharisien,39789,C2
gargamelle,39790,C2
pharmacomanie,39794,C2
miellat,39795,C2
philhellène,39797,C2
philologique,39799,C2
taret,39800,C2
millénarisme,39806,C2
tarière,39807,C2
gauchissement,39808,C2
tarpan,39809,C2
photo-électrique,39815,C2
minerval,39817,C2
phtisiologie,39825,C2
minéralisation,39827,C2
taurin,39828,C2
tavelé,39832,C2
gentilice,39833,C2
genêtière,39835,C2
miscible,39836,C2
germaniste,39838,C2
germanium,39839,C2
mièvrement,39841,C2
germanophile,39842,C2
picolo,39844,C2
tenacement,39848,C2
molard,39853,C2
molybdène,39857,C2
pineau,39858,C1
giroflier,39861,C2
monocratie,39865,C2
glauquement,39869,C2
monomane,39870,C2
glomérule,39871,C2
glottique,39877,C2
monte-plat,39879,C2
glène,39880,C2
monumentalité,39881,C2
pitonner,39882,C2
monétariste,39883,C2
gnose,39884,C2
piéride,39885,C2
morelle,39887,C2
morphogenèse,39896,C2
morula,39899,C2
goniomètre,39902,C2
gopak,39904,C2
gorgerette,39905,C2
topette,39909,C2
plioir,39910,C2
moudjahidine,39913,C2
gouet,39915,C2
pluviomètre,39918,C2
pluviôse,39921,C2
mucilage,39923,C2
mucor,39924,C2
gourmandement,39925,C2
tourbeux,39927,C2
gracilité,39931,C2
multiculturalisme,39934,C1
gradus,39937,C2
multifonctionnel,39940,C2
poirer,39941,C2
murage,39947,C2
muscovite,39951,C2
musicothérapie,39953,C2
muséologie,39956,C2
transhumant,39959,C2
muséologue,39960,B1
polypier,39961,C2
graphomanie,39963,C2
graphomètre,39964,C2
myocardique,39965,C2
myoclonie,39966,C2
myosine,39970,C2
myéline,39975,C2
trente-huitième,39976,C2
trente-troisième,39978,C2
grenoblois,39980,C2
tricycliste,39984,C2
médicalisation,39987,C2
médulla,39991,C2
triomphateur,39992,C2
mégacôlon,39993,C2
triperie,39994,C2
mégalosaure,39996,C2
trirème,39998,C2
porte-fanion,39999,C2
porte-mine,40000,C2
groschen,40001,C2
trituration,40002,C2
méningiome,40003,C2
porte-épée,40004,C2
méningocoque,40005,C2
méprisamment,40007,C2
guelfe,40009,C2
méritocratie,40010,C2
mésentère,40011,C2
guenipe,40012,C2
troposphérique,40013,C2
métacarpien,40020,C2
gueuloir,40021,C2
métallisation,40022,C2
métaphase,40027,C2
méthanal,40031,C2
méthylique,40034,C2
guyanais,40035,A1
guzla,40036,C2
métreur,40037,C2
guéable,40038,C2
guévariste,40040,C2
guêtré,40042,C2
poussivement,40045,C2
pouzzolane,40048,C2
narcotrafic,40056,C2
gélification,40057,C2
génialité,40061,C2
génuine,40063,C2
navigabilité,40064,C2
généralisable,40066,C2
génésique,40068,C2
géostratégie,40070,C2
neurinome,40071,C2
prochinois,40072,C2
térébrant,40073,C2
habitabilité,40075,C2
neurochimique,40076,C2
neurolinguistique,40078,C2
tête-à-queue,40080,C2
tôlerie,40081,C2
prolétarisation,40083,C2
hanovrien,40086,C2
pronunciamiento,40089,C2
neutronique,40090,C2
ultramontain,40091,C2
prosaïsme,40094,C2
niobium,40096,C2
hasardeusement,40097,C2
hassidisme,40098,C2
protohistoire,40099,C2
hautainement,40100,C2
protêt,40104,C2
nominalement,40106,C2
haïkaï,40107,C2
hecto,40109,C2
provéditeur,40111,C2
helminthe,40113,C2
non-conformité,40114,C2
vanneur,40119,C2
hermaphrodisme,40120,C2
hernieux,40128,C2
préformer,40131,C2
vassalité,40134,C2
nouage,40138,C2
vaticane,40139,C2
nouvelliste,40140,C2
hippopotamesque,40141,C2
nucal,40145,C2
prévaricateur,40146,C2
nucléoside,40147,C2
hiérarchisation,40148,C2
hiératiquement,40150,C2
psalmiste,40151,C2
hominisation,40152,C2
psautier,40153,C2
néandertalien,40156,C2
homophonie,40162,C2
négationnisme,40163,C2
hoplite,40165,C2
verticalité,40169,C2
puisette,40170,C2
hottée,40173,C2
néocolonialisme,40174,C2
houari,40175,C2
néofascisme,40176,C2
vexatoire,40177,C2
houlque,40184,C2
humidement,40190,C2
obstructionnisme,40191,C2
humoral,40192,C2
obstétrical,40193,C2
pyrogène,40194,C2
pyrrhonisme,40196,C2
hydne,40197,C2
octavo,40198,C2
hydrocution,40200,C2
oculomoteur,40201,C2
hydrocèle,40202,C2
océanologie,40203,C2
pèse-bébé,40204,C2
odontologiste,40206,C2
hypallage,40207,C2
hyperboliquement,40208,C2
oenologie,40209,A1
hyperesthésie,40212,C2
hyperlipidémie,40213,C2
pédalage,40214,C2
volontariste,40215,C1
hypermnésie,40217,C2
pédaleur,40218,C2
hyperréalisme,40219,C2
hyperémotivité,40224,C2
olécrane,40226,C2
péninsulaire,40229,C2
vulgate,40230,C2
hypotaupe,40231,C2
oncologique,40232,C2
vélocipédique,40235,C2
hébraïquement,40236,C2
hébétement,40239,C2
opacification,40240,C2
hégélianisme,40241,C2
pétase,40242,C2
héliogravure,40244,C2
ophtalmique,40245,C2
vêlage,40246,C2
pétrissage,40248,C2
pétrochimie,40250,C2
wattman,40254,C2
optométrie,40255,C2
hématopoïèse,40256,C2
opératique,40257,C2
hématose,40258,C2
organométallique,40265,C2
quartette,40268,C2
originalement,40269,C2
hétérodoxie,40270,C2
hétéroptère,40271,C2
ornithoptère,40272,C2
orthodontique,40274,C2
orthostatique,40277,C2
iconographe,40278,C2
iconographique,40279,B1
ostréiculture,40283,C2
idéographique,40284,C2
ignifuge,40287,C2
ostéologique,40288,C2
ostéotomie,40291,C2
illogiquement,40292,C2
otoscope,40294,C2
imago,40298,C2
imbibition,40299,C2
ovariectomie,40301,C2
quiètement,40302,C2
ovin,40303,C2
immanence,40304,C2
quotidienneté,40305,C2
immanentisme,40306,C2
ovulaire,40307,C2
immarcescible,40308,C2
oxalate,40309,C2
rabane,40310,C2
immatérialité,40311,A2
oxychlorure,40312,C2
immoraliste,40318,C2
packaging,40320,C2
immortalisation,40321,C2
rabotage,40322,C2
édilitaire,40323,C2
paginer,40324,C2
imparablement,40328,C2
paleron,40330,C2
impartageable,40331,C2
palilalie,40332,C2
impeccabilité,40333,C2
impertinemment,40337,C2
radiotélégraphiste,40340,C2
émerillon,40345,C2
panatella,40346,C2
imprimatur,40348,C2
imprécateur,40352,C2
épaississement,40355,C2
panspermie,40356,C2
imprévision,40357,C2
ralingue,40358,C2
papaver,40365,C2
in-folio,40366,C2
éphémèrement,40368,C2
in-octavo,40369,C2
in-quarto,40373,C2
épigastre,40374,C2
in-seize,40375,C2
paraboliquement,40376,C2
inaccomplissement,40377,C2
paraboloïde,40378,C2
inactuel,40379,C2
ranz,40380,C2
épithalame,40386,C2
paramagnétique,40388,C2
paramétrique,40390,C2
parasitose,40395,C2
parcomètre,40396,C2
inauthenticité,40400,C2
parenchyme,40401,C2
étalagiste,40406,C2
étouffoir,40412,C2
ray-grass,40413,C2
parésie,40414,C2
raïs,40415,C2
inconcevablement,40416,C2
inconvertible,40419,C2
incorrigiblement,40423,B1
pathogénique,40427,C2
inculcation,40428,C2
incurieux,40429,C2
indescriptiblement,40430,C2
peaufinage,40431,C2
indifférentisme,40433,C2
peccable,40437,C2
indivisibilité,40439,C2
indivision,40441,C2
indivisé,40443,C2
indocilité,40444,C2
pentagonal,40445,C2
industrieusement,40448,C2
pepsine,40449,C2
perchlorique,40453,C2
percolation,40454,C2
pergélisol,40462,C2
permalloy,40464,C2
ineffaçablement,40465,C2
ineptement,40468,C2
relativisation,40469,C2
peroxydase,40470,C2
inespérable,40472,C2
inespérément,40473,C2
remblaiement,40478,C2
pessaire,40479,C2
inextirpable,40482,C2
phallocentrique,40485,C2
infinitésimalement,40487,C2
pharmacognosie,40488,C2
phascolome,40492,C2
phlébologue,40496,C2
phlébotomie,40498,C2
phospholipide,40499,C2
inglorieusement,40500,C2
phosphoré,40501,C2
ingratement,40502,C2
photique,40504,C2
photochimique,40507,C2
photoconducteur,40508,C2
inimitablement,40511,C2
photojournaliste,40514,C2
injurieusement,40515,C2
photomicrographie,40516,C2
innombrablement,40517,C2
photopériodique,40518,C2
inopportunité,40519,C2
inoubliablement,40520,C2
phototype,40521,C2
photovoltaïque,40523,C2
phrénique,40525,C2
revalorisation,40527,C2
phénate,40534,C2
rhodanien,40535,C2
phénothiazine,40536,C2
rhodoïd,40537,C2
insolitement,40538,C2
phénotype,40539,C2
rhomboïdal,40540,C2
insonorité,40541,C2
insoucieusement,40542,C2
instantanéité,40545,C2
insularité,40551,C2
rigidement,40554,C2
insécable,40555,C2
pile-poil,40556,C2
inséparabilité,40557,C2
intellectualiste,40558,C2
pionner,40559,C2
intempestivement,40561,C2
robustement,40566,C2
interrogativement,40568,C2
plagioclase,40571,C2
intervieweur,40572,C2
intra-atomique,40577,C2
romanité,40579,C2
plaquettaire,40580,C2
plasmagène,40581,C2
plaste,40585,C2
plastifiant,40587,C2
plastisol,40591,C2
intégralisme,40592,C2
plein-emploi,40596,C2
inversible,40597,C2
rosière,40598,C2
pleurétique,40600,C2
rouelle,40603,C2
inélégamment,40607,C2
pluridisciplinaire,40611,C2
ipomée,40613,C2
pneumologue,40620,B1
irréalisme,40622,C2
russification,40625,C2
politisation,40635,C2
polychlorure,40642,C2
récusable,40643,C2
ixième,40644,C2
polycéphale,40645,C2
polydactylie,40646,C2
jaboter,40647,C2
polygénique,40648,C2
réemploi,40649,C2
régionalisme,40658,C2
régionaliste,40661,C2
japonaiserie,40663,C2
réinjection,40664,C2
réitération,40665,C2
ponté,40666,C2
portabilité,40668,C2
porte-crayon,40672,C2
positionnel,40682,C2
positon,40685,C2
joubarbe,40686,C2
judaïté,40691,C2
sagoutier,40695,C2
jurançon,40697,C2
saint-nectaire,40699,C2
potentialisation,40705,C2
potentialiser,40707,C2
potimarron,40708,C2
kabbalistique,40710,C2
pragmatiquement,40716,C2
salpicon,40717,C2
khanat,40720,C2
privément,40724,C2
procrastination,40731,C2
proctologie,40733,C2
profitabilité,40734,C2
prognathisme,40736,C2
sargasse,40738,C2
projectif,40739,C2
ksar,40742,C2
saucissonnage,40746,C2
propulsif,40748,C2
prostatectomie,40751,C2
prosthétique,40753,C2
laguiole,40754,C1
prothétique,40755,C2
protidique,40756,C2
protoplaste,40760,C2
savoureusement,40761,C2
lamaïsme,40762,C2
protrusion,40763,C2
saxifrage,40764,C2
sayon,40766,C2
lambic,40767,C2
protéase,40768,C2
lamelliforme,40771,C2
lamie,40772,C2
laminaire,40773,C2
préadolescence,40774,C2
lampas,40775,C2
préchauffer,40778,C2
landaulet,40784,C2
prédictible,40785,C2
préencollé,40788,C2
préfix,40791,C2
préfixation,40794,C2
préférablement,40795,C2
préindustriel,40797,C2
lapidification,40798,C2
prélavage,40799,C2
scélératesse,40800,C2
prématurité,40804,C2
secondement,40805,C2
prérentrée,40808,C2
préture,40813,C2
laticlave,40814,C2
latéralité,40815,C2
laudateur,40818,C2
lavandin,40819,C2
psychodysleptique,40820,C2
septennat,40822,C2
psycholinguistique,40823,C2
psychonévrose,40826,C2
psychophysiologie,40827,B1
psychophysiologique,40828,C2
serpentement,40831,C2
serpolet,40834,C2
leucotomie,40839,C2
lexical,40841,C2
pulsatile,40842,C2
punctiforme,40843,C2
libero,40844,C2
pyogène,40855,C2
silène,40856,C2
pyrexie,40859,C2
sinople,40864,C2
linaire,40865,C2
pédicurie,40866,C2
sirventès,40869,C2
pénalisation,40872,C2
péricarpe,40879,C2
lobulaire,40884,C2
péristaltisme,40885,C2
locature,40887,C2
locomobile,40888,C2
pétreux,40889,C2
quadratique,40892,C2
longiforme,40893,C2
quadridimensionnel,40894,C2
longitudinalement,40895,C2
quadrimestre,40898,C2
lordose,40900,C2
soliveau,40901,C2
lotier,40903,C2
louchet,40906,C2
lunetier,40923,C2
quetzal,40924,C2
lutherie,40927,C2
rabattable,40930,C2
lutécien,40931,C2
soutenable,40932,C2
lymphangite,40937,C2
soviétisation,40938,C2
lymphatisme,40939,C2
lymphopénie,40940,C2
soûlographe,40941,C2
radioamateur,40944,C2
lèchefrite,40945,C2
radioastronome,40946,C2
radiobalisage,40948,C2
radiogoniomètre,40949,C2
légumier,40950,C1
radiographique,40951,C2
légumineux,40952,C2
radiométrie,40953,C2
radioréveil,40955,C2
spéculaire,40958,C2
lésinerie,40959,C2
spéléotomie,40960,C2
radiotéléphonique,40961,C2
radioélectrique,40962,C2
radioélément,40964,C2
radôme,40965,C2
macroscopique,40970,C2
maculage,40971,C2
maculature,40974,C2
rançonnage,40979,C2
magistère,40981,C2
rapportage,40983,C2
rassir,40984,C2
rebec,40988,C2
malhabilement,40990,C2
substantif,40992,C2
malinké,40996,C2
mallarméen,40997,C2
recevabilité,40998,C2
malproprement,40999,C2
recombinant,41010,C2
manceau,41014,C2
reconstructeur,41015,C2
recors,41018,C2
mandatement,41019,C2
supplémenter,41020,C2
rectilinéaire,41021,C2
manducation,41022,C2
supranational,41023,C2
mangerie,41025,C2
manichéiste,41029,C2
redécoupage,41030,C2
surcot,41031,C2
redéfinition,41033,C2
mansard,41035,C2
mantelure,41038,C2
refaçonner,41039,C2
mantique,41040,C2
manuélin,41043,C2
reformater,41045,C2
reformulation,41046,C2
rehaussement,41055,C2
reichsmark,41058,C2
relanceur,41061,C2
margraviat,41062,C2
sylvaner,41063,C2
symbolisation,41070,B2
rempoter,41074,C2
remédiable,41079,C2
martagon,41081,C2
renettoyer,41082,C2
séculairement,41083,C2
maréchalat,41085,C2
renoter,41086,C2
séguedille,41087,C2
rentamer,41088,C2
maskinongé,41089,C2
repeuplement,41090,C2
séparable,41093,C2
masticage,41094,C2
reproposer,41095,C2
sérier,41096,C2
republication,41097,C2
requalifier,41098,C2
sévillan,41099,C2
mathématiser,41102,C2
responsabilisation,41105,C2
maturer,41112,C2
tactilement,41114,C2
retoucheur,41117,C2
retraduction,41118,C2
retransférer,41119,C2
taillable,41120,C2
rexiste,41127,C2
mellifère,41128,C2
rez-de-jardin,41129,C2
tamoul,41130,C2
tamponnoir,41132,C2
tangence,41135,C2
rhodamine,41136,C2
rhumatoïde,41140,C2
rhétoricien,41141,C2
rhô,41142,C2
messianisme,41146,C2
messidor,41148,C2
meublant,41151,C1
rigidifier,41152,C2
rimaye,41154,C2
tartuferie,41167,C2
romanticisme,41174,C2
taurobole,41178,C2
tauromachique,41180,C2
rotationnel,41183,C2
rufian,41198,C2
temporellement,41200,C2
russophone,41203,C2
tendancieusement,41204,C2
réactant,41211,C2
ternaire,41212,C2
réactionnel,41214,C2
réaffirmation,41222,C2
réalimenter,41224,C2
thibaude,41235,C2
thomisme,41237,C2
thomiste,41239,C2
réductionniste,41244,C2
théocratique,41247,C2
réenterrer,41250,C2
tiercelet,41255,C2
tiers-point,41258,C2
réfutable,41262,C2
tillac,41263,C2
référencement,41266,C2
tintinnabulement,41270,C2
réincarcérer,41274,C2
tiraillé,41276,C2
rénine,41283,C2
titisme,41291,C2
résistible,41293,C2
tièdement,41294,C2
résorbable,41297,C2
rétrogression,41306,C2
topographiquement,41310,C2
réviseur,41312,C2
révolutionnairement,41315,C2
tortil,41321,C2
tourbillonnaire,41337,C2
salmonidé,41348,C2
salpingite,41350,C2
translucidité,41366,C2
transposable,41370,C2
satrapie,41381,C2
trente-cinquième,41382,C2
satyrique,41383,C2
saumurer,41387,C2
scatologie,41402,C2
triomphaliste,41406,C2
microcassette,41411,C2
schnouff,41413,C2
scissiparité,41421,C2
scolariser,41426,C2
trommel,41427,C2
minimisation,41433,C2
scrotal,41436,C2
scrupulosité,41437,C2
scénographique,41442,C2
miséricordieusement,41443,C2
miteusement,41444,C2
sectorisation,41445,C2
trusquin,41446,C2
miton,41448,C2
trypanosome,41449,C2
semestriellement,41451,C2
mnémotechnie,41453,C2
semi-public,41460,C2
modernissime,41461,C2
tuberculine,41462,C2
sentimentaliser,41463,C2
septuor,41465,C2
septuple,41466,C2
turcoman,41467,C2
molestation,41468,C2
serpenteau,41469,C2
moliéresque,41470,C2
serval,41472,C2
serviabilité,41476,C2
monachisme,41480,C2
sexto,41482,C2
typhique,41484,C2
typomètre,41485,C2
mongoloïde,41486,C2
tégument,41489,C2
monobloc,41492,C2
monochromie,41494,C2
shintô,41495,C2
monoculture,41497,C2
monolithisme,41499,C2
sidérite,41500,C2
mononucléaire,41501,C2
signaliser,41502,C1
monotype,41503,C2
monoxyle,41504,C2
ubac,41506,C2
similicuir,41510,C2
universalisme,41518,C2
sismologique,41519,C2
mordillage,41520,C2
sismomètre,41521,C2
sismothérapie,41522,C2
situationnel,41526,C2
sixièmement,41528,C2
usinier,41529,C2
morosement,41530,C2
usufruitier,41534,C2
skiable,41535,C2
sociopolitique,41547,C2
solidification,41550,C2
solipsisme,41551,C2
mulhousien,41552,C2
multipare,41556,C2
sonagramme,41557,C2
vauvert,41558,C2
sonothèque,41562,C2
murex,41563,C2
murmel,41564,C2
muserolle,41570,C2
soumissionner,41571,C2
vermiculaire,41574,C2
mutualisme,41575,C2
vermineux,41576,C2
myographe,41579,C2
mystagogue,41581,C2
vespasienne,41585,C2
spartéine,41588,C2
spastique,41590,C2
spectrométrique,41595,C2
spectrophotomètre,41597,C2
mélilot,41601,C2
spermogramme,41602,C2
sphénoïde,41605,C2
violine,41607,C2
sphériquement,41608,C2
spi,41609,C2
mésusage,41612,C2
métapsychologique,41615,C2
spondylite,41618,C2
volontarisme,41620,C2
stagflation,41622,C2
staphylococcie,41624,C2
staphylococcique,41625,C2
naissain,41627,C2
narcissiquement,41630,C2
stochastique,41634,C2
nassérien,41635,C2
navrance,41639,C2
strelitzia,41644,C2
streptococcique,41647,C2
wassingue,41651,C2
water-closet,41652,C2
nictation,41654,C2
westphalien,41656,C2
nigaudement,41658,C2
stygien,41659,C2
wilhelmien,41660,C2
nigauderie,41661,C2
stylisation,41662,C2
wisigothique,41663,C2
stéarate,41668,C2
xénophilie,41669,C2
stéarique,41671,C2
sténotype,41673,C2
nitré,41674,C2
nivernais,41677,C2
subjectivement,41684,C2
zurichois,41685,C2
subjugation,41686,C2
âcrement,41688,C2
ânonnement,41690,C2
suggestivité,41692,C2
sulfonique,41697,C2
nonidi,41698,C2
superfamille,41704,C2
supraconductivité,41707,C1
noumène,41709,C2
surarmement,41712,C2
numéral,41716,C2
suremploi,41721,C2
surestimation,41723,C2
surfacer,41725,C2
surimi,41729,C2
surmédicalisation,41732,C2
surpeupler,41734,C2
néo-grec,41737,C2
électivement,41738,C2
surréservation,41743,C2
élyséen,41745,C2
survivaliste,41747,C2
néoplatonisme,41748,C2
émondeur,41751,C2
symbionte,41754,C2
sympathomimétique,41755,C2
synchrotron,41758,C2
occultement,41760,C2
octidi,41762,C2
synesthésie,41763,C2
synopsie,41765,C2
oenologique,41766,C2
syntaxique,41768,C2
synthétiquement,41770,C2
épiploon,41771,C2
syringomyélie,41773,C2
syénite,41774,C2
sébaste,41777,C2
oing,41778,C2
équanimité,41782,C2
sécurisation,41784,C2
séfarade,41785,C2
érotomane,41787,C2
sélectionneuse,41789,C2
oléine,41790,C2
ombrageusement,41791,C2
séquentiellement,41796,C2
onctueusement,41797,C2
sérique,41799,C2
onirologie,41801,C2
étymologiste,41802,C2
opalescence,41805,C2
ophite,41807,C2
opopanax,41809,C2
tamisage,41813,C2
tangibilité,41815,C2
ordinal,41816,C2
tannage,41817,C2
tarsier,41824,C2
orphisme,41827,C2
taxinomiste,41829,C2
oréade,41834,C2
technétium,41836,C2
oto-rhino-laryngologique,41837,C2
tenure,41838,C2
tepidarium,41839,C2
terre-neuvien,41840,C2
ouvriérisme,41841,C2
thalamique,41844,C2
ovariotomie,41846,C2
thalassémie,41847,C2
thanatologie,41849,C2
thanatopraxie,41851,C2
thermoluminescence,41854,C2
thermorégulateur,41856,C2
thoron,41861,C2
pagodon,41863,C2
paillardement,41865,C2
théine,41870,C2
thésaurus,41874,C2
tire-fesse,41883,C2
palustre,41886,C2
toluidine,41891,C2
panclastite,41893,C2
totalisateur,41897,C2
papable,41898,C2
papavérine,41900,C2
touille,41904,C2
tournette,41905,C2
papillaire,41906,C2
tractage,41910,C2
parallélogramme,41912,C2
transcripteur,41913,C2
transdermique,41915,C2
transformiste,41918,C2
paritaire,41923,C1
transitoirement,41925,C2
translocation,41928,C2
transsexualisme,41930,C2
paroli,41931,C2
transsexualité,41932,C2
traumatologique,41934,C2
traînage,41940,C2
partitif,41941,C2
trekkeur,41942,C2
trichloracétique,41948,C2
trichlorure,41949,C2
passionnellement,41951,C2
pastour,41955,C2
trinôme,41957,C2
triolisme,41958,C2
triomphalisme,41960,C2
patriciat,41963,C2
patrilinéaire,41965,C2
triplement,41966,C2
patriotiquement,41967,C2
triploïde,41968,C2
trisomie,41969,C2
pavoisement,41971,C2
tromboniste,41973,C2
trypsine,41977,C2
pelleterie,41978,C2
pelliculaire,41979,C2
tubérosité,41986,C2
pentélique,41988,C2
tumescent,41990,C2
turboréacteur,41992,C2
perchiste,41993,C2
perdurable,41994,C2
perestroïka,41996,C2
perfectibilité,41997,C2
tympanique,41998,C2
tégumentaire,42000,C2
télécinéma,42001,C2
persévéramment,42002,C2
télépathiquement,42009,C2
peupleraie,42013,C2
télésurveillance,42014,C2
phalangine,42016,C2
télévendeur,42018,C2
télévente,42020,C2
ulnaire,42030,C2
phonatoire,42031,C2
ultraléger,42032,C2
phonéticien,42033,C2
unau,42035,C2
unguéal,42037,C2
unicorne,42038,C2
universaliste,42041,C2
updater,42044,C2
phénique,42046,C2
urologique,42048,C2
vaccinal,42052,C2
vacuole,42053,C2
vacuolisation,42055,C2
vagotomie,42058,C2
picturalement,42060,C2
valeureusement,42062,C2
pilifère,42068,C2
variétal,42071,C2
pilum,42072,C2
pinceur,42074,C2
vasodilatateur,42076,C2
vasodilatation,42077,C2
piperade,42083,C2
ventail,42087,C2
verbatim,42089,C2
pisciforme,42090,C2
pissaladière,42091,C2
vermifuge,42092,C2
vernaculaire,42094,C2
vernal,42095,C2
versification,42097,C2
verticille,42098,C2
pive,42100,C2
vidicon,42104,C2
piétiste,42105,C2
viduité,42106,C2
vidéophonie,42108,C2
plausiblement,42115,C2
visioconférence,42122,C2
visiophone,42123,C1
pleuvioter,42124,C2
plisseur,42126,C2
vitellin,42127,C2
vivification,42131,C2
pluviométrique,42135,C2
volatilisation,42136,C2
volcanologique,42137,C2
pneumatophore,42139,C2
pneumopathie,42140,C2
voltairien,42141,C2
voltaïque,42143,C2
volumique,42145,C2
volémie,42147,C2
poisson-pilote,42156,C2
végétalisme,42157,C2
poliorcétique,42158,C2
véliplanchiste,42159,C2
vélocement,42161,C2
vénéréologie,42163,C2
pollinique,42165,C2
polyandre,42166,C2
white-spirit,42167,C2
polyculture,42168,C2
wintergreen,42170,C2
wishbone,42171,C2
polytonal,42172,C2
polytonalité,42174,C2
pompiérisme,42177,C2
xénogreffe,42178,C2
xérographie,42179,C2
xérographique,42180,C2
youtre,42186,C2
zanzibar,42189,C2
zaïrois,42191,C2
zester,42192,C2
zouk,42200,C2
porte-coton,42201,C2
porte-couteau,42204,C2
échographiste,42212,C2
écholocation,42214,C2
éclaircissage,42216,C2
écologiquement,42218,C2
écosphère,42221,C2
égalable,42228,C2
élasticimétrie,42232,C2
poudrette,42233,C2
électrobiologie,42234,C2
électrologie,42235,C2
poujadisme,42236,C2
électronucléaire,42237,C2
éléphantiasique,42242,C2
émulsifiant,42247,C2
émulsifier,42249,C2
émétine,42251,C2
éosine,42256,C2
épendyme,42260,C2
épicondyle,42263,C2
primidi,42264,C2
épigastrique,42265,C2
épileptiforme,42268,C2
procommuniste,42274,C2
épithélioma,42275,C2
époxyde,42279,C2
équeuter,42281,C2
éreinteur,42285,C2
prophétiquement,42286,C2
prosodique,42290,C2
éthologue,42291,C2
prosoviétique,42292,C2
éthérique,42293,C2
prosélytique,42295,C2
étirable,42296,C2
étouffe-chrétien,42297,C2
protéolytique,42299,C2
proudhonisme,42300,C2
évangélisation,42301,C2
provincialement,42304,C2
prurigo,42307,C2
prédigestion,42311,C2
préfacier,42312,C2
préformation,42313,C2
préhistorien,42314,C2
prépotence,42318,C2
prérévolutionnaire,42321,C2
prêtraille,42322,C2
pschent,42325,C2
publicitairement,42330,C2
pudicité,42332,C2
pugilistique,42334,C2
puisatier,42335,C1
pulmonique,42337,C2
pulvérulence,42339,C2
purificatoire,42341,C2
pyramidalement,42342,C2
pyramidé,42343,C2
pyrrhonien,42345,C2
pyrèthre,42346,C2
pyrénéen,42347,A1
pythagoricien,42349,C2
pâquis,42350,C2
péagiste,42355,C2
péan,42356,C2
pécuniairement,42359,C2
pécunieux,42360,C2
pédantesque,42361,C2
pédonculé,42363,C2
quadriréacteur,42372,C1
quadrumane,42374,C2
qualifiable,42375,C2
quarante-troisième,42376,C2
quartidi,42378,C2
quintaine,42404,C2
quintidi,42405,C2
quiétiste,42408,C2
quotité,42409,C2
radiotélégraphie,42416,C2
radja,42417,C2
radoubeur,42418,C2
radoucissement,42419,C2
railway,42422,C2
ranimation,42427,C2
raphaélesque,42430,C2
raphé,42431,C2
rarissimement,42434,C2
ravennate,42441,C2
rebourrer,42448,C2
reclure,42454,C2
recomposition,42458,B1
recopiage,42461,C2
rejetable,42466,C2
relaisser,42467,C2
relevailles,42469,C2
rentabilisation,42479,C2
replantation,42483,C2
reproductible,42484,C2
rescision,42486,C2
resplendissement,42487,C2
retroussage,42492,C2
rhombe,42498,C2
riboter,42501,C2
rimbaldien,42506,C2
rinforzando,42509,C2
ripuaire,42511,C2
risiblement,42512,C2
ritualisation,42514,C2
roman-fleuve,42522,C2
romancero,42523,C2
romanisation,42525,C2
rouergat,42533,C2
rousserolle,42540,C2
rubican,42542,C2
râlement,42547,C2
réengagement,42557,C2
réformation,42558,C2
régionaliser,42560,C2
réticulation,42564,C2
rééchelonnement,42570,C2
sacralisation,42573,C2
sagum,42576,C2
saleur,42583,C2
salicorne,42585,C2
salpêtrière,42589,C2
salutairement,42590,C2
saphisme,42596,C2
sapidité,42597,C2
sarclage,42600,C2
sardoine,42601,C2
sardoniquement,42602,C2
saturnisme,42606,C2
saumoneau,42608,C2
saurien,42609,C2
saute-ruisseau,42611,C2
schako,42618,C2
schématisme,42621,C2
secouement,42624,C2
secrétairerie,42625,C2
sensationnellement,42629,C2
sensorialité,42630,C2
sensualiste,42631,C2
sensément,42632,C2
septembriseur,42635,C2
septidi,42636,C2
serpentaire,42641,C2
serpentiforme,42643,C2
sertissage,42644,C2
sextidi,42647,C2
shintoïsme,42648,C2
shéol,42651,C2
sibilant,42653,C2
silésien,42654,C2
similairement,42655,C2
simoniaque,42656,C2
sinologie,42658,C2
sinueusement,42659,C2
siphonnage,42660,C2
skating,42663,C2
slang,42664,C2
slavisme,42665,C2
slavon,42666,C2
sloughi,42667,C2
smaragdin,42668,C2
sociologiquement,42673,C2
soixante-dix-neuvième,42677,C2
somnambuliquement,42682,C2
sonorement,42684,C2
sostenuto,42687,C2
soupçonnable,42692,C2
sous-diacre,42694,C2
soutirage,42699,C2
soyeusement,42700,C2
sphéricité,42704,C2
spinozisme,42706,C2
spiraler,42707,C2
spumosité,42711,C2
spécieusement,42712,C2
stablement,42713,C2
stakhanoviste,42714,C2
standardisation,42716,C2
stendhalien,42721,C2
stercoraire,42722,C2
stigma,42723,C2
stratigraphique,42724,C2
strontiane,42725,C2
structuralement,42726,C2
studette,42727,C2
sténodactylographie,42729,C2
stéréoscopie,42730,C2
stéréotypie,42731,C2
subcarpatique,42733,C2
subjectiviste,42734,C2
subsidiairement,42737,C2
substruction,42738,C2
subvertir,42739,C2
suffète,42741,C2
superfin,42745,C2
superlativement,42748,C2
supin,42749,C2
supposable,42750,C2
suractivité,42752,C2
suralimentation,42753,C2
surhumanité,42758,C2
surintendance,42760,C2
suroxygéné,42762,C2
sybaritisme,42766,C2
syllepse,42767,C2
synchronie,42768,C2
systématisation,42773,C2
séborrhée,42775,C2
sébum,42776,C2
sédentarisation,42778,C2
sélénographie,42781,C2
sémillon,42782,C2
sémiologue,42783,C2
sénilement,42785,C2
séreux,42786,C2
séton,42787,C2
tablature,42789,C2
taillandier,42794,C2
talentueusement,42795,C2
talmouse,42798,C2
talonneur,42799,C2
tamanoir,42800,C2
tambourineur,42802,C2
tangentiel,42803,C2
tangérois,42804,C2
tarlatane,42813,C2
taupicide,42816,C2
taxinomique,42819,C2
taylorisme,42820,C2
technocratique,42823,C1
technocratisme,42824,C2
temporisateur,42825,C2
terminologique,42827,C2
territorialement,42828,C2
thalweg,42831,C2
thanatologique,42832,C2
thaumaturgie,42833,C2
thermoformage,42834,C2
thébaïne,42835,C2
thématiquement,42836,C2
théosophique,42837,C2
tiers-mondisme,42841,C2
timbrage,42844,C2
tolstoïen,42853,C2
totalisation,42857,C2
toulonnais,42859,C2
trachéite,42868,C2
transafricain,42873,C2
transcaspien,42874,C2
transylvain,42878,C2
trente-et-unième,42883,C2
trente-quatrième,42884,C2
triangulairement,42885,C2
tridi,42889,C2
triforium,42890,C2
triode,42892,C2
triplace,42894,C2
tripode,42895,C2
trochaïque,42901,C2
trope,42903,C2
troussequin,42905,C2
tumultuaire,42910,C2
télémark,42916,C2
téléphonage,42917,C2
ténébrionidé,42918,C2
tétanisation,42919,C2
ultrafin,42928,C2
ultragauche,42929,C2
unanimisme,42931,B1
uniate,42932,C2
urane,42933,C2
uranisme,42934,C2
urographie,42936,C2
utilitarisme,42939,C2
uxorilocal,42940,C2
varapper,42946,C2
varappeur,42947,C2
variorum,42948,C2
vendômois,42954,C2
venimeusement,42955,C2
vernier,42958,C2
versificateur,42959,C2
versifier,42960,C2
viandard,42963,C2
vichysme,42964,C2
vicinalité,42965,C2
vigousse,42969,C2
ville-dortoir,42970,C2
vindicativement,42971,C2
vinylique,42972,C2
virginalement,42975,C2
vocalique,42983,C2
voiturin,42984,C2
volapük,42985,C2
vraquier,42992,C2
vulcanisation,42994,C1
vulnéraire,42996,C2
vulpin,42998,C2
vélique,42999,C2
you-you,43008,C2
zain,43009,C2
zemstvo,43011,C2
zingage,43012,C2
zonal,43014,C2
zorille,43015,C2
zoroastrien,43016,C2
zygoma,43017,C2
économisme,43030,C2
écrouelles,43034,C2
égalitarisme,43035,C2
électoralement,43038,C2
électroacoustique,43040,C2
électrodynamique,43041,C2
éonisme,43046,C2
épatement,43048,C2
épine-vinette,43055,C2
épiphénomène,43057,C2
épistémologique,43058,C2
éponyme,43061,C2
époussetage,43063,C2
épulie,43064,C2
équilibrisme,43066,C2
étisie,43068,C2
éventrement,43074,C2
